l_french:
 cn_konstantiniyye: "Konstantiniyye"
 cn_konstantiniyye_adj: "konstantiniyyienne"
 cn_bratislava: "Bratislava"
 cn_bratislava_adj: "bratislavan"
 cn_pressburg: "Pressburg"
 cn_pressburg_adj: "pressburgienne"
 cn_waithali: "Waithali"
 cn_waithali_adj: "waithalienne"
 cn_danzig: "Danzig"
 cn_danzig_adj: "danziger"
 cn_konigsberg: "Königsberg"
 cn_konigsberg_adj: "königsbergeoise"
 cn_dorpat: "Dorpat"
 cn_dorpat_adj: "dorpatienne"
 cn_pernau: "Pernau"
 cn_pernau_adj: "pernau"
 cn_parnawa: "Parnawa"
 cn_parnawa_adj: "parnawan"
 cn_pernu: "Pernu"
 cn_pernu_adj: "pernu"
 cn_U_xkU_ll: "Üxküll"
 cn_U_xkU_ll_adj: "üxküllienne"
 cn_yxkull: "Yxkull"
 cn_yxkull_adj: "yxkullienne"
 cn_ikS_kila: "Ikškila"
 cn_ikS_kila_adj: "ikškilan"
 cn_ikS_kile: "Ikškile"
 cn_ikS_kile_adj: "ikškilienne"
 cn_lemsahl: "Lemsahl"
 cn_lemsahl_adj: "lemsahlienne"
 cn_salismunde: "Salismünde"
 cn_salismunde_adj: "salismündienne"
 cn_lemsal: "Lemsal"
 cn_lemsal_adj: "lemsalienne"
 cn_kokenhusen: "Kokenhusen"
 cn_kokenhusen_adj: "kokenhusen"
 cn_kukeinos: "Kukeinos"
 cn_kukeinos_adj: "kukeinosienne"
 cn_koknese: "Koknese"
 cn_koknese_adj: "koknesienne"
 cn_gerzika: "Gerzika"
 cn_gerzika_adj: "gerzikan"
 cn_gardinas: "Gardinas"
 cn_gardinas_adj: "gardinasienne"
 cn_krolewiec: "Królewiec"
 cn_krolewiec_adj: "królewiecienne"
 #Britain
 cn_alba: "Alba"
 cn_alba_adj: "alban"
 cn_pictland: "Pictland"
 cn_pictland_adj: "picte"
 cn_pictavia: "Pictavie"
 cn_pictavia_adj: "pictavienne"
 cn_jorvik: "Jórvík"
 cn_jorvik_adj: "jórvík"
 cn_jarnamoda: "Jarnamóða"
 cn_jarnamoda_adj: "járnamóðan"
 cn_linn: "Linn"
 cn_linn_adj: "linnsey"
 cn_lindsey: "Lindsey"
 cn_lindsey_adj: "lindsey"
 cn_deira: "Deira"
 cn_deira_adj: "deiran"
 cn_deifr: "Deifr"
 cn_deifr_adj: "deifr"
 cn_rheged: "Rheged"
 cn_rheged_adj: "rhegedienne"
 cn_bernicia: "Bernicia"
 cn_bernicia_adj: "bernicienne"
 cn_bryneich: "Bryneich"
 cn_bryneich_adj: "bryneich"
 cn_gododdin: "Gododdin"
 cn_gododdin_adj: "gododdin"
 cn_galloway: "Galloway"
 cn_galloway_adj: "gallovidienne"
 cn_alclud: "Alclud"
 cn_alclud_adj: "alclud"
 cn_alt_clut: "Alt Clut"
 cn_norroy: "Norroy"
 cn_norroy_adj: "norroyal"
 cn_aeron: "Aeron"
 cn_aeron_adj: "aeron"
 cn_galwyddel: "Galwyddel"
 cn_galwyddel_adj: "galwyddellienne"
 cn_galvei: "Galvei"
 cn_galvei_adj: "galvei"
 cn_circinn: "Circinn"
 cn_circinn_adj: "circinn"
 cn_eryri: "Eryri"
 cn_eryri_adj: "eryrienne"
 cn_east_seaxe: "East Seaxe"
 cn_east_seaxe_adj: "east saxon"
 cn_middle_seaxe: "Middle Seaxe"
 cn_middle_seaxe_adj: "middle saxon"
 cn_south_seaxe: "South Seaxe"
 cn_south_seaxe_adj: "south saxon"
 cn_llundein: "Llundein"
 cn_llundein_adj: "llundein"
 cn_londinium: "Londinium"
 cn_londinium_adj: "londinium"
 cn_lunden: "Lunden"
 cn_lunden_adj: "lunden"
 cn_londres: "Londres"
 cn_londres_adj: "londres"
 cn_lunnon: "Lunnon"
 cn_lunnon_adj: "lunnon"
 cn_suthweorc: "Suthweorc"
 cn_suthweorc_adj: "suthweorc"
 cn_colenceaster: "Colenceaster"
 cn_colenceaster_adj: "colenceaster"
 cn_bedanford: "Bedanford"
 cn_bedanford_adj: "bedanford"
 cn_herutford: "Herutford"
 cn_herutford_adj: "herutfordienne"
 cn_buccingahamm: "Buccingahamm"
 cn_buccingahamm_adj: "buccingahamm"
 cn_bebbanburg: "Bebbanburg"
 cn_bebbanburg_adj: "bebbanburgienne"
 cn_dunholm: "Dunholm"
 cn_dunholm_adj: "dunholm"
 cn_duresm: "Duresm"
 cn_duresm_adj: "duresm"
 cn_cumbraland: "Cumbraland"
 cn_caer_luel: "Caer Luel"
 cn_caer_luel_adj: "caer luel"
 cn_cathair_luail: "Cathair Luail"
 cn_cathair_luail_adj: "cathair luail"
 cn_carleol: "Carleol"
 cn_carleol_adj: "carleol"
 cn_ulfreksfjordr: "Úlfreksfjörðr"
 cn_ulfreksfjordr_adj: "úlfreksfjörðrienne"
 cn_din_guarie: "Din Gaurie"
 cn_din_guarie_adj: "din gaurie"
 cn_medcaut: "Medcaut"
 cn_medcaut_adj: "medcaut"
 cn_efrog: "Efrog"
 cn_efrog_adj: "efrog"
 cn_eoforwic: "Eoforwic"
 cn_eoforwic_adj: "eoforwic"
 cn_poclintun: "Poclintun"
 cn_poclintun_adj: "poclintun"
 cn_leodis: "Leodis"
 cn_leodis_adj: "leodis"
 cn_ladenses: "Ladenses"
 cn_ladenses_adj: "ladensienne"
 cn_elmet: "Elmet"
 cn_elmet_adj: "elmetienne"
 cn_cardiganshire: "Cardiganshire"
 cn_cardigan: "Cardigan"
 cn_merionethshire: "Merionethshire"
 cn_caernarvonshire: "Caernarvonshire"
 cn_anglesey: "Anglesey"
 cn_holyhead: "Holyhead"
 cn_denbighshire: "Denbighshire"
 cn_denbigh: "Denbigh"
 cn_wrexham: "Wrexham"
 cn_ruthin: "Ruthin"
 cn_montgomeryshire: "Montgomeryshire"
 cn_welshpool: "Welshpool"
 cn_newtown: "Newtown"
 cn_radnorshire: "Radnorshire"
 cn_llandrindod_wells: "Llandrindod Wells"
 cn_rhayader: "Rhayader"
 cn_arcenefelde: "Arcenefelde"
 cn_hennffordd: "Hennffordd"
 cn_carmarthenshire: "Carmarthenshire"
 cn_carmarthen: "Carmarthen"
 cn_llandovery: "Llandovery"
 cn_pembrokeshire: "Pembrokeshire"
 cn_pembroke: "Pembroke"
 cn_st_davids: "St. Davids"
 cn_fiscard: "Fiscard"
 cn_glamorgan: "Glamorgan"
 cn_cardiff: "Cardiff"
 cn_swansea: "Swansea"
 cn_caerphilly: "Caerphilly"
 cn_monmouthshire: "Monmouthshire"
 cn_caerleon: "Caerleon"
 cn_monmouth: "Monmouth"
 cn_brecknockshire: "Brecknockshire"
 cn_brecknock: "Brecknock"
 #Pomerania
 cn_szczecin: "Szczecin"
 cn_szczecin_adj: "szczecinienne"
 cn_wkryujscie: "Wkryujście"
 cn_wkryujscie_adj: "wkryujścienne"
 cn_mysliborz: "Myślibórz"
 cn_mysliborz_adj: "myślibórzienne"
 cn_drezdenko: "Drezdenko"
 cn_drezdenko_adj: "drezdenkan"
 cn_choszczno: "Choszczno"
 cn_choszczno_adj: "choszczno"
 cn_krzyz: "Krzyż"
 cn_krzyz_adj: "krzyżienne"
 cn_gdansk: "Gdańsk"
 cn_gdansk_adj: "gdańskienne"
 cn_lebno: "Łebno"
 cn_lebno_adj: "łebno"
 cn_czarne: "Czarne"
 cn_czarne_adj: "czarne"
 cn_stettin: "Stettin"
 cn_stettin_adj: "stettinienne"
 cn_greifenhagen: "Greifenhagen"
 cn_greifenhagen_adj: "greifenhagenienne"
 cn_kolberg: "Kolberg"
 cn_kolberg_adj: "kolbergienne"
 cn_swinemunde: "Swinemünde"
 cn_swinemunde_adj: "swinemündan"
 cn_labes: "Labes"
 cn_labes_adj: "labesienne"
 cn_schneidemuhl: "Schneidemühl"
 cn_schneidemuhl_adj: "schneidemühlienne"
 cn_zoppot: "Zoppot"
 cn_zoppot_adj: "zoppotienne"
 cn_grossendorf: "Grossendorf"
 cn_grossendorf_adj: "grossendorfienne"
 cn_dirschau: "Dirschau"
 cn_dirschau_adj: "dirschaun"
 cn_stolp: "Stolp"
 cn_stolp_adj: "stolpienne"
 cn_koslin: "Köslin"
 cn_koslin_adj: "köslinienne"
 cn_butow: "Bütow"
 cn_butow_adj: "bütow"
 cn_rummelsburg: "Rummelsburg"
 cn_rummelsburg_adj: "rummelsbourgeoise"
 #Prussia
 cn_braniewo: "Braniewo"
 cn_braniewo_adj: "braniewan"
 cn_holstin: "Holstin"
 cn_holstin_adj: "holstinienne"
 cn_orneta: "Orneta"
 cn_orneta_adj: "ornetan"
 cn_morag: "Morąg"
 cn_morag_adj: "morągienne"
 cn_bartoszyce: "Bartoszyce"
 cn_bartoszyce_adj: "bartoszycienne"
 cn_wystruc: "Wystruć"
 cn_wystruc_adj: "wystrućienne"
 cn_ketrzyn: "Kętrzyn"
 cn_ketrzyn_adj: "kętrzynienne"
 cn_chelm: "Chełm"
 cn_chelm_adj: "chełmienne"
 cn_grudziadz: "Grudziądz"
 cn_grudziadz_adj: "grudziądzienne"
 cn_ostroda: "Ostróda"
 cn_ostroda_adj: "ostródan"
 cn_ilawa: "Iława"
 cn_ilawa_adj: "iławan"
 cn_wegobork: "Węgobork"
 cn_wegobork_adj: "węgobork"
 cn_lec: "Lec"
 cn_lec_adj: "lec"
 cn_lek: "Łek"
 cn_lek_adj: "łek"
 cn_marienburg: "Marienburg"
 cn_marienburg_adj: "marienbourgeoise"
 cn_elbing: "Elbing"
 cn_elbing_adj: "elbing"
 cn_brodnica_strasburg: "Strasbourg"
 cn_brodnica_strasburg_adj: "strasbourgeoise"
 #Italy
 cn_merano: "Merano"
 cn_merano_adj: "merano"
 #Polabia & Lubusz
 cn_polabia: "Polabie"
 cn_polabia_adj: "polabe"
 cn_lebus: "Lebus"
 cn_lebus_adj: "lebuser"
 cn_oderfrankfurt: "Oderfrankfurt"
 cn_oderfrankfurt_adj: "oderfrankfurter"
 cn_zielenzig: "Zielenzig"
 cn_zielenzig_adj: "zielenziger"
 cn_reppen: "Reppen"
 cn_reppen_adj: "reppener"
 cn_barsc: "Baršć"
 cn_barsc_adj: "baršć"
 cn_blota: "Błota"
 cn_blota_adj: "błotan"
 #Greater Poland to German
 cn_grosspolen: "Großpolen"
 cn_grosspolen_adj: "großpolener"
 cn_posen: "Posen"
 cn_posen_adj: "posener"
 cn_meseritz: "Meseritz"
 cn_meseritz_adj: "meseritzer"
 cn_scharnikau: "Scharnikau"
 cn_scharnikau_adj: "scharnikauer"
 cn_wronke: "Wronke"
 cn_wronke_adj: "wronker"
 cn_wollstein: "Wollstein"
 cn_wollstein_adj: "wollsteiner"
 cn_gnesen: "Gnesen"
 cn_gnesen_adj: "gnesener"
 cn_schroda: "Schroda"
 cn_schroda_adj: "schrodan"
 cn_peisern: "Peisern"
 cn_peisern_adj: "peiserner"
 cn_kalisch: "Kalisch"
 cn_kalisch_adj: "kalischer"
 cn_koschmin: "Koschmin"
 cn_koschmin_adj: "koschminer"
 cn_fraustadt: "Fraustadt"
 cn_fraustadt_adj: "fraustadter"
 cn_kosten: "Kosten"
 cn_kosten_adj: "kostener"
 cn_schrimm: "Schrimm"
 cn_schrimm_adj: "schrimmer"
 cn_nakel: "Nakel"
 cn_nakel_adj: "nakeler"
 cn_flatow: "Flatow"
 cn_flatow_adj: "flatower"
 cn_znin: "Znin"
 cn_znin_adj: "zniner"
 #Rus
 cn_hrodna: "Hrodna"
 cn_hrodna_adj: "hrodnan"
 cn_gardariki: "Garðariki"
 cn_gardariki_adj: "garðarikienne"
 cn_wolyn: "Wołyń"
 cn_wolyn_adj: "wołyńienne"
 cn_wlodzimierz: "Włodzimierz"
 cn_wlodzimierz_adj: "włodzimierzienne"
 cn_luck: "Łuck"
 cn_luck_adj: "łuckienne"
 cn_kowel: "Kowel"
 cn_kowel_adj: "kowelienne"
 cn_rozyszcze: "Rożyszcze"
 cn_rozyszcze_adj: "rożyszczeienne"
 cn_peresopnica: "Peresopnica"
 cn_peresopnica_adj: "peresopnican"
 cn_rowne: "Równe"
 cn_rowne_adj: "równe"
 cn_klewan: "Klewań"
 cn_klewan_adj: "klewańienne"
 cn_brzesc: "Brześć"
 cn_brzesc_adj: "brześćienne"
 cn_kamieniec: "Kamieniec"
 cn_kamieniec_adj: "kamieniecienne"
 cn_siemiatycze: "Siemiatycze"
 cn_siemiatycze_adj: "siemiatycze"
 cn_drohiczyn: "Drohiczyn"
 cn_drohiczyn_adj: "drohiczynienne"
 cn_drohicinas: "Drohičinas"
 cn_drohicinas_adj: "drohičinasienne"
 cn_kobryn: "Kobryń"
 cn_kobryn_adj: "kobryńienne"
 cn_kobrynas: "Kobrynas"
 cn_kobrynas_adj: "kobrynasienne"
 cn_halicz: "Halicz"
 cn_halicz_adj: "haliczienne"
 cn_halytsch: "Halytsch"
 cn_halytsch_adj: "halytschienne"
 cn_halici: "Halici"
 cn_halici_adj: "halicienne"
 cn_sambor: "Sambor"
 cn_sambor_adj: "samborienne"
 cn_kolomyja: "Kołomyja"
 cn_kolomyja_adj: "kołomyjan"
 cn_kolomea: "Kolomea"
 cn_kolomea_adj: "kolomean"
 cn_colomeea: "Colomeea"
 cn_colomeea_adj: "colomeean"
 cn_lwow: "Lwów"
 cn_lwow_adj: "lwówienne"
 cn_lemberg: "Lemberg"
 cn_lemberg_adj: "lembergienne"
 cn_liov: "Liov"
 cn_liov_adj: "liovienne"
 cn_dzwinogrod: "Dźwinogród"
 cn_dzwinogrod_adj: "dźwinogródienne"
 cn_zvenihorod: "Zvenîhorod"
 cn_zvenihorod_adj: "zvenîhorodienne"
 cn_buczacz: "Buczacz"
 cn_buczacz_adj: "buczaczienne"
 cn_trembowla: "Trembowla"
 cn_trembowla_adj: "trembowlan"
 cn_grodek: "Gródek"
 cn_grodek_adj: "gródekienne"
 cn_czortkow: "Czortków"
 cn_czortkow_adj: "czortkówienne"
 cn_zaslaw: "Zasław"
 cn_zaslaw_adj: "zasławienne"
 cn_ostrog: "Ostróg"
 cn_ostrog_adj: "ostrógienne"
 cn_czerwien: "Czerwień"
 cn_czerwien_adj: "czerwieńienne"
 cn_chervenwolyn: "Wolyn"
 cn_chervenwolyn_adj: "wolynienne"
 cn_chervenchelm: "Chełm"
 cn_chervenchelm_adj: "chełmienne"
 cn_belz: "Bełz"
 cn_belz_adj: "bełzienne"
 cn_lubycza: "Lubycza"
 cn_lubycza_adj: "lubyczan"
 cn_przemysl: "Przemyśl"
 cn_przemysl_adj: "przemyślienne"
 cn_jaroslaw: "Jarosław"
 cn_jaroslaw_adj: "jarosławienne"
 cn_lezajsk: "Leżajsk"
 cn_lezajsk_adj: "leżajskienne"
 cn_konugardr_NORSE: "Könugarðr"
 cn_konugardr_NORSE_adj: "könugarðrienne"
 cn_konugard_SWE: "Könugård"
 cn_konugard_SWE_adj: "könugårdienne"
 cn_konugard_NORDAN: "Kønugård"
 cn_konugard_NORDAN_adj: "kønugårdienne"
 cn_kijow: "Kijów"
 cn_kijow_adj: "kijówienne"
 cn_kijevas: "Kijevas"
 cn_kijevas_adj: "kijevasienne"
 cn_zytomierz: "Żytomierz"
 cn_zytomierz_adj: "żytomierzienne"
 cn_zwiahel: "Zwiahel"
 cn_zwiahel_adj: "zwiahelienne"
 cn_czarnobyl: "Czarnobyl"
 cn_czarnobyl_adj: "czarnobylienne"
 cn_uszyca: "Uszyca"
 cn_uszyca_adj: "uszycan"
 cn_usita: "Ușița"
 cn_usita_adj: "ușițan"
 cn_korsun: "Korsuń"
 cn_korsun_adj: "korsuńienne"
 cn_turow: "Turów"
 cn_turow_adj: "turówienne"
 cn_turava: "Turava"
 cn_turava_adj: "turavan"
 cn_korosten: "Korosteń"
 cn_korosten_adj: "korosteńienne"
 cn_korostenis: "Korostenis"
 cn_korostenis_adj: "korostenisienne"
 cn_owrucz: "Owrucz"
 cn_owrucz_adj: "owruczienne"
 cn_dabrowica: "Dąbrowica"
 cn_dabrowica_adj: "dąbrowican"
 cn_dubrovicja: "Dubrovicja"
 cn_dubrovicja_adj: "dubrovicjan"
 cn_holmgardr: "Holmgarðr"
 cn_holmgardr_adj: "holmgarðrer"
 cn_naugardas: "Naugardas"
 cn_naugardas_adj: "naugardasienne"
 cn_aldeigjuborg: "Aldeigjuborg"
 cn_aldeigjuborg_adj: "aldeigjuborgienne"
 cn_laatokka: "Laatokka"
 cn_laatokka_adj: "laatokkan"
 cn_pskovas: "Pskovas"
 cn_pskovas_adj: "pskovasienne"
 cn_pihkova: "Pihkova"
 cn_pihkova_adj: "pihkovan"
 cn_sebez: "Sebež"
 cn_sebez_adj: "sebežienne"
 cn_sebezas: "Sebežas"
 cn_sebezas_adj: "sebežasienne"
 cn_noteborg_SWENORSE: "Nöteborg"
 cn_noteborg_SWENORSE_adj: "nöteborger"
 cn_noteborg_DANNOR: "Nøteborg"
 cn_noteborg_DANNOR_adj: "nøteborger"
 cn_schlusselburg: "Schlüsselburg"
 cn_schlusselburg_adj: "schlüsselburger"
 cn_oreshek: "Oreshek"
 cn_oreshek_adj: "oreshekienne"
 cn_tihvina: "Tihvinä"
 cn_tihvina_adj: "tihvinän"
 cn_lyda: "Lyda"
 cn_lyda_adj: "lydan"
 cn_valkaviskas: "Valkaviskas"
 cn_valkaviskas_adj: "valkaviskasienne"
 cn_wolkowysk: "Wołkowysk"
 cn_wolkowysk_adj: "wołkowyskienne"
 cn_sokulka: "Sokulka"
 cn_sokulka_adj: "sokulkan"
 cn_sokolka_PLN: "Sokółka"
 cn_sokolka_PLN_adj: "sokółkan"
 cn_balstoge: "Balstogė"
 cn_balstoge_adj: "balstogė"
 cn_bialystok: "Białystok"
 cn_bialystok_adj: "białystokienne"
 cn_naugardukas: "Naugardukas"
 cn_naugardukas_adj: "naugardukasienne"
 cn_nowogrodek: "Nowogródek"
 cn_nowogrodek_adj: "nowogródekienne"
 cn_slanimas: "Slanimas"
 cn_slanimas_adj: "slanimasienne"
 cn_slonim_PLN: "Słonim"
 cn_slonim_PLN_adj: "słonimienne"
 cn_pinskas: "Pinskas"
 cn_pinskas_adj: "pinskasienne"
 cn_pinsk_PLN: "Pińsk"
 cn_pinsk_PLN_adj: "pińskienne"
 cn_luniecas: "Luninecas"
 cn_luniecas_adj: "luninecasienne"
 cn_luniniec: "Łuniniec"
 cn_luniniec_adj: "łuniniecienne"
 cn_sluckas: "Sluckas"
 cn_sluckas_adj: "sluckasienne"
 cn_sluck: "Słuck"
 cn_sluck_adj: "słuckienne"
 cn_zytkavicai: "Žytkavičai"
 cn_zytkavicai_adj: "žytkavičaienne"
 cn_zydkowicze: "Żydkowicze"
 cn_zydkowicze_adj: "żydkowicze"
 cn_mikasevicai: "Mikaševičai"
 cn_mikasevicai_adj: "mikaševičaienne"
 cn_mikaszewicze: "Mikaszewicze"
 cn_mikaszewicze_adj: "mikaszewicze"
 cn_kleckas: "Kleckas"
 cn_kleckas_adj: "kleckasienne"
 cn_kleck: "Kleck"
 cn_kleck_adj: "kleckienne"
 cn_baranoviciai: "Baranovičiai"
 cn_baranoviciai_adj: "baranovičiaienne"
 cn_baranowicze: "Baranowicze"
 cn_baranowicze_adj: "baranowicze"
 cn_babruiskas: "Babruiskas"
 cn_babruiskas_adj: "babruiskasienne"
 cn_bobrujsk: "Bobrujsk"
 cn_bobrujsk_adj: "bobrujskienne"
 cn_zlobinas: "Žlobinas"
 cn_zlobinas_adj: "žlobinasienne"
 cn_zlobin: "Żłobin"
 cn_zlobin_adj: "żłobinienne"
 cn_kalinkavicai: "Kalinkavičai"
 cn_kalinkavicai_adj: "kalinkavičaienne"
 cn_kalinkowicze: "Kalinkowicze"
 cn_kalinkowicze_adj: "kalinkowicze"
 cn_recyca: "Rečyca"
 cn_recyca_adj: "rečycan"
 cn_reczyca: "Rzeczyca"
 cn_reczyca_adj: "rzeczycan"
 cn_minskas: "Minskas"
 cn_minskas_adj: "minskasienne"
 cn_minsk_PLN: "Mińsk"
 cn_minsk_PLN_adj: "mińskienne"
 cn_lahoiskas: "Lahoiskas"
 cn_lahoiskas_adj: "lahoiskasienne"
 cn_lohojsk: "Łohojsk"
 cn_lohojsk_adj: "łohojskienne"
 cn_zaslavlis: "Zaslavlis"
 cn_zaslavlis_adj: "zaslavlisienne"
 cn_maladecina: "Maladečina"
 cn_maladecina_adj: "maladečinan"
 cn_molodeczno: "Mołodeczno"
 cn_molodeczno_adj: "mołodecznon"
 cn_barysavas: "Barysavas"
 cn_barysavas_adj: "barysavasienne"
 cn_borysow: "Borysów"
 cn_borysow_adj: "borysówienne"
 cn_orsa_LIT: "Orša"
 cn_orsa_LIT_adj: "oršan"
 cn_orsza: "Orsza"
 cn_orsza_adj: "orszan"
 cn_druckas: "Druckas"
 cn_druckas_adj: "druckasienne"
 cn_druck: "Druck"
 cn_druck_adj: "druckienne"
 cn_polockas: "Polockas"
 cn_polockas_adj: "polockasienne"
 cn_polock: "Połock"
 cn_polock_adj: "połockienne"
 cn_pallteskja: "Pallteskja"
 cn_pallteskja_adj: "pallteskjan"
 cn_drisa: "Drisa"
 cn_drisa_adj: "drisan"
 cn_dryssa: "Dryssa"
 cn_dryssa_adj: "dryssan"
 cn_merai: "Mėrai"
 cn_merai_adj: "mėraienne"
 cn_miory: "Miory"
 cn_miory_adj: "miory"
 cn_lukoml: "Łukoml"
 cn_lukoml_adj: "łukomlienne"
 cn_glubokas: "Glubokas"
 cn_glubokas_adj: "glubokasienne"
 cn_glebokie: "Głębokie"
 cn_glebokie_adj: "głębokie"
 cn_vitebskas: "Vitebskas"
 cn_vitebskas_adj: "vitebskasienne"
 cn_witebsk: "Witebsk"
 cn_witebsk_adj: "witebskienne"
 cn_haradokas: "Haradokas"
 cn_haradokas_adj: "haradokasienne"
 cn_horodek: "Horodek"
 cn_horodek_adj: "horodekienne"
 cn_timerovo: "Timerovo"
 cn_timerovo_adj: "timerovoean"
 cn_sarskoye_gorodishche: "Sarskoye Gorodishche"
 cn_sarskoye_gorodishche_adj: "gorodishchy"
 cn_nizhny_novgorod: "Nijni-Novgorod"
 cn_nizhny_novgorod_adj: "nizhegorodienne"
 #Caspian-Pontic steppe
 cn_zaporizhia: "Zaporojie"
 cn_zaporizhia_adj: "zaporojienne"
 cn_dzikie_pola: "Dzikie Pola"
 cn_dzikie_pola_adj: "dzikie pola"
 cn_dykra: "Dykra"
 cn_dykra_adj: "dykran"
 cn_etelkoz: "Etelköz"
 cn_etelkoz_adj: "etelközi"
 cn_new_england: "Nouvelle-Angleterre"
 cn_new_england_adj: "néo-anglaise"
 cn_jedisan: "Jedisan"
 cn_jedisan_adj: "jedisani"
 cn_jedysan: "Jedysan"
 cn_jedysan_adj: "jedysani"
 cn_edisan: "Edisan"
 cn_edisan_adj: "edisani"
 #Volga-Ural
 #Many of those are fictional flavour names to avoid "too russian sounding" names for some settlements when held by volga-finnic or turkic mostly
 cn_sirevel_e: "Sirevel’e"
 cn_sirevel_e_adj: "sirevel’ean"
 cn_tumolaj: "Tumoläj"
 cn_tumolaj_adj: "tumoläj"
 cn_sedvel: "Sedvel"
 cn_sedvel_adj: "sedvelienne"
 cn_vernakuzo: "Vernakuzo"
 cn_vernakuzo_adj: "vernakuzan"
 cn_voronej: "Voronej"
 cn_voronej_adj: "voroneji"
 cn_varakavir: "Varakavir"
 cn_varakavir_adj: "varakaviri"
 cn_tundokev: "Tundokev"
 cn_tundokev_adj: "tundokevi"
 cn_burtasia: "Burtasia"
 cn_burtasia_adj: "burtas"
 cn_saratau: "Saratau"
 cn_saratau_adj: "saratau"
 cn_burtas: "Burtas"
 cn_burtas_adj: "burtas"
 cn_insaravar: "Insaravär"
 cn_insaravar_adj: "insaraväri"
 cn_sijabije: "Sijabije"
 cn_sijabije_adj: "sijabijei"
 cn_krasnan: "Krasnan"
 cn_krasnan_adj: "krasnani"
 cn_okhan: "Okhan"
 cn_okhan_adj: "okhani"
 cn_bisserk: "Bisserk"
 cn_bisserk_adj: "bisserki"
 cn_kleno: "Kleno"
 cn_kleno_adj: "kleno"
 cn_gichans: "Gichans"
 cn_gichans_adj: "gichansi"
 cn_solika: "Solika"
 cn_solika_adj: "solikan"
 cn_votkhar: "Votkhar"
 cn_votkhar_adj: "votkhari"
 cn_krasnok: "Krasnok"
 cn_krasnok_adj: "krasnoki"
 cn_kirov: "Kirov"
 cn_kirov_adj: "kirovi"
 cn_yeldia: "Yeldia"
 cn_yeldia_adj: "yeldienne"
 cn_tabyn: "Tabyn"
 cn_tabyn_adj: "tabyni"
 cn_malaurala: "Malaurala"
 cn_malaurala_adj: "malaurala"
 cn_yuldyba: "Yuldyba"
 cn_yuldyba_adj: "yuldyba"
 cn_achich: "Achich"
 cn_achich_adj: "achichi"
 cn_zlat: "Zlat"
 cn_zlat_adj: "zlati"
 cn_yuman: "Yuman"
 cn_yuman_adj: "yumani"
 cn_ozera: "Ozera"
 cn_ozera_adj: "ozeran"
 cn_alapa: "Alapa"
 cn_alapa_adj: "alapan"
 cn_kamyk: "Kamyk"
 cn_kamyk_adj: "kamyki"
 cn_chadra: "Chadra"
 cn_chadra_adj: "chadran"
 cn_baklana: "Baklana"
 cn_baklana_adj: "baklanan"
 cn_chelab: "Chelab"
 cn_chelab_adj: "chelabi"
 #Mongolia
 cn_kuznetsk: "Kuznetsk"
 cn_udinsk: "Udinsk"
 cn_irkutsk: "Irkutsk"
 cn_gorlog: "Gorlog"
 cn_kim_sug: "Kim Sug"
 cn_krasnoyarsk: "Krasnoyarsk"
 cn_kansk: "Kansk"
 cn_chuna_valley: "Vallée Chuna"
 cn_chuna: "Chuna"
 cn_bratsk: "Bratsk"
 cn_eulkhe: "Eülkhe"
 cn_lena: "Lena"
 cn_angar: "Angar"
 #Northern Isles
 cn_nordreyjar_article: ""
 cn_nordreyjar: "Norðreyjar"
 cn_nordreyjar_adj: "norðreyjer"
 cn_kirkuvag: "Kirkjuvágr"
 cn_kirkuvag_adj: "kirkjuváger"
 cn_kyrkovik: "Kyrkovik"
 cn_kyrkovik_adj: "kyrkoviker"
 cn_icluasctreh: "Icluasctreh"
 cn_icluasctreh_adj: "icluasctrehienne"
 cn_eglwystref: "Eglwystref"
 cn_eglwystref_adj: "eglwystrefienne"
 cn_baile_na_h_eaglais: "Baile na h-Eaglais"
 cn_baile_na_h_eaglais_adj: "baile na h-eaglaisian"
 cn_torshavn: "Tórshavn"
 cn_torshavn_adj: "tórshavner"
 cn_pirth_taran: "Pirth Taran"
 cn_pirth_taran_adj: "pirth taranian"
 cn_porth_taran: "Porth Taran"
 cn_porth_taran_adj: "porth taranian"
 cn_port_turenn: "Port Turenn"
 cn_port_turenn_adj: "port turennian"
 cn_skalavagr: "Skálavágr"
 cn_skalavagr_adj: "skálavágrer"
 cn_bachuuon_maurt: "Bachuuon Maurt"
 cn_bachuuon_maurt_adj: "bachuuon maurtian"
 cn_bachwyon_mawrty: "Bachwyon Mawrty"
 cn_bachwyon_mawrty_adj: "bachwyon mawrtyian"
 cn_batin_mortaigh: "Batin Môrtaigh"
 cn_batin_mortaigh_adj: "batin môrtaighian"
 cn_hjaltland: "Hjaltland"
 cn_hjaltland_adj: "hjaltlander"
 cn_orkneyjar: "Orkneyjar"
 cn_orkneyjar_adj: "orkneyjer"
 #Finland
 cn_raseborg: "Raseborg"
 cn_raseborg_adj: "raseborger"
 cn_veckelax: "Veckelax"
 cn_veckelax_adj: "veckelaxer"
 cn_satakunda: "Satakunda"
 cn_satakunda_adj: "satakundaer"
 cn_aland_SWE: "Åland"
 cn_aland_SWE_adj: "ålander"
 cn_ahvenanmaa: "Ahvenanmaa"
 cn_ahvenanmaa_adj: "ahvenanmaaienne"
 cn_olofsborg: "Olofsborg"
 cn_olofsborg_adj: "olofsborger"
 cn_olavsborg: "Olavsborg"
 cn_olavsborg_adj: "olavsborger"
 cn_st_michel: "St Michel"
 cn_st_michel_adj: "st michelian"
 cn_pedersore: "Pedersöre"
 cn_pedersore_adj: "pedersörer"
 cn_korsholm: "Korsholm"
 cn_korsholm_adj: "korsholmer"
 cn_kexholm: "Kexholm"
 cn_kexholm_adj: "kexholmer"
 cn_korela: "Korela"
 cn_korela_adj: "korelan"
 cn_bjorko: "Björkö"
 cn_bjorko_adj: "björköer"
 cn_beryozovskoye: "Beryozovskoye"
 cn_beryozovskoye_adj: "beryozovskoyienne"
 cn_viborg: "Viborg"
 cn_viborg_adj: "viborgienne"
 cn_wiborg: "Wiborg"
 cn_wiborg_adj: "wiborgienne"
 cn_viiburi: "Viiburi"
 cn_viiburi_adj: "viiburienne"
 cn_sordavala: "Sordavala"
 cn_sordavala_adj: "sordavalan"
 cn_serdovol: "Serdovol"
 cn_serdovol_adj: "serdovolienne"
 cn_onegaborg: "Onegaborg"
 cn_onegaborg_adj: "onegaborger"
 #Sweden
 cn_enkoping: "Enkøping"
 cn_enkoping_adj: "enkøpinger"
 cn_enkobing: "Enkøbing"
 cn_enkobing_adj: "enkøbinger"
 cn_nyokoping: "Nykøping"
 cn_nyokoping_adj: "nykøpinger"
 cn_nyokobing: "Nykøbing"
 cn_nyokobing_adj: "nykøbinger"
 cn_vesteras: "Vesterås"
 cn_vesteras_adj: "vesteråser"
 cn_lodose_NORWDAN: "Lødøse"
 cn_lodose_NORWDAN_adj: "lødøse"
 cn_falkoping_NORW: "Falkøping"
 cn_falkoping_NORW_adj: "falkøpinger"
 cn_falkobing: "Falkøbing"
 cn_falkobing_adj: "falkøbinger"
 cn_soderkoping: "Søderkøping"
 cn_soderkoping_adj: "søderkøpinger"
 cn_soderkobing: "Søderkøbing"
 cn_soderkobing_adj: "søderkøbinger"
 cn_linkoping: "Linkøping"
 cn_linkoping_adj: "linkøpinger"
 cn_linkobing: "Linkøbing"
 cn_linkobing_adj: "linkøbinger"
 cn_skaenninge: "Skænninge"
 cn_skaenninge_adj: "skænningeer"
 cn_vexjo: "Vexjø"
 cn_vexjo_adj: "vexjø"
 #Sapmi
 cn_lapland: "Lapland"
 cn_lapland_adj: "laponne"
 cn_lappland: "Lappland"
 cn_lappland_adj: "laponne"
 cn_jokkmokk: "Jokkmokk"
 cn_jokkmokk_adj: "jokkmokkienne"
 cn_asele: "Åsele"
 cn_asele_adj: "åselen"
 cn_kultsjon: "Kultsjön"
 cn_kultsjon_adj: "kultsjöner"
 cn_volgsjo: "Volgsjö"
 cn_volgsjo_adj: "volgsjön"
 cn_umea: "Umeå"
 cn_umea_adj: "umeån"
 cn_storuman: "Storuman"
 cn_storuman_adj: "storumaner"
 cn_pitea: "Piteå"
 cn_pitea_adj: "piteån"
 cn_arvidsjaur: "Arvidsjaur"
 cn_arvidsjaur_adj: "arvidsjaurer"
 cn_lulea: "Luleå"
 cn_lulea_adj: "luleån"
 cn_kalix: "Kalix"
 cn_kalix_adj: "kalixer"
 cn_tornea: "Torneå"
 cn_tornea_adj: "torneån"
 cn_tornio: "Tornio"
 cn_tornio_adj: "tornioean"
 cn_kittila: "Kittilä"
 cn_kittila_adj: "kittilän"
 cn_enare_trask: "Enare Träsk"
 cn_enare_trask_adj: "enare träskian"
 cn_inarijarvi: "Inarijärvi"
 cn_inarijarvi_adj: "inarijärvienne"
 cn_sodankyla: "Sodankylä"
 cn_sodankyla_adj: "sodankylä"
 cn_kemijarvi: "Kemijärvi"
 cn_kemijarvi_adj: "kemijärvienne"
 cn_koulajarvi: "Koulajärvi"
 cn_koulajarvi_adj: "koulajärvienne"
 cn_kemi: "Kemi"
 cn_kemi_adj: "kemienne"
 cn_kildin: "Kildin"
 cn_kildin_adj: "kildin"
 cn_voronye: "Voronye"
 cn_voronye_adj: "voronye"
 cn_pulozero: "Pulozero"
 cn_pulozero_adj: "pulozeroean"
 cn_maaselka: "Maaselkä"
 cn_maaselka_adj: "maaselkän"
 cn_pechengsky: "Pechengsky"
 cn_pechengsky_adj: "pechengskienne"
 cn_petsamo: "Petsamo"
 cn_petsamo_adj: "petsamoean"
 cn_priretjnyj: "Priretjnyj"
 cn_priretjnyj_adj: "priretjnyjienne"
 cn_suonikyla: "Suonikylä"
 cn_suonikyla_adj: "suonikylän"
 cn_motovsky: "Motovsky"
 cn_motovsky_adj: "motovskienne"
 cn_muotka: "Muotka"
 cn_muotka_adj: "muotkan"
 cn_notozero: "Notozero"
 cn_notozero_adj: "notozeroean"
 cn_nourtijarvi: "Nourtijärvi"
 cn_nourtijarvi_adj: "nourtijärvienne"
 cn_babinsky: "Babinsky"
 cn_babinsky_adj: "babinskienne"
 cn_akkala: "Akkala"
 cn_akkala_adj: "akkalan"
 cn_ekostrovsky: "Ekostrovsky"
 cn_ekostrovsky_adj: "ekostrovskienne"
 cn_girvasozero: "Girvasozero"
 cn_girvasozero_adj: "girvasozeroean"
 cn_hirvas_jarvi: "Hirvas-järvi"
 cn_hirvas_jarvi_adj: "hirvas-järvian"
 cn_lovozero: "Lovozero"
 cn_lovozero_adj: "lovozeroean"
 cn_lyavozero: "Lyavozero"
 cn_lyavozero_adj: "lyavozeroean"
 cn_varzino: "Varzino"
 cn_varzino_adj: "varzinoean"
 cn_yokanga: "Yokanga"
 cn_yokanga_adj: "yokangan"
 cn_kuroptevsky: "Kuroptevsky"
 cn_kuroptevsky_adj: "kuroptevskienne"
 cn_kamensky: "Kamensky"
 cn_kamensky_adj: "kamenskienne"
 cn_ponoy: "Ponoy"
 cn_ponoy_adj: "ponoienne"
 cn_sosnovka: "Sosnovka"
 cn_sosnovka_adj: "sosnovkan"
 #Norway and Iceland
 cn_noregr: "Noregr"
 cn_noregr_adj: "norwegian"
 cn_alfheimar: "Álfheimar"
 cn_alfheimar_adj: "álfheimer"
 cn_jamtland: "Jämtland"
 cn_jamtland_adj: "jamtlandic"
 cn_trums: "Trums"
 cn_trums_adj: "trums"
 cn_b_trums: "Trums"
 cn_oksfjord: "Yxnafjörðr"
 cn_rafsbotn: "Rafsbotn"
 cn_vardo: "Varðey"
 cn_vardo_adj: "varðey"
 cn_vargo: "Vargey"
 cn_vargo_adj: "vargey"
 cn_porsanger: "Fossangr"
 cn_kollefjord: "Kyllifjörðr"
 cn_b_vargo: "Vargey"
 cn_b_vardo: "Varðey"
 cn_finnmork: "Finnmörk"
 cn_island: "Ísland"
 #Southern Isles & Norse Scotland
 cn_katanes: "Katanes"
 cn_katanes_adj: "katanesienne"
 cn_c_katanes: "Katanes"
 cn_c_katanes_adj: "katanesienne"
 cn_vik: "Vík"
 cn_thorsa: "Þórsá"
 cn_sudrland: "Suðrland"
 cn_sudrland_adj: "suðrlander"
 cn_hjalmundalr: "Hjálmundalr"
 cn_dyrnes: "Dýrnes"
 cn_sudreyjar_article: ""
 cn_sudreyjar: "Suðreyjar"
 cn_sudreyjar_adj: "suðreyjer"
 cn_innri_sudreyjar_article: ""
 cn_innri_sudreyjar: "Innri Suðreyjar"
 cn_innri_sudreyjar_adj: "inner suðreyjer"
 cn_il: "Íl"
 cn_myl: "Mýl"
 cn_hereyjar: "Hereyjar"
 cn_ytri_sudreyjar_article: ""
 cn_ytri_sudreyjar: "Ytri Suðreyjar"
 cn_ytri_sudreyjar_adj: "outer suðreyjer"
 cn_skid: "Skíð"
 cn_ljodhus: "Ljóðhús"
 cn_vist_article: ""
 cn_vist: "Ívist"
 cn_argjall: "Argjáll"
 cn_argjall_adj: "argjáler"
 cn_mylarsund: "Mýlarsund"
 cn_kjarbarey: "Kjarbarey"
 cn_lokolofni: "Lokolofni"
 cn_dysjarstadr: "Dysjarstaðr"
 cn_mon_article: ""
 cn_mon: "Mön"
 cn_mon_adj: "manx"
 cn_c_mon_article: ""
 cn_c_mon: "Mön"
 cn_c_mon_adj: "manx"
 cn_hramsa: "Hramsá"
 cn_holmatun: "Hólmatún"
 cn_ros: "Ros"
 cn_ros_adj: "rosienne"
 cn_husavik: "Húsavík"
 cn_husavik_adj: "húsavíki"
 #Denmark
 cn_nastved: "Nästved"
 cn_nastved_adj: "nästveder"
 cn_naestved: "Næstved"
 cn_naestved_adj: "næstveder"
 cn_ahus: "Åhus"
 cn_ahus_adj: "åhuser"
 cn_avaskaer: "Avaskær"
 cn_avaskaer_adj: "avaskærer"
 cn_arhus: "Århus"
 cn_arhus_adj: "århuser"
 cn_alborg: "Ålborg"
 cn_alborg_adj: "ålborger"
 cn_heidabyr: "Heiðabyr"
 cn_heidabyr_adj: "heiðabyrer"
 cn_abenra: "Åbenrå"
 cn_abenra_adj: "åbenrån"
 cn_apenrade: "Apenrade"
 cn_apenrade_adj: "apenrader"
 #Britannia
 cn_bamborg: "Bamborg"
 cn_bamborg_adj: "bamborger"
 cn_djuraby: "Djuraby"
 cn_djuraby_adj: "djurabienne"
 cn_clun: "Clun"
 cn_clun_adj: "clunienne"
 cn_caer_gybi: "Caer Gybi"
 cn_caer_gybi_adj: "caer gybi"
 cn_dinbych: "Dinbych"
 cn_dinbych_adj: "dinbychienne"
 cn_wrecsam: "Wrecsam"
 cn_wrecsam_adj: "wrecsamienne"
 cn_rhuthun: "Rhuthun"
 cn_rhuthun_adj: "rhuthunienne"
 cn_y_trallwng: "Y Trallwng"
 cn_y_trallwng_adj: "y trallwngian"
 cn_machynlleth: "Machynlleth"
 cn_machynlleth_adj: "machynllethienne"
 cn_caerfyrddin: "Caerfyrddin"
 cn_caerfyrddin_adj: "caerfyrddinienne"
 cn_llanymddyfri: "Llanymddyfri"
 cn_llanymddyfri_adj: "llanymddyfrienne"
 cn_penfro: "Penfro"
 cn_penfro_adj: "penfro"
 cn_tyddewi: "Tyddewi"
 cn_tyddewi_adj: "tyddewienne"
 cn_abergwaun: "Abergwaun"
 cn_abergwaun_adj: "abergwaunienne"
 cn_abertawe: "Abertawe"
 cn_abertawe_adj: "abertawe"
 cn_dyflinn: "Dyflinn"
 cn_dyflinn_adj: "dyflinner"
 cn_dubhlinn: "Dubhlinn"
 cn_dubhlinn_adj: "dubhlinner"
 cn_dulyn: "Dulyn"
 cn_dulyn_adj: "dulyner"
 cn_cill_mhantain: "Cill Mhantáin"
 cn_cill_mhantain_adj: "cill mhantáinian"
 cn_cill_dara: "Cill Dara"
 cn_cill_dara_adj: "cill daran"
 cn_baile_atha_troim: "Baile Átha Troim"
 cn_baile_atha_troim_adj: "baile átha troimian"
 cn_droichead_atha: "Droichead Átha"
 cn_droichead_atha_adj: "droichead áthan"
 cn_strangfjord: "Strangfjord"
 cn_strangfjord_adj: "strangfjorder"
 cn_strangfjordr: "Strangafjörðr"
 cn_strangfjordr_adj: "strangafirðer"
 cn_dun_padraig: "Dún Pádraig"
 cn_dun_padraig_adj: "dún pádraigian"
 cn_carraig_fhearghais: "Carraig Fhearghais"
 cn_carraig_fhearghais_adj: "carraig fhearghaisian"
 cn_kerlingfjord: "Kerlingfjord"
 cn_kerlingfjord_adj: "kerlingfjorder"
 cn_kerlingfrjordr: "Kerlíngafjörðr"
 cn_kerlingfrjordr_adj: "kerlíngafirðer"
 cn_dun_dealgan: "Dún Dealgan"
 cn_dun_dealgan_adj: "dún dealganian"
 cn_ard_mhacha: "Ard Mhacha"
 cn_ard_mhacha_adj: "ard mhachan"
 cn_baile_atha_fhirdhia: "Baile Átha Fhirdhia"
 cn_baile_atha_fhirdhia_adj: "baile átha fhirdhiane"
 cn_dun_na_ngall: "Dún na nGall"
 cn_dun_na_ngall_adj: "dún na ngallienne"
 cn_rath_bhoth: "Ráth Bhoth"
 cn_rath_bhoth_adj: "ráth bhothian"
 cn_fathain: "Fathain"
 cn_fathain_adj: "fathainienne"
 cn_daire_coluimb_chille: "Daire Coluimb Chille"
 cn_daire_coluimb_chille_adj: "daire coluimb chille"
 cn_ulfkelsfjordr: "Úlfkelsfjörðr"
 cn_ulfkelsfjordr_adj: "úlfkelsfjörðr"
 cn_dun_bhun_na_gaillimhe: "Dún Bhun na Gaillimhe"
 cn_dun_bhun_na_gaillimhe_adj: "dún bhun na gaillimhe"
 cn_droim_ath_thiar: "Droim Áth Thiar"
 cn_droim_ath_thiar_adj: "droim áth thiarian"
 cn_an_longphort: "An Longphort"
 cn_an_longphort_adj: "longphortienne"
 cn_an_cabhan: "An Cabhán"
 cn_an_cabhan_adj: "cabhánienne"
 cn_veisafjord: "Veisafjord"
 cn_veisafjord_adj: "veisafjorder"
 cn_veisafjordr: "Veisafjörðr"
 cn_veisafjordr_adj: "veisafirðer"
 cn_loch_garman: "Loch Garman"
 cn_loch_garman_adj: "loch garmanienne"
 cn_inis_corthaidh: "Inis Córthaidh"
 cn_inis_corthaidh_adj: "inis córthaidhienne"
 cn_fearna_mor_maedhog: "Fearna Mór Maedhóg"
 cn_fearna_mor_maedhog_adj: "fearna mór maedhóg"
 cn_ceatharlach: "Ceatharlach"
 cn_ceatharlach_adj: "ceatharlachienne"
 cn_gabhran: "Gabhrán"
 cn_gabhran_adj: "gabhránienne"
 cn_cill_chainnigh: "Cill Chainnigh"
 cn_cill_chainnigh_adj: "cill chainnighienne"
 cn_hlymrek: "Hlymrek"
 cn_hlymrek_adj: "hlymreker"
 cn_lymrek: "Lymrek"
 cn_lymrek_adj: "lymreker"
 cn_luimneach: "Luimneach"
 cn_luimneach_adj: "luimneachienne"
 cn_inis: "Inis"
 cn_inis_adj: "inisienne"
 cn_aonach_urmhumhan: "Aonach Urmhumhan"
 cn_aonach_urmhumhan_adj: "aonach urmhumhanienne"
 cn_ros_cre: "Ros Cré"
 cn_ros_cre_adj: "ros cré"
 cn_vedrafjord: "Vedrafjord"
 cn_vedrafjord_adj: "vedrafjorder"
 cn_vedrafjordr: "Veðrafjörðr"
 cn_vedrafjordr_adj: "veðrafirðer"
 cn_port_lairge: "Port Láirge"
 cn_port_lairge_adj: "port láirge"
 cn_imleach_iubhair: "Imleach Iubhair"
 cn_imleach_iubhair_adj: "imleach iubhairienne"
 cn_cluain_meala: "Cluain Meala"
 cn_cluain_meala_adj: "cluain mealan"
 cn_corcaigh: "Corcaigh"
 cn_corcaigh_adj: "corcaighienne"
 cn_amwythig: "Amwythig"
 cn_amwythig_adj: "amwythigienne"
 #Cyprus
 cn_kibris: "Kıbrıs"
 cn_kibris_adj: "kıbrısi"
 cn_lefkosa: "Lefkoşa"
 cn_lefkosa_adj: "lefkoşa"
 cn_leymosun: "Leymosun"
 cn_leymosun_adj: "leymosunienne"
 cn_baf: "Baf"
 cn_baf_adj: "bafienne"
 cn_magusa: "Magusa"
 cn_magusa_adj: "magusan"
 cn_kyrenia: "Kyrenia"
 cn_kyrenia_adj: "kyrenienne"
 cn_girne: "Girne"
 cn_girne_adj: "girne"
 #Anatolia
 cn_iznik: "İznik"
 cn_iznik_adj: "izniki"
 cn_aydincik: "Aydıncıḳ"
 cn_aydincik_adj: "aydıncıḳi"
 cn_uluabat: "Uluabat"
 cn_uluabat_adj: "uluabati"
 cn_misya: "Misya"
 cn_misya_adj: "misyan"
 cn_mihalic: "Mihaliç"
 cn_mihalic_adj: "mihaliçi"
 cn_alexa: "Alexa"
 cn_alexa_adj: "alexan"
 cn_golyazi: "Gölyazı"
 cn_golyazi_adj: "gölyazı"
 cn_orhaneli: "Orhaneli"
 cn_orhaneli_adj: "orhanelienne"
 cn_bursa: "Bursa"
 cn_bursa_adj: "bursan"
 cn_tahtali: "Tahtalı"
 cn_tahtali_adj: "tahtalı"
 cn_ahmetler: "Ahmetler"
 cn_ahmetler_adj: "ahmetleri"
 cn_frigya: "Frigya"
 cn_frigya_adj: "frigyan"
 cn_gordiyon: "Gordiyon"
 cn_gordiyon_adj: "gordiyoni"
 cn_harmanlar: "Harmanlar"
 cn_harmanlar_adj: "harmanlari"
 cn_sarhoyuk: "Şarhöyük"
 cn_sarhoyuk_adj: "şarhöyüki"
 cn_ballihisar: "Ballıhisar"
 cn_ballihisar_adj: "ballıhisari"
 cn_ephesos: "Ephesos"
 cn_ephesos_adj: "ephesosienne"
 cn_efes: "Efes"
 cn_efes_adj: "efesi"
 cn_iyonya: "İyonya"
 cn_iyonya_adj: "iyonyan"
 cn_izmir: "İzmir"
 cn_izmir_adj: "izmiri"
 cn_halikarnas: "Halikarnas"
 cn_halikarnas_adj: "halikarnasienne"
 cn_iasos: "Iasos"
 cn_iasos_adj: "iasosienne"
 cn_kiyikislacik: "Kıyıkışlacık"
 cn_kiyikislacik_adj: "kıyıkışlacıki"
 cn_milet: "Milet"
 cn_milet_adj: "mileti"
 cn_lebedos: "Lebedos"
 cn_lebedos_adj: "lebedosienne"
 cn_aiolis: "Aiolis"
 cn_aiolis_adj: "aiolisi"
 cn_foca: "Foça"
 cn_foca_adj: "foçan"
 cn_bergama: "Bergama"
 cn_bergama_adj: "bergaman"
 cn_adramyttion: "Adramyttion"
 cn_adramyttion_adj: "adramyttionienne"
 cn_oren: "Ören"
 cn_oren_adj: "öreni"
 cn_thrakesion: "Thrakesion"
 cn_thrakesion_adj: "thrakesionienne"
 cn_trakya: "Trakya"
 cn_trakya_adj: "trakyan"
 cn_lidya: "Lidya"
 cn_lidya_adj: "lidyan"
 cn_alasehir: "Alaşehir"
 cn_alasehir_adj: "alaşehiri"
 cn_sardis: "Sardis"
 cn_sardis_adj: "sardisi"
 cn_bage: "Bage"
 cn_bage_adj: "bage"
 cn_sivasli: "Sivaslı"
 cn_sivasli_adj: "sivaslı"
 cn_akhisar: "Akhisar"
 cn_akhisar_adj: "akhisari"
 cn_antalya: "Antalya"
 cn_antalya_adj: "antalyan"
 cn_diskaya: "Dışkaya"
 cn_diskaya_adj: "dışkayan"
 cn_dursunbey: "Dursunbey"
 cn_dursunbey_adj: "dursunbeyienne"
 cn_akcaalan: "Akçaalan"
 cn_akcaalan_adj: "akçaalanienne"
 cn_honaz: "Honaz"
 cn_honaz_adj: "honazi"
 cn_laodikeia: "Laodikeia"
 cn_laodikeia_adj: "laodikeienne"
 cn_milas: "Milas"
 cn_milas_adj: "milasi"
 cn_apameia_kibotos: "Apameia Kibotos"
 cn_apameia_kibotos_adj: "apameia kibotosi"
 cn_optimatoi: "Optimatoi"
 cn_optimatoi_adj: "optimatoienne"
 cn_bitinya: "Bitinya"
 cn_bitinya_adj: "bitinyan"
 cn_kalkedon: "Kalkedon"
 cn_kalkedon_adj: "kalkedonienne"
 cn_sile: "Şile"
 cn_sile_adj: "şile"
 cn_izmit: "İzmit"
 cn_izmit_adj: "izmiti"
 cn_tarsiye: "Tarsiye"
 cn_tarsiye_adj: "tarsiye"
 cn_konuralp: "Konuralp"
 cn_konuralp_adj: "konuralpi"
 cn_mudurnu: "Mudurnu"
 cn_mudurnu_adj: "mudurnu"
 cn_boukellarion: "Boukellarion"
 cn_boukellarion_adj: "boukellarionienne"
 cn_bukellarion: "Bukellarion"
 cn_bukellarion_adj: "bukellarioni"
 cn_karadeniz_eregli: "Karadeniz Ereğli"
 cn_karadeniz_eregli_adj: "karadeniz ereğli"
 cn_bolu: "Bolu"
 cn_bolu_adj: "bolu"
 cn_krateia: "Krateia"
 cn_krateia_adj: "krateienne"
 cn_gerede: "Gerede"
 cn_gerede_adj: "gerede"
 cn_galatlar: "Galatlar"
 cn_galatlar_adj: "galatlari"
 cn_ankara: "Ankara"
 cn_ankara_adj: "ankaran"
 cn_yassihuyuk: "Yassıhüyük"
 cn_yassihuyuk_adj: "yassıhüyüki"
 cn_balikuyumcu: "Balıkuyumcu"
 cn_balikuyumcu_adj: "balıkuyumcu"
 cn_cankiri: "Çankırı"
 cn_cankiri_adj: "çankırı"
 cn_sorsovus: "Sorsovus"
 cn_sorsovus_adj: "sorsovusi"
 cn_buyuk_nefes: "Büyük Nefes"
 cn_buyuk_nefes_adj: "büyük nefesi"
 cn_edirne: "Edirne"
 cn_edirne_adj: "edirne"
 cn_sarilar: "Sarılar"
 cn_sarilar_adj: "sarılari"
 cn_beypazari: "Beypazarı"
 cn_beypazari_adj: "beypazarı"
 cn_anatolikon: "Anatolikon"
 cn_anatolikon_adj: "anatolikonienne"
 cn_anadolu: "Anadolu"
 cn_anadolu_adj: "anadolu"
 cn_kilikia: "Kilikia"
 cn_kilikia_adj: "kilikienne"
 cn_kilikya: "Kilikya"
 cn_kilikya_adj: "kilikyan"
 cn_tarsus: "Tarsus"
 cn_tarsus_adj: "tarsusi"
 cn_adana: "Adana"
 cn_adana_adj: "adanan"
 cn_karatas: "Karataş"
 cn_karatas_adj: "karataşi"
 cn_anavarza: "Anavarza"
 cn_anavarza_adj: "anavarzan"
 cn_basmakci: "Başmakçı"
 cn_basmakci_adj: "başmakçı"
 cn_pozanti: "Pozantı"
 cn_pozanti_adj: "pozantı"
 cn_seleukia: "Seleukia"
 cn_seleukia_adj: "seleukienne"
 cn_silifke: "Silifke"
 cn_silifke_adj: "silifke"
 cn_kiz_kalesi: "Kız Kalesi"
 cn_kiz_kalesi_adj: "kız kalesi"
 cn_ninica: "Ninica"
 cn_ninica_adj: "ninican"
 cn_lykandos: "Lykandos"
 cn_lykandos_adj: "lykandosi"
 cn_sar: "Şar"
 cn_sar_adj: "şari"
 cn_afsin: "Afşin"
 cn_afsin_adj: "afşini"
 cn_goksun: "Göksun"
 cn_goksun_adj: "göksuni"
 cn_issus: "Issus"
 cn_issus_adj: "issusienne"
 cn_issos: "İssos"
 cn_issos_adj: "issosi"
 cn_hierapolis: "Hierapolis"
 cn_hierapolis_adj: "hierapolisienne"
 cn_castabala: "Castabala"
 cn_castabala_adj: "castabalan"
 cn_aegeae: "Aegeae"
 cn_aegeae_adj: "aegeaen"
 cn_yumurtalik: "Yumurtalık"
 cn_yumurtalik_adj: "yumurtalıki"
 cn_kibyrrhaiotai: "Kibyrrhaiotai"
 cn_kibyrrhaiotai_adj: "kibyrrhaiotaienne"
 cn_kibirreoton: "Kibirreoton"
 cn_kibirreoton_adj: "kibirreotonienne"
 cn_lykia: "Lykía"
 cn_lykia_adj: "lykían"
 cn_likya: "Likya"
 cn_likya_adj: "likyan"
 cn_faselis: "Faselis"
 cn_faselis_adj: "faselisi"
 cn_limira: "Limira"
 cn_limira_adj: "limiran"
 cn_oura: "Oura"
 cn_oura_adj: "ouran"
 cn_karia: "Karia"
 cn_karia_adj: "karienne"
 cn_karya: "Karya"
 cn_karya_adj: "karyan"
 cn_fethiye: "Fethiye"
 cn_fethiye_adj: "fethiye"
 cn_golhisar: "Gölhisar"
 cn_golhisar_adj: "gölhisarienne"
 cn_afrodisias: "Afrodisias"
 cn_afrodisias_adj: "afrodisiasienne"
 cn_pamfilya: "Pamfilya"
 cn_pamfilya_adj: "pamfilyan"
 cn_anamur: "Anamur"
 cn_anamur_adj: "anamurienne"
 cn_selinunte: "Selinunte"
 cn_selinunte_adj: "selinunte"
 cn_alanya: "Alanya"
 cn_alanya_adj: "alanyan"
 cn_lykaonia: "Lykaonia"
 cn_lykaonia_adj: "lykaonienne"
 cn_likaonya: "Likaonya"
 cn_likaonya_adj: "likaonyan"
 cn_konya: "Konya"
 cn_konya_adj: "konyan"
 cn_hatunsaray: "Hatunsaray"
 cn_hatunsaray_adj: "hatunsarayienne"
 cn_yunuslar: "Yunuslar"
 cn_yunuslar_adj: "yunuslari"
 cn_ladik: "Ladik"
 cn_ladik_adj: "ladikienne"
 cn_cavdarhisar: "Çavdarhisar"
 cn_cavdarhisar_adj: "çavdarhisari"
 cn_seyitgazi: "Seyitgazi"
 cn_seyitgazi_adj: "seyitgazienne"
 cn_midaion: "Midaion"
 cn_midaion_adj: "midaionienne"
 cn_karahuyuk: "Karahüyük"
 cn_karahuyuk_adj: "karahüyüki"
 cn_dorylaion: "Dorylaion"
 cn_dorylaion_adj: "dorylaionienne"
 cn_simav: "Simav"
 cn_simav_adj: "simavi"
 cn_pisidya: "Pisidya"
 cn_pisidya_adj: "pisidyan"
 cn_uluborlu: "Uluborlu"
 cn_uluborlu_adj: "uluborlu"
 cn_aglasun: "Ağlasun"
 cn_aglasun_adj: "ağlasuni"
 cn_barla: "Barla"
 cn_barla_adj: "barlan"
 cn_altinkaya: "Altınkaya"
 cn_altinkaya_adj: "altınkayan"
 cn_sagrak: "Sağrak"
 cn_sagrak_adj: "sağraki"
 cn_dalayman: "Dalayman"
 cn_dalayman_adj: "dalaymani"
 cn_bostandere: "Bostandere"
 cn_bostandere_adj: "bostandere"
 cn_beysehir: "Beyşehir"
 cn_beysehir_adj: "beyşehiri"
 cn_bati_galatya: "Batı Galatya"
 cn_bati_galatya_adj: "batı galatyan"
 cn_bolvadin: "Bolvadin"
 cn_bolvadin_adj: "bolvadini"
 cn_ilgin: "Ilgın"
 cn_ilgin_adj: "ilgıni"
 cn_hisarkoy: "Hisarköy"
 cn_hisarkoy_adj: "hisarköyienne"
 cn_yalvac: "Yalvaç"
 cn_yalvac_adj: "yalvaçi"
 cn_kiyakdede: "Kıyakdede"
 cn_kiyakdede_adj: "kıyakdede"
 cn_bozkir: "Bozkır"
 cn_bozkir_adj: "bozkıri"
 cn_karaman: "Karaman"
 cn_karaman_adj: "karamani"
 cn_kerti_huruk: "Kerti Hüyük"
 cn_kerti_huruk_adj: "kerti hüyüki"
 cn_kizilkale: "Kızılkale"
 cn_kizilkale_adj: "kızılkale"
 cn_kappadokia: "Kappadokia"
 cn_kappadokia_adj: "kappadokienne"
 cn_kapadokya: "Kapadokya"
 cn_kapadokya_adj: "kapadokyan"
 cn_kemerhisar: "Kemerhisar"
 cn_kemerhisar_adj: "kemerhisari"
 cn_ortakuyu: "Ortakuyu"
 cn_ortakuyu_adj: "ortakuyu"
 cn_aksaray: "Aksaray"
 cn_aksaray_adj: "aksaray"
 cn_nenizi: "Nenizi"
 cn_nenizi_adj: "nenizienne"
 cn_eregli: "Ereğli"
 cn_eregli_adj: "ereğlienne"
 cn_alt_galatya: "Alt Galatya"
 cn_alt_galatya_adj: "alt galatyan"
 cn_degirmenyolu: "Değirmenyolu"
 cn_degirmenyolu_adj: "değirmenyolu"
 cn_karahamzili: "Karahamzılı"
 cn_karahamzili_adj: "karahamzılı"
 cn_paflagonya: "Paflagonya"
 cn_paflagonya_adj: "paflagonyani"
 cn_amasra: "Amasra"
 cn_amasra_adj: "amasrani"
 cn_karaagac_limani: "Karaağaç Limanı"
 cn_karaagac_limani_adj: "karaağaç limanıi"
 cn_inebolu: "İnebolu"
 cn_inebolu_adj: "ineboluienne"
 cn_istifan: "Istifan"
 cn_istifan_adj: "istifanienne"
 cn_taskopru: "Taşköprü"
 cn_taskopru_adj: "taşköprüienne"
 cn_kastamonu: "Kastamonu"
 cn_kastamonu_adj: "kastamonuienne"
 cn_aday: "Aday"
 cn_aday_adj: "adayienne"
 cn_candere: "Candere"
 cn_candere_adj: "candere"
 cn_pervane: "Pervane"
 cn_pervane_adj: "pervane"
 cn_amasya: "Amasya"
 cn_amasya_adj: "amasyane"
 cn_bafra: "Bafra"
 cn_bafra_adj: "bafran"
 cn_samsun: "Samsun"
 cn_samsun_adj: "samsuni"
 cn_kale: "Kale"
 cn_kale_adj: "kale"
 cn_elvan_celebi: "Elvan Çelebi"
 cn_elvan_celebi_adj: "elvan çelebi"
 cn_sinop: "Sinop"
 cn_sinop_adj: "sinopi"
 cn_cayagzi: "Çayağzı"
 cn_cayagzi_adj: "çayağzı"
 cn_vezirkopru: "Vezirköprü"
 cn_vezirkopru_adj: "vezirköprüi"
 cn_beyozu: "Beyözü"
 cn_beyozu_adj: "beyözüi"
 cn_osmancik: "Osmancık"
 cn_osmancik_adj: "osmancıki"
 cn_kerkenes_dag: "Kerkenes Dağ"
 cn_kerkenes_dag_adj: "kerkenes daği"
 cn_zile: "Zile"
 cn_zile_adj: "zile"
 cn_kilicli: "Kılıçlı"
 cn_kilicli_adj: "kılıçlı"
 cn_musalim_kalesi: "Muşalım Kalesi"
 cn_musalim_kalesi_adj: "muşalım kalesi"
 cn_sivas: "Sivas"
 cn_sivas_adj: "sivasi"
 cn_sulusaray: "Sulusaray"
 cn_sulusaray_adj: "sulusarayi"
 cn_aksehir: "Akşehir"
 cn_aksehir_adj: "akşehiri"
 cn_sarkisla: "Şarkışla"
 cn_sarkisla_adj: "şarkışlan"
 cn_viransehir: "Viranşehir"
 cn_viransehir_adj: "viranşehiri"
 cn_kangal: "Kangal"
 cn_kangal_adj: "kangali"
 cn_gurun: "Gürün"
 cn_gurun_adj: "gürüni"
 cn_tanir: "Tanir"
 cn_tanir_adj: "taniri"
 cn_kuskalesi: "Kuşkalesi"
 cn_kuskalesi_adj: "kuşkalesienne"
 cn_elbistan: "Elbistan"
 cn_elbistan_adj: "elbistani"
 cn_darende: "Darende"
 cn_darende_adj: "darende"
 cn_demircilik: "Demircilik"
 cn_demircilik_adj: "demirciliki"
 cn_rum: "Rum"
 cn_rum_adj: "rumi"
 cn_harsianon: "Harsianon"
 cn_harsianon_adj: "harsianoni"
 cn_yerkoy_kaplica: "Yerköy Kaplıca"
 cn_yerkoy_kaplica_adj: "yerköy kaplıcan"
 cn_yogunhisar: "Yoğunhisar"
 cn_yogunhisar_adj: "yoğunhisari"
 cn_mocissus: "Mocissus"
 cn_mocissus_adj: "mocissusi"
 cn_kirsehir: "Kırşehir"
 cn_kirsehir_adj: "kırşehiri"
 cn_kusakli_huyuk: "Kuşaklı Hüyük"
 cn_kusakli_huyuk_adj: "kuşaklı hüyüki"
 cn_sarihuyuk: "Sarıhüyük"
 cn_sarihuyuk_adj: "sarıhüyüki"
 cn_kayseri: "Kayseri"
 cn_kayseri_adj: "kayserienne"
 cn_karmalas: "Karmalas"
 cn_karmalas_adj: "karmalasi"
 cn_gemerek: "Gemerek"
 cn_gemerek_adj: "gemereki"
 cn_zengibar_kalesi: "Zengibar Kalesi"
 cn_zengibar_kalesi_adj: "zengibar kalesi"
 cn_akmescit: "Akmescit"
 cn_akmescit_adj: "akmesciti"
 cn_khaldia: "Khaldia"
 cn_khaldia_adj: "khaldienne"
 cn_kerasous: "Kerasous"
 cn_kerasous_adj: "kerasousienne"
 cn_giresun: "Giresun"
 cn_giresun_adj: "giresuni"
 cn_unye: "Ünye"
 cn_unye_adj: "ünye"
 cn_fatsa: "Fatsa"
 cn_fatsa_adj: "fatsan"
 cn_gorele: "Görele"
 cn_gorele_adj: "görele"
 cn_trapezous: "Trapezous"
 cn_trapezous_adj: "trapezousienne"
 cn_trabzon: "Trabzon"
 cn_trabzon_adj: "trabzoni"
 cn_rizunda: "Rizunda"
 cn_rizunda_adj: "rizundan"
 cn_rize: "Rize"
 cn_rize_adj: "rize"
 cn_acilisene: "Acilisene"
 cn_acilisene_adj: "acilisene"
 cn_erzincan: "Erzincan"
 cn_erzincan_adj: "erzincani"
 cn_koloneia: "Koloneia"
 cn_koloneia_adj: "koloneienne"
 cn_sebinkarahisar: "Şebinkarahisar"
 cn_sebinkarahisar_adj: "şebinkarahisari"
 cn_neokaisareia: "Neokaisareia"
 cn_neokaisareia_adj: "neokaisareienne"
 cn_niksar: "Niksar"
 cn_niksar_adj: "niksari"
 cn_yaglidere: "Yağlıdere"
 cn_yaglidere_adj: "yağlıdere"
 cn_koyulhisar: "Koyulhisar"
 cn_koyulhisar_adj: "koyulhisari"
 cn_sadak: "Sadak"
 cn_sadak_adj: "sadaki"
 #Armenia
 cn_hayastan: "Hayastan"
 cn_hayastan_adj: "hayastani"
 cn_malatya: "Malatya"
 cn_malatya_adj: "malatyan"
 cn_malat_ya: "Malat’ya"
 cn_malat_ya_adj: "malat’yan"
 cn_elazig: "Elazığ"
 cn_elazig_adj: "elazıği"
 cn_arsamasat: "Aršamašat"
 cn_arsamasat_adj: "aršamašati"
 cn_akcadag: "Akcadağ"
 cn_akcadag_adj: "akcadaği"
 cn_erzurum: "Erzurum"
 cn_erzurum_adj: "erzurumi"
 cn_karin: "Karin"
 cn_karin_adj: "karinienne"
 cn_ispir: "İspir"
 cn_ispir_adj: "ispiri"
 cn_sper: "Sper"
 cn_sper_adj: "sperienne"
 cn_meyafarikin: "Meyafarikîn"
 cn_meyafarikin_adj: "meyafarikîni"
 cn_np_rkert: "Np’rkert"
 cn_np_rkert_adj: "np’rkerti"
 cn_vasburagan: "Vasburagan"
 cn_vasburagan_adj: "vasburagani"
 cn_mus: "Muş"
 cn_mus_adj: "muşi"
 cn_datvan: "Datvan"
 cn_datvan_adj: "datvani"
 cn_ahlat: "Ahlat"
 cn_ahlat_adj: "ahlatienne"
 cn_malazgirt: "Malazgirt"
 cn_malazgirt_adj: "malazgirti"
 cn_ercis: "Erciş"
 cn_ercis_adj: "ercişi"
 cn_eua: "Eua"
 cn_eua_adj: "euan"
 cn_muradiye: "Muradiye"
 cn_muradiye_adj: "muradiye"
 cn_akdamar: "Akdamar"
 cn_akdamar_adj: "akdamari"
 cn_baskale: "Başkale"
 cn_baskale_adj: "başkale"
 cn_mets_hayk_: "Mets Hayk’"
 cn_mets_hayk__adj: "mets hayki"
 cn_anion: "Ánion"
 cn_anion_adj: "ánioni"
 cn_ani: "Anı"
 cn_ani_adj: "anı"
 cn_erivan: "Erivan"
 cn_erivan_adj: "erivani"
 #Italy
 cn_sardenya_i_corsega: "Sardenya i Còrsega"
 cn_sardenya_i_corsega_adj: "corso-sardenyian"
 cn_sardhnia_kai_thn_korsikn: "Sardinia kai Korsiki"
 cn_sardhnia_kai_thn_korsikn_adj: "corso-sarde"
 cn_sardegna_e_corsica: "Sardegna e Corsica"
 cn_sardegna_e_corsica_adj: "corso-sardegni"
 cn_ravenna: "Ravenna"
 cn_ravenna_adj: "ravennan"
 #Estonia & closeby
 cn_reval: "Reval"
 cn_reval_adj: "revalienne"
 cn_rafala: "Rafala"
 cn_rafala_adj: "rafala"
 cn_laanemaa: "Läänemaa"
 cn_laanemaa_adj: "läänemaan"
 cn_fellin: "Fellin"
 cn_fellin_adj: "felliner"
 cn_karkus: "Karkus"
 cn_karkus_adj: "karkuser"
 cn_nevanlinna: "Nevanlinna"
 cn_nevanlinna_adj: "nevanlinnan"
 cn_arensborg: "Arensborg"
 cn_arensborg_adj: "arensborger"
 cn_arensburg: "Arensburg"
 cn_arensburg_adj: "arensburger"
 cn_moon: "Moon"
 cn_moon_adj: "mooner"
 cn_narva: "Narva"
 cn_narva_adj: "narva"
 cn_osel: "Ösel"
 cn_osel_adj: "öselienne"
 cn_poide: "Pöide"
 cn_mohu: "Mõhu"
 cn_voro: "Võro"
 cn_wesenburg: "Wesenburg"
 #Lithuania
 cn_dobeln: "Dobeln"
 cn_dobeln_adj: "dobelner"
 cn_wolmar: "Wolmar"
 cn_wolmar_adj: "wolmarer"
 cn_wenden: "Wenden"
 cn_wenden_adj: "wendener"
 cn_ronneburg: "Ronneburg"
 cn_ronneburg_adj: "ronneburger"
 cn_sesswegen: "Seßwegen"
 cn_sesswegen_adj: "seßwegener"
 cn_jakobstadt: "Jakobstadt"
 cn_jakobstadt_adj: "jakobstadter"
 cn_dunaburg: "Dünaburg"
 cn_dunaburg_adj: "dünaburger"
 cn_rositten: "Rositten"
 cn_rositten_adj: "rosittener"
 cn_schwanenburg: "Schwanenburg"
 cn_schwanenburg_adj: "schwanenburger"
 cn_raseinen: "Raseinen"
 cn_raseinen_adj: "raseinener"
 cn_georgenburg: "Georgenburg"
 cn_georgenburg_adj: "georgenburger"
 cn_georgsborg: "Georgsborg"
 cn_georgsborg_adj: "georgsborger"
 cn_ragneta: "Ragneta"
 cn_ragneta_adj: "ragnetan"
 cn_ragnita: "Ragnita"
 cn_ragnita_adj: "ragnitan"
 cn_ragaine: "Ragaine"
 cn_ragaine_adj: "ragaine"
 #Dzungaria
 cn_qocho: "Qocho"
 cn_qocho_adj: "qocho"
 cn_xinjiang: "Xinjiang"
 cn_xinjiang_adj: "xinjiangienne"
 cn_gaochan: "Gaochan"
 cn_gaochan_adj: "gaochani"
 cn_jiaohe: "Jiaohe"
 cn_jiaohe_adj: "jiaohe"
 cn_tulufan: "Tulufan"
 cn_tulufan_adj: "tulufani"
 cn_yizhou: "Yizhou"
 cn_yizhou_adj: "yizhou"
 cn_qumul: "Qumul"
 cn_qumul_adj: "qumuli"
 cn_urumqi: "Ürümqi"
 cn_urumqi_adj: "ürümqienne"
 cn_beiting: "Beiting"
 cn_beiting_adj: "beitingienne"
 cn_tingzhou: "Tingzhou"
 cn_tingzhou_adj: "tingzhou"
 cn_yulishi: "Yulishi"
 cn_yulishi_adj: "yulishienne"
 cn_changji: "Changji"
 cn_changji_adj: "changjienne"
 cn_luntai: "Luntai"
 cn_luntai_adj: "luntaienne"
 cn_bu_gu_r: "Bügür"
 cn_bu_gu_r_adj: "bügüri"
 cn_qinghe: "Qinghe"
 cn_qinghe_adj: "qinghe"
 cn_kaer_jiaozhen: "Kaer Jiaozhen"
 cn_kaer_jiaozhen_adj: "kaer jiaozheni"
 cn_jumi: "Jumi"
 cn_jumi_adj: "jumienne"
 #Brittany
 cn_gwened: "Gwened"
 cn_gwened_adj: "gwenedienne"
 cn_guened: "Guened"
 cn_guened_adj: "guenedienne"
 cn_naoned: "Naoned"
 cn_naoned_adj: "naonedienne"
 cn_kemper: "Kemper"
 cn_kemper_adj: "kemperienne"
 cn_kastell_paol: "Kastell-Paoll"
 cn_kastell_paol_adj: "kastell-paollian"
 cn_saint_brieg: "Sant-Brieg"
 cn_saint_brieg_adj: "sant-briegian"
 cn_sant_malou: "Sant-Maloù"
 cn_sant_malou_adj: "sant-maloùan"
 cn_roazhon: "Roazhon"
 cn_roazhon_adj: "roazhonienne"
 #Iberia
 cn_carthaginensis: "Carthaginoise"
 cn_carthaginensis_adj: "carthaginoise"
 cn_isbaniya: "Isbaniya"
 cn_al_andalus: "al-Andalus"
 cn_xenxir: "Xenxir"
 cn_castalla: "Castalla"
 cn_liyyun: "Liyyun"
 cn_burtughal: "Burtughal"
 cn_yilliqiyya: "Yilliqiyya"
 cn_al_sarq: "al-Šarq"
 cn_al_gharb: "al-Gharb"
 cn_batalyaws: "Batalyaws"
 cn_barshiluna: "Barshiluna"
 cn_baya: "Baya"
 cn_al_quila: "al-Quila"
 cn_kulumriyya: "Kulumriyya"
 cn_qurtubah: "Qurtubah"
 cn_garnatah: "Garnatah"
 cn_mayurqa: "Mayurqa"
 cn_mursiyyah: "Mursiyyah"
 cn_isbiliyyah: "Isbiliyyah"
 cn_tulaytulah: "Tulaytulah"
 cn_balansiyyah: "Balansiyyah"
 cn_saraqustah: "Saraqustah"
 cn_al_urqub: "al-Urqub"
 cn_al_banu_razin: "al-Banu Razin"
 cn_qasr_abi_danis: "Qasr Abi Danis"
 cn_al_qannis: "al-Qannis"
 cn_al_karas: "al-Karas"
 cn_al_gazirah_al_hadra: "al-Gazirah al-Hadra"
 cn_al_laqant: "al-Laqant"
 cn_al_mariyyah: "al-Mariyyah"
 cn_yaiyan: "Yaiyan"
 cn_ubaydah: "Ubaydah"
 cn_yaburah: "Yaburah"
 cn_burgus: "Burġus"
 cn_qabra: "Qabra"
 cn_hisn_qasras: "hisn Qasras"
 cn_qadis: "Qadis"
 cn_qalat_ayyub: "Qalat Ayyub"
 cn_qalat_rabah: "Qalat Rabah"
 cn_burjanna: "Burjanna"
 cn_itanyia: "Itanyia"
 cn_qaruniyah: "Qaruniyah"
 cn_siqubiyyah: "Siqubiyyah"
 cn_qunkah: "Qunkah"
 cn_daniyyah: "Daniyyah"
 cn_al_bash: "al-Bash"
 cn_santa_mariya_ibn_harun: "Santa Mariya ibn Harun"
 cn_afraga: "Afraga"
 cn_harundah: "harundah"
 cn_yabisa: "Yabisa"
 cn_sabtah: "Sabtah"
 cn_al_ishbuna: "al-Ishbuna"
 cn_laridah: "Laridah"
 cn_al_magrit: "al-Magriţ"
 cn_malaqah: "Malaqah"
 cn_malilah: "Malilah"
 cn_manurqa: "Manurqa"
 cn_maridah: "Maridah"
 cn_mulina: "Mulina"
 cn_uqlish: "Uqlish"
 cn_al_manijah: "al-Manijah"
 cn_nagirah: "Nagirah"
 cn_banbalunah: "Banbalunah"
 cn_labla: "Labla"
 cn_salamanqa: "Salamanqa"
 cn_yant_yaqub: "Yant Yaqub"
 cn_silb: "Silb"
 cn_turtusah: "Turtusah"
 cn_al_bunt: "al-Bunt"
 cn_tutilah: "Tutilah"
 cn_balad_al_walid: "Balad al-Walid"
 cn_sammurah: "Sammurah"
 cn_al_mariyyat_bayyana: "al-Mariyyāt Baŷŷāna"
 cn_muassassat_batalyaws: "Mu’assassat Batalyaws"
 cn_madinat_qunka: "Madīnat Qūnka"
 cn_madinat_mayurqa: "Madīnat Mayūrqa"
 cn_madinat_al_muluk: "Madīnat al-Mulūk"
 cn_gothia: "Gothia"
 #Jerusalem
 cn_iskandarun: "Iskandarun"
 cn_iskandarun_adj: "iskandarunienne"
 #Silesia
 cn_oppeln: "Oppeln"
 cn_oppeln_adj: "oppelner"
 cn_kluczbork: "Kluczbork"
 cn_kluczbork_adj: "kluczborkienne"
 cn_strzelce: "Strzelce"
 cn_strzelce_adj: "strzelce"
 cn_brieg: "Brieg"
 cn_brieg_adj: "briegienne"
 cn_ohlau: "Ohlau"
 cn_ohlau_adj: "ohlauer"
 cn_ottmachau: "Ottmachau"
 cn_ottmachau_adj: "ottmachauer"
 cn_neisse: "Neisse"
 cn_neisse_adj: "neisseer"
 cn_oberglogau: "Klein Glogau"
 cn_oberglogau_adj: "klein glogauer"
 cn_zabkowice: "Ząbkowice"
 cn_zabkowice_adj: "ząbkowice"
 cn_teschen: "Teschen"
 cn_teschen_adj: "teschener"
 cn_bielitz: "Bielitz"
 cn_bielitz_adj: "bielitzer"
 cn_raciborz: "Racibórz"
 cn_raciborz_adj: "racibórzienne"
 cn_rybnick: "Rybnick"
 cn_rybnick_adj: "rybnick"
 cn_bytom: "Bytom"
 cn_bytom_adj: "bytomienne"
 cn_lublinitz: "Lublinitz"
 cn_lublinitz_adj: "lublinitzer"
 cn_wroclaw: "Wrocław"
 cn_wroclaw_adj: "wrocławienne"
 cn_vratislav: "Vratislav"
 cn_vratislav_adj: "vratislavienne"
 cn_wartha: "Wartha"
 cn_wartha_adj: "warthan"
 cn_militsch: "Militsch"
 cn_militsch_adj: "militscher"
 cn_oels: "Oels"
 cn_oels_adj: "oelser"
 cn_swiebodzin: "Świebodzin"
 cn_swiebodzin_adj: "świebodzinienne"
 cn_carolath: "Carolath"
 cn_carolath_adj: "carolather"
 cn_niederbeuthen: "Niederbeuthen"
 cn_niederbeuthen_adj: "niederbeuthener"
 cn_zielona_gora: "Zielona Góra"
 cn_zielona_gora_adj: "zielona góran"
 cn_zelena_hora: "Zelená Hora"
 cn_zelena_hora_adj: "zelená horan"
 cn_krosno: "Krosno"
 cn_krosno_adj: "krosno"
 cn_szprotawa: "Szprotawa"
 cn_szprotawa_adj: "szprotawan"
 cn_sagan: "Sagan"
 cn_sagan_adj: "saganer"
 cn_naumburg: "Naumburg"
 cn_naumburg_adj: "naumburger"
 cn_primkenau: "Primkenau"
 cn_primkenau_adj: "primkenauer"
 cn_lahn: "Lähn"
 cn_lahn_adj: "lähner"
 cn_schweinhausburg: "Schweinhausburg"
 cn_schweinhausburg_adj: "schweinhausburger"
 cn_lehnice: "Lehnice"
 cn_lehnice_adj: "lehnice"
 cn_liegnitz: "Liegnitz"
 cn_liegnitz_adj: "liegnitzer"
 cn_hlohov: "Hlohov"
 cn_hlohov_adj: "hlohovienne"
 cn_glogau: "Glogau"
 cn_glogau_adj: "glogauer"
 cn_sandelswalde: "Sandelswalde"
 cn_sandelswalde_adj: "sandelswalder"
 cn_guben: "Guben"
 cn_guben_adj: "gubener"
 cn_lingchu: "Lingchu"
 cn_lingchu_adj: "lingchun"
 #Western Balkans
 cn_zara: "Zara"
 cn_zara_adj: "zaran"
 cn_dalmatia: "Dalmatia"
 cn_dalmatia_adh: "dalmatia"
 cn_diadora: "Diadora"
 cn_diadora_adj: "diadoran"
 cn_spalato: "Spalato"
 cn_spalato_adj: "spalato"
 cn_spalathos: "Spalathos"
 cn_spalathos_adj: "spalathosienne"
 cn_salines: "Salines"
 cn_salines_adj: "salinesienne"
 cn_tuzla: "Tuzla"
 cn_tuzla_adj: "tuzlan"
 cn_so: "So"
 cn_so_adj: "so"
 cn_zahumlje: "Zahumlje"
 cn_zahumlje_adj: "zahumlje"
 cn_emotha: "Emotha"
 cn_emotha_adj: "emothan"
 cn_pannonia: "Pannonia"
 cn_pannonia_adj: "pannonienne"
 cn_andautonia: "Andautonia"
 cn_andautonia_adj: "andautonienne"
 #Polabia
 cn_veletia: "Veletia"
 cn_veletia_adj: "veletienne"
 cn_obotritia: "Obotritia"
 cn_obotritia_adj: "obotritienne"
 cn_racisburg: "Racisburg"
 cn_racisburg_adj: "racisburgienne"
 cn_zwierzyn: "Zwierzyn"
 cn_zwierzyn_adj: "zwierzynienne"
 cn_circipania: "Circipania"
 cn_circipania_adj: "circipanienne"
 cn_rana: "Rana"
 cn_rana_adj: "ranan"
 cn_arkona: "Arkona"
 cn_arkona_adj: "arkonan"
 cn_kissinia: "Kissinia"
 cn_kissinia_adj: "kissinienne"
 cn_roztoc: "Roztoc"
 cn_roztoc_adj: "roztocienne"
 cn_guscerov: "Gušcerov"
 cn_guscerov_adj: "gušcerovienne"
 cn_warnabia: "Warnabia"
 cn_warnabia_adj: "warnabienne"
 cn_luticia: "Luticia"
 cn_luticia_adj: "luticienne"
 cn_brenna: "Brenna"
 cn_brenna_adj: "brennan"
 cn_podstupim: "Podstupim"
 cn_podstupim_adj: "podstupimienne"
 cn_wilzia: "Wilzia"
 cn_wilzia_adj: "wilzienne"
 cn_ukria: "Ukria"
 cn_ukria_adj: "ukrienne"
 cn_hevellia: "Hevellia"
 cn_hevellia_adj: "hevellienne"
 cn_redaria: "Redaria"
 cn_redaria_adj: "redarienne"
 cn_rethra: "Rethra"
 cn_rethra_adj: "rethran"
 cn_misni: "Misni"
 cn_misni_adj: "misnienne"
 cn_wulki_hojn: "Wulki Hojn"
 cn_wulki_hojn_adj: "wulki hojni"
 cn_drezdany: "Dreždany"
 cn_drezdany_adj: "dreždanienne"
 cn_biskopicy: "Biskopicy"
 cn_biskopicy_adj: "biskopicienne"
 cn_jilobor: "Jilobor"
 cn_jilobor_adj: "jiloborienne"
 cn_cholidistcha: "Cholidistcha"
 cn_cholidistcha_adj: "cholidistchan"
 cn_plawe: "Plawe"
 cn_plawe_adj: "plawenienne"
 cn_kamjenc: "Kamjenc"
 cn_kamjenc_adj: "kamjencienne"
 cn_lubin: "Lubin"
 cn_lubin_adj: "lubinienne"
 cn_gorelic: "Gorelic"
 cn_gorelic_adj: "gorelicienne"
 cn_budysin: "Budyšin"
 cn_budysin_adj: "budyšinienne"
 cn_grodk: "Grodk"
 cn_grodk_adj: "grodkienne"
 cn_luzyca: "Lužyca"
 cn_luzyca_adj: "lužycan"
 cn_jutriboc: "Jutriboc"
 cn_jutriboc_adj: "jutribocienne"
 cn_turguo: "Turguo"
 cn_turguo_adj: "turguo"
 cn_zemrje: "Zemrje"
 cn_zemrje_adj: "zemrje"
 #Pomerania
 cn_ucramund: "Ucramund"
 cn_ucramund_adj: "ucramund"
 cn_pyritz: "Pyritz"
 cn_pyritz_adj: "pyritz"
 cn_wollin: "Wollin"
 cn_wollin_adj: "wollin"
 cn_cammin: "Cammin"
 cn_cammin_adj: "cammin"
 cn_gollnow: "Gollnow"
 cn_gollnow_adj: "gollnow"
 cn_naugard: "Naugard"
 cn_naugard_adj: "naugard"
 cn_zehden: "Zehden"
 cn_zehden_adj: "zehden"
 cn_kustrin: "Kustrin"
 cn_kustrin_adj: "kustrin"
 cn_tempelburg: "Templerburg"
 cn_tempelburg_adj: "tempelburg"
 cn_belgard: "Belgard"
 cn_belgard_adj: "belgard"
 cn_deutsch_krone: "Deutsch Krone"
 cn_deutsch_krone_adj: "krone"
 cn_neustettin: "Neustettin"
 cn_neustettin_adj: "neustettin"
 cn_zantoch: "Zantoch"
 cn_zantoch_adj: "zantoch"
 cn_filehne: "Filehne"
 cn_filehne_adj: "filehn"
 cn_arnswalde: "Arnswalde"
 cn_arnswalde_adj: "arnswalde"
 cn_putzig: "Putzig"
 cn_putzig_adj: "putzig"
 cn_lauenburg: "Lauenburg"
 cn_lauenburg_adj: "lauenburg"
 cn_ziethen: "Ziethen"
 cn_ziethen_adj: "ziethenen"
 cn_schwetz: "Schwetz"
 cn_schwetz_adj: "schwetz"
 cn_berent: "Berent"
 cn_berent_adj: "berent"
 cn_konitz: "Konitz"
 cn_konitz_adj: "konitz"
 #Prussia
 cn_elblag: "Elbląg"
 cn_elblag_adj: "elbląg"
 cn_elbingas: "Elbingas"
 cn_elbingas_adj: "elbingas"
 cn_marienwerder: "Marienwerder"
 cn_marienwerder_adj: "marienwerder"
 cn_kwidzyn: "Kwidzyn"
 cn_kwidzyn_adj: "kwidzyn"
 cn_kvidzynas: "Kvidzynas"
 cn_kvidzynas_adj: "kvidzynas"
 cn_stuttof: "Stutthof"
 cn_stuttof_adj: "stutthof"
 cn_sztutowo: "Sztutowo"
 cn_sztutowo_adj: "sztutowo"
 cn_wormditt: "Wormditt"
 cn_wormditt_adj: "wormditt"
 cn_mohrungen: "Mohrungen"
 cn_mohrungen_adj: "mohrungen"
 cn_morongas: "Morongas"
 cn_morongas_adj: "morongas"
 cn_braunberg: "Braunberg"
 cn_braunberg_adj: "braunberg"
 cn_prusa: "Prūsa"
 cn_prusa_adj: "prūsan"
 cn_brandenburg_PRUS: "Brandenburg"
 cn_brandenburg_PRUS_adj: "brandenburg"
 cn_pokarmin: "Pokarmin"
 cn_pokarmin_adj: "pokarmin"
 cn_pokariviai: "Pokariviai"
 cn_pokariviai_adj: "pokarivia"
 cn_wehlau: "Wehlau"
 cn_wehlau_adj: "wehlau"
 cn_welawa: "Welawa"
 cn_welawa_adj: "welawa"
 cn_veluva: "Vėluva"
 cn_veluva_adj: "vėluva"
 cn_karaliaucius: "Karaliaučius"
 cn_karaliaucius_adj: "karaliaučius"
 cn_heilsberg: "Heilsberg"
 cn_heilsberg_adj: "heilsberg"
 cn_lidzbark: "Lidzbark"
 cn_lidzbark_adj: "lidzbark"
 cn_lidzbarkas: "Lidzbarkas"
 cn_lidzbarkas_adj: "lidzbarkas"
 cn_bartenstein: "Bartenstein"
 cn_bartenstein_adj: "bartenstein"
 cn_barstynas: "Barstynas"
 cn_barstynas_adj: "barstynas"
 cn_insterburg: "Insterburg"
 cn_insterburg_adj: "insterburg"
 cn_rastenburg: "Rastenburg"
 cn_rastenburg_adj: "rastenburg"
 cn_rastembork: "Rastembork"
 cn_rastembork_adj: "rastembork"
 cn_kentsynas: "Kentsynas"
 cn_kentsynas_adj: "kentsynas"
 #Masuria
 cn_kulmas: "Kulmas"
 cn_kulmas_adj: "kulmasienne"
 cn_kulm: "Kulm"
 cn_kulm_adj: "kulmer"
 cn_torune: "Torunė"
 cn_torune_adj: "torunė"
 cn_thorn: "Thorn"
 cn_thorn_adj: "thorner"
 cn_briesen_PRUS: "Briesen"
 cn_briesen_PRUS_adj: "briesener"
 cn_ylava: "Ylava"
 cn_ylava_adj: "ylavienne"
 cn_eylau: "Eylau"
 cn_eylau_adj: "eylauer"
 cn_brodnica: "Brodnica"
 cn_brodnica_adj: "brodnicienne"
 cn_ostruda: "Ostruda"
 cn_ostruda_adj: "ostrudan"
 cn_osterode: "Osterode"
 cn_osterode_adj: "osteroder"
 cn_olstynas: "Olstynas"
 cn_olstynas_adj: "olstynasienne"
 cn_allenstein: "Allenstein"
 cn_allenstein_adj: "allensteiner"
 cn_szczytno: "Szczytno"
 cn_szczytno_adj: "szczytno"
 cn_sctnas: "Ščytnas"
 cn_sctnas_adj: "ščytnasienne"
 cn_ortulfsburg: "Ortulfsburg"
 cn_ortulfsburg_adj: "ortulfsburger"
 cn_nibork: "Nibork"
 cn_nibork_adj: "niborkienne"
 cn_nidzica: "Nidzica"
 cn_nidzica_adj: "nidzican"
 cn_neidenburg: "Neidenburg"
 cn_neidenburg_adj: "neidenburger"
 cn_leiciu_pilis: "Leičių pilis"
 cn_leiciu_pilis_adj: "leičiųan"
 cn_lotzen: "Lötzen"
 cn_lotzen_adj: "lötzener"
 cn_lukas: "Lukas"
 cn_lukas_adj: "lukasienne"
 cn_lyck: "Lyck"
 cn_lyck_adj: "lycker"
 cn_ungura: "ungura"
 cn_ungura_adj: "unguran"
 cn_angirburg: "Angirburg"
 cn_angirburg_adj: "angirburger"
 #Tibet & Xia
 cn_karpoyul: "Karpoyül"
 cn_karpoyul_adj: "karpoyül"
 cn_tsongonpo: "Tsongönpo"
 cn_tsongonpo_adj: "tsongönpo"
 cn_qingtang: "Qingtang"
 cn_qingtang_adj: "qingtang"
 cn_tsongkha: "Tsongkha"
 cn_tsongkha_adj: "tsongkha"
 cn_drotsang: "Drotsang"
 cn_drotsang_adj: "drotsang"
 cn_serkhok: "Serkhok"
 cn_serkhok_adj: "serkhok"
 cn_bairi: "Bairi"
 cn_bairi_adj: "bairi"
 cn_ud: "Ud"
 cn_ud_adj: "ud"
 cn_bayannayur: "Bayannayur"
 cn_bayannayur_adj: "bayannayur"
 cn_uyuvan: "Üyuvan"
 cn_uyuvan_adj: "üyuvan"
 cn_denkeu: "Dėŋkėü"
 cn_denkeu_adj: "dėŋḵėü"
 cn_sogo_khoto: "Sogo Khoto"
 cn_sogo_khoto_adj: "sogo khoto"
 cn_tengger: "Tengger"
 cn_tengger_adj: "tengger"
 cn_alashan: "Alashan"
 cn_alashan_adj: "alashan"
 cn_bayanhot: "Bayanhot"
 cn_bayanhot_adj: "bayanhot"
 cn_iryai: "Iryai"
 cn_iryai_adj: "iryai"
 cn_tangyud: "Tangyud"
 cn_tangyud_adj: "tangyud"
 cn_minyak: "Minyak"
 cn_minyak_adj: "minyak"
 cn_xixia: "Xi Xia"
 cn_xixia_adj: "xi xia"
 cn_mjinjaa: "Mjinjaa"
 cn_mjinjaa_adj: "mjinjaa"
 cn_miniah: "Miniah"
 cn_miniah_adj: "miniah"
 cn_qinghai: "Qinghai"
 cn_qinghai_adj: "qinghai"
 cn_koke_nayur: "Köke Nayur"
 cn_koke_nayur_adj: "köke nayur"
 cn_huhu_noor: "Huhu Noor"
 cn_huhu_noor_adj: "huhu noor"
 cn_zongge: "Zongge"
 cn_zongge_adj: "zongge"
 cn_huzhu: "Huzhu"
 cn_huzhu_adj: "huzhu"
 cn_jishi: "Jishi"
 cn_jishi_adj: "jishi"
 cn_tianjun: "Tianjun"
 cn_tianjun_adj: "tianjun"
 cn_yangkang: "Yangkang"
 cn_yangkang_adj: "yangkang"
 cn_haiyan: "Haiyan"
 cn_haiyan_adj: "haiyan"
 cn_gangcha: "Gangcha"
 cn_gangcha_adj: "gangcha"
 cn_gonghe: "Gonghe"
 cn_gonghe_adj: "gonghe"
 cn_qiabuqia: "Qiabuqia"
 cn_qiabuqia_adj: "qiabuqia"
 cn_jiangxigou: "Jiangxigou"
 cn_jiangxigou_adj: "jiangxigou"
 cn_xinghai: "Xinghai"
 cn_xinghai_adj: "xinghai"
 cn_heyuan: "Heyuan"
 cn_heyuan_adj: "heyuan"
 cn_hekou: "Hekou"
 cn_hekou_adj: "hekou"
 cn_gannan: "Gannan"
 cn_gannan_adj: "gannan"
 cn_zhouni: "Zhouni"
 cn_zhouni_adj: "zhouni"
 cn_lintan: "Lintan"
 cn_lintan_adj: "lintan"
 cn_hezuo: "Hezuo"
 cn_hezuo_adj: "hezuo"
 cn_xiahe: "Xiahe"
 cn_xiahe_adj: "xiahe"
 cn_luqu: "Luqu"
 cn_luqu_adj: "luqu"
 cn_diebu: "Diebu"
 cn_diebu_adj: "diebu"
 cn_zhouqu: "Zhouqu"
 cn_zhouqu_adj: "zhouqu"
 cn_maqu: "Maqu"
 cn_maqu_adj: "maqu"
 cn_muxihe: "Muxihe"
 cn_muxihe_adj: "muxihe"
 cn_jiarong: "Jiarong"
 cn_jiarong_adj: "jiarong"
 cn_ryarong: "Ryarong"
 cn_ryarong_adj: "ryarong"
 cn_huangnan: "Huangnan"
 cn_huangnan_adj: "huangnan"
 cn_tongren: "Tongren"
 cn_tongren_adj: "tongren"
 cn_jainzha: "Jainzha"
 cn_jainzha_adj: "jainzha"
 cn_guide: "Guide"
 cn_guide_adj: "guide"
 cn_guinan: "Guinan"
 cn_guinan_adj: "guinan"
 cn_tongde: "Tongde"
 cn_tongde_adj: "tongde"
 cn_zeku: "Zeku"
 cn_zeku_adj: "zeku"
 cn_henan_yegainnyin: "Henan"
 cn_henan_yegainnyin_adj: "henan"
 cn_guoluo: "Guoluo"
 cn_guoluo_adj: "guoluo"
 cn_maqin: "Maqin"
 cn_maqin_adj: "maqin"
 cn_gande: "Gande"
 cn_gande_adj: "gande"
 cn_maduo: "Maduo"
 cn_maduo_adj: "maduo"
 cn_donggei: "Donggei"
 cn_donggei_adj: "donggei"
 cn_banma: "Banma"
 cn_banma_adj: "banma"
 cn_sailaitang: "Sailaitang"
 cn_sailaitang_adj: "sailaitang"
 cn_jimai: "Jimai"
 cn_jimai_adj: "jimai"
 cn_jiuzhi: "Jiuzhi"
 cn_jiuzhi_adj: "jiuzhi"
 cn_mingzheng: "Mingzheng"
 cn_mingzheng_adj: "mingzheng"
 cn_dajianlu: "Dajianlu"
 cn_dajianlu_adj: "dajianlu"
 cn_luqiao: "Luqiao"
 cn_luqiao_adj: "luqiao"
 cn_tagong: "Tagong"
 cn_tagong_adj: "tagong"
 cn_danba: "Danba"
 cn_danba_adj: "danba"
 cn_jiulong: "Jiulong"
 cn_jiulong_adj: "jiulong"
 cn_daofu: "Daofu"
 cn_daofu_adj: "daofu"
 cn_niazuo: "Niazuo"
 cn_niazuo_adj: "niazuo"
 cn_luhuo: "Luhuo"
 cn_luhuo_adj: "luhuo"
 cn_ganzi: "Ganzi"
 cn_ganzi_adj: "ganzi"
 cn_seda: "Seda"
 cn_seda_adj: "seda"
 cn_luoruo: "Luoruo"
 cn_luoruo_adj: "luoruo"
 cn_aba: "Aba"
 cn_aba_adj: "aba"
 cn_ggabba: "Ggabba"
 cn_ggabba_adj: "ggabba"
 cn_hezhi: "Hezhi"
 cn_hezhi_adj: "hezhi"
 cn_hongyuan: "Hongyuan"
 cn_hongyuan_adj: "hongyuan"
 cn_ruoergai: "Ruo’ergai"
 cn_ruoergai_adj: "ruo’ergai"
 cn_jiuzhaigou: "Jiuzhaigou"
 cn_jiuzhaigou_adj: "jiuzhaigou"
 cn_songpan: "Songpan"
 cn_songpan_adj: "songpan"
 cn_heishui: "Heishui"
 cn_heishui_adj: "heishui"
 cn_kezheb: "Kezheb"
 cn_kezheb_adj: "kezheb"
 cn_maerkang: "Ma’erkang"
 cn_maerkang_adj: "ma’erkang"
 cn_muerkvua: "Muerkvua"
 cn_muerkvua_adj: "muerkvua"
 cn_ribu: "Ribu"
 cn_ribu_adj: "ribu"
 cn_rangtang: "Rangtang"
 cn_rangtang_adj: "rangtang"
 cn_mao: "Mao"
 cn_mao_adj: "mao"
 cn_shgvini: "Shgvini"
 cn_shgvini_adj: "shgvini"
 cn_diexi: "Diexi"
 cn_diexi_adj: "diexi"
 cn_ddihi: "Ddihi"
 cn_ddihi_adj: "ddihi"
 cn_wenchuan: "Wenchuan"
 cn_wenchuan_adj: "wenchuan"
 cn_gvhvusu: "Gvhvusu"
 cn_gvhvusu_adj: "gvhvusu"
 cn_jinchuan: "Jinchuan"
 cn_jinchuan_adj: "jinchuan"
 cn_kasa: "Kasa"
 cn_kasa_adj: "kasa"
 cn_gvugvean: "Gvugvean"
 cn_gvugvean_adj: "gvugvean"
 cn_xiaojin: "Xiaojin"
 cn_xiaojin_adj: "xiaojin"
 cn_xilhva: "Xilhva"
 cn_xilhva_adj: "xilhva"
 cn_zagunao: "Zagu’nao"
 cn_zagunao_adj: "zagu’nao"
 cn_pauxugv: "Pauxugv"
 cn_pauxugv_adj: "pauxugv"
 cn_ecina: "Eçina"
 cn_ecina_adj: "eçina"
 cn_heicheng: "Heicheng"
 cn_heicheng_adj: "heicheng"
 cn_khara_khoto: "Khara Khoto"
 cn_khara_khoto_adj: "khara khoto"
 cn_uraqai: "Uraqai"
 cn_uraqai_adj: "uraqai"
 cn_qilian: "Qilian"
 cn_qilian_adj: "qilienne"
 cn_menyuan: "Menyuan"
 cn_menyuan_adj: "menyuan"
 cn_dukhan: "Dukhan"
 cn_dukhan_adj: "dukhan"
 cn_akqi: "Akqi"
 cn_akqi_adj: "akqi"
 cn_aqsai: "Aqsai"
 cn_aqsai_adj: "aqsai"
 cn_akesai: "Akesai"
 cn_akesai_adj: "akesai"
 cn_alteng: "Alteng"
 cn_alteng_adj: "alteng"
 cn_dahaleteng: "Dahaleteng"
 cn_dahaleteng_adj: "dahaleteng"
 cn_jianshe: "Jianshe"
 cn_jianshe_adj: "jianshe"
 #Aachen
 cn_aix_la_chapelle: "Aix-la-Chapelle"
 cn_aix_la_chapelle_adj: "aichoise"
 cn_aquisgrana: "Aquisgrana"
 cn_aquisgrana_adj: "aquisgrana"
 cn_great_liao: "Grand Liao"
 cn_great_liao_adj: "liao"
 #Northern Hungary in CZ & SL
 cn_nitra: "Nitra"
 cn_nitra_adj: "nitran"
 cn_bojnice: "Bojnice"
 cn_bojnice_adj: "bojnician"
 cn_sastin: "Šaštín"
 cn_sastin_adj: "šaštínienne"
 cn_gomor: "Gömör"
 cn_gomor_adj: "gömörienne"
 cn_muran: "Muráň"
 cn_muran_adj: "muráňienne"
 cn_rimavska_sobota: "Rimavská Sobota"
 cn_rimavska_sobota_adj: "rimavskán"
 cn_sendrov: "Sendrov"
 cn_sendrov_adj: "sendrovienne"
 cn_tvrdosin: "Tvrdošín"
 cn_tvrdosin_adj: "tvrdošínienne"
 cn_turdossin: "Turdossin"
 cn_turdossin_adj: "turdossinienne"
 cn_presporok: "Prešporok"
 cn_presporok_adj: "prešporokienne"
 cn_trencin: "Trenčín"
 cn_trencin_adj: "trenčínienne"
 cn_puchov: "Púchov"
 cn_puchov_adj: "púchovienne"
 cn_zilina: "Žilina"
 cn_zilina_adj: "žilinan"
 cn_turiec: "Turiec"
 cn_turiec_adj: "turiecienne"
 cn_liptov: "Liptov"
 cn_liptov_adj: "liptovienne"
 cn_zvolen: "Zvolen"
 cn_zvolen_adj: "zvolenienne"
 cn_brezno: "Brezno"
 cn_brezno_adj: "brezno"
 cn_tekov: "Tekov"
 cn_tekov_adj: "tekovienne"
 cn_novohrad: "Novohrad"
 cn_novohrad_adj: "novohradienne"
 cn_balazske_darmoty: "Balážske"
 cn_balazske_darmoty_adj: "balážske"
 cn_lucenec: "Lučenec"
 cn_lucenec_adj: "lučenecienne"
 cn_banska_stiavnica: "Štiavnica"
 cn_banska_stiavnica_adj: "štiavnican"
 cn_samorin: "Šamorín"
 cn_samorin_adj: "šamorínienne"
 cn_uzhorod: "Užhorod"
 cn_uzhorod_adj: "užhorodienne"
 cn_zemplin: "Zemplín"
 cn_zemplin_adj: "zemplínienne"
 cn_szepesseg: "Szepesség"
 cn_szepesseg_adj: "szepességienne"
 cn_saros: "Sáros"
 cn_saros_adj: "sárosienne"
 cn_abov: "Abov"
 cn_abov_adj: "abovienne"
 cn_kosice: "Košice"
 cn_kosice_adj: "košice"
 cn_turna: "Turňa"
 cn_turna_adj: "turňan"
 #Principality of Balaton (western Hungary)
 cn_balaton: "Balaton"
 cn_balaton_adj: "balatonienne"
 cn_blatnozero: "Blatnozero"
 cn_blatnozero_adj: "blatnozeron"
 cn_blatnohrad: "Blatnohrad"
 cn_blatnohrad_adj: "blatnohradienne"
 cn_dudleb: "Dudleb"
 cn_dudleb_adj: "dudlebienne"
 cn_etgar: "Etgar"
 cn_etgar_adj: "etgarienne"
 cn_rab: "Ráb"
 cn_rab_adj: "rábienne"
 cn_vesprim: "Vesprim"
 cn_vesprim_adj: "vesprimienne"
 cn_komarno: "Komárno"
 cn_komarno_adj: "komárnon"
 cn_ostrihom: "Ostrihom"
 cn_ostrihom_adj: "ostrihomienne"
 cn_stolicny_belehrad: "Stoličný Bělehrad"
 cn_stolicny_belehrad_adj: "bělehradian"
 cn_bialogrod_stoleczny: "Białogród Stołeczny"
 cn_bialogrod_stoleczny_adj: "białogródian"
 cn_stolni_biograd: "Stolni Biograd"
 cn_stolni_biograd_adj: "biogradian"
 cn_tricciana: "Tricciana"
 cn_tricciana_adj: "triccianan"
 cn_mogentiana: "Mogentiana"
 cn_mogentiana_adj: "mogentianan"
 cn_petikosteli: "Petikosteli"
 cn_petikosteli_adj: "petikosteli"
 cn_iovia: "Iovia"
 cn_iovia_adj: "iovian"
 cn_kysak: "Kysak"
 cn_kysak_adj: "kysakienne"
 cn_kiseg: "Kiseg"
 cn_kiseg_adj: "kisegienne"
 cn_kermendin: "Kermendin"
 cn_kermendin_adj: "kermendinienne"
 cn_monoster: "Monoster"
 cn_monoster_adj: "monosterienne"
 cn_siget: "Siget"
 cn_siget_adj: "sigetienne"
 #Additional polabian cultural names
 cn_milcenia: "Milcenia"
 cn_milcenia_adj: "milceniane"
 cn_drjezdzany: "Drježdźany"
 cn_drjezdzany_adj: "drježdźanienne"
 cn_chosebuz: "Chóśebuz"
 cn_chosebuz_adj: "chóśebuzienne"
 cn_nizizia: "Nizizia"
 cn_nizizia_adj: "niziziane"
 cn_lusatia: "Lusatia"
 cn_lusatia_adj: "lusatiane"
 cn_ciervisti: "Ciervisti"
 cn_ciervisti_adj: "ciervistienne"
 cn_plisnia: "Plisnia"
 cn_plisnia_adj: "plisnienne"
 cn_zeiz: "Zeiz"
 cn_zeiz_adj: "zeizienne"
 cn_voligost: "Voligost"
 cn_voligost_adj: "voligostienne"
 cn_veligrad: "Veligrad"
 cn_veligrad_adj: "veligradienne"
 cn_brizania: "Brizania"
 cn_brizania_adj: "brizanienne"
 #Additional Slovak-Hungarian cultural names
 cn_klodzko: "Kłodzko"
 cn_klodzko_adj: "kłodzko"
 cn_trencsen: "Trencsén"
 cn_trencsen_adj: "trencsénienne"
 cn_nyitra: "Nyitra"
 cn_nyitra_adj: "nyitrane"
 cn_arva: "Árva"
 cn_arva_adj: "árvane"
 cn_lipto: "Liptó"
 cn_lipto_adj: "liptónienne"
 cn_liptovsky_hradok: "Liptovský Hrádok"
 cn_liptovsky_hradok_adj: "liptovský"
 cn_poprad_HUN: "Poprád"
 cn_poprad_HUN_adj: "poprádienne"
 cn_kesmark: "Késmárk"
 cn_kesmark_adj: "késmárkienne"
 cn_ui_maine: "Uí Mháine"
 cn_ui_maine_adj: "uí Mháine"
 cn_vasterbotten: "Västerbotten"
 cn_vasterbotten_adj: "västerbotten"
 cn_kola: "Kola"
 cn_kola_adj: "kola"
 cn_kuola: "Kuola"
 cn_kuola_adj: "kuola"
 cn_ruija: "Ruija"
 cn_ruija_adj: "ruija"
 cn_leporie: "Leporie"
 cn_leporie_adj: "leporie"
 #HRE
 cn_lubsko: "Lubsko"
 cn_lubsko_adj: "lubsko"
 cn_zemr: "Žemŕ"
 #Slovenia
 cn_gorz: "Görz"
 cn_gorz_adj: "görz"
 #Sicily
 cn_balarm: "Balarm"
 cn_balarm_adj: "balarm"
 cn_qasriyana: "Qasriyana"
 cn_qasriyana_adj: "qasriyana"
 cn_enna: "Enna"
 cn_enna_adj: "enna"
 cn_sarqusa: "Sarqusa"
 cn_sarqusa_adj: "sarqusa"
 cn_siqilliya: "Siqilliya"
 cn_siqilliya_adj: "siqilliya"
 cn_sezer: "Sezer"
 cn_sezer_adj: "sezer"
 cn_nis: "Niš"
 cn_nis_adj: "nišane"
 cn_liubice: "Liubice"
 cn_liubice_adj: "liubice"
 cn_curonia: "Curonia"
 cn_curonia_adj: "curonienne"
 cn_kurland: "Kurland"
 cn_kurland_adj: "kurland"
 #Semigallia, after much debate
 cn_zemgale: "Zemgale"
 cn_ziemgala: "Žiemgala"
 cn_semgallen: "Semgallen"
 #Iberian names for Canary Islands
 cn_tenerife: "Ténérife"
 cn_canaria: "Gran-Canaria"
 cn_fuerteventura: "Fuerteventura"
 cn_lanzarote: "Lanzarote"
 #Guanche collective name for the Canaries (translated from the word people/state)
 cn_guanac: "Al-Guañac"
 cn_krain: "Carniole"
 cn_krain_adj: "carniolienne"
 cn_krainburg: "Krainburg"
 cn_krainburg_adj: "krainburgeoise"
 cn_lower_lorraine: "Basse-Lorraine"
 cn_lower_lorraine_adj: "basse-lorraine"
 cn_upper_lorraine: "Haute-Lorraine"
 cn_upper_lorraine_adj: "haute-lorraine"
 cn_sirista: "Sirista"
 cn_candia: "Candia"
 cn_candia_adj: "candian"
 cn_la_canea: "La Canea"
 cn_kara_khitai: "Kara Khitaï"
 cn_kara_khitai_adj: "kara-khitane"
 #Crimea
 cn_kerkinitis: "Kerkinitis"
 cn_kerkinitis_adj: "kerkinitienne"
 cn_kozlov: "Kozlov"
 cn_kozlov_adj: "kozlovienne"
 cn_scythian_neapolis: "Néapolis Scythe"
 cn_scythian_neapolis_adj: "scythe"
 cn_taphros: "Taphros"
 cn_taphros_adj: "taphrosienne"
 #Azov
 cn_tmutarakan: "Tamatarcha"
 cn_tmutarakan_adj: "tamatarcha"
 cn_labrys: "Labrys"
 cn_labrys_adj: "labrys"
 cn_azara: "Azara"
 cn_azara_adj: "azara"
 cn_pataroue: "Pataroue"
 cn_pataroue_adj: "pataroue"
 cn_paniardis: "Paniardis"
 cn_paniardis_adj: "paniardis"
 #Don Valley
 cn_tanais: "Tanais"
 cn_tanais_adj: "tanais"
 #Levedia
 cn_scythia: "Scythie"
 cn_scythia_adj: "scythe"
 cn_southscythia: "Scythie du Sud"
 cn_southscythia_adj: "sud-scythe"
 cn_hygreis: "Hygreis"
 cn_hygreis_adj: "hygreis"
 cn_oleshia: "Oleshia"
 cn_oleshia_adj: "oleshia"
 #Yedisan
 cn_olbia: "Olbia"
 cn_olbia_adj: "olbia"
 cn_borysthenes: "Borysthène"
 cn_borysthenes_adj: "borysthène"
 #Bugeac
 cn_tyras: "Tyras"
 cn_tyras_adj: "tyras"
 cn_aepolium: "Aepolium"
 cn_aepolium_adj: "aepolienne"
 #Alania
 cn_gorgippia: "Gorgippia"
 cn_gorgippia_adj: "gorgippia"
 cn_torikos: "Torikos"
 cn_torikos_adj: "torikos"
 #Dobrudja
 cn_scythia_minor: "Scythie mineure"
 cn_scythia_minor_adj: "scythe"
 cn_south_jedisan: "Yedisan du Sud"
 cn_south_jedysan: "Jedysan du Sud"
 cn_south_edisan: "Edisan du Sud"
 cn_south_borysthenes: "Borysthène du Sud"
 cn_bo_ro_: "Börö"
 cn_cumania: "Coumanie"
 cn_black_cumania: "Coumanie noire"
 #Tai
 cn_moeng_lu: "Moeng Lü"
 #Han
 cn_jinglong: "Jinglong"
 cn_mengla: "Mengla"
 cn_mengling: "Mengling"
 cn_menglong: "Menglong"
 cn_mengpeng: "Mengpeng"
 cn_mengyang: "Mengyang"
 ###Korean
 #baronies
 cn_sanggyeong: "Sanggyeong" #上京 (상경)
 cn_junggyeong: "Junggyeong" #中京 (중경)
 cn_donggyeong: "Donggyeong" #東京 (동경)
 cn_namgyeong: "Namgyeong" #南京 (남경)
 cn_seogyeong: "Seoggyeong" #西京 (서경)
 cn_buyeoseong: "Buyeoseong" #扶餘京 (부여경)
 cn_deongnijin: "Deongnijin" #德里鎮 (덕리진)
 cn_haju: "Haju" #瑕州 (하주)
 cn_hwaju: "Hwaju" #華州 (화주)
 cn_jeongju: "Jeongju" #定州 (정주)
 cn_anju: "Anju" #安州 (안주)
 cn_iju: "Yiju" #伊州 (이주)
 cn_okju: "Okju" #沃州 (옥주)
 #counties+
 cn_jeoju: "Jeoju" #宁州 (저주)
 cn_jeoju_adj: "$cn_jeoju$"
 cn_buyeo: "Buyeo" #扶餘 (부여)
 cn_buyeo_adj: "$cn_buyeo$"
 cn_yodong: "Yodong" #遼東 (요동)
 cn_yodong_adj: "$cn_yodong$"
 cn_yongju: "Yongju" #龍州 (용주)
 cn_yongju_adj: "$cn_yongju$"
 cn_gyeongju: "Gyeongju" #庆州 (경주)
 cn_gyeongju_adj: "$cn_gyeongju$"
 cn_hyeonju: "Hyeonju" #顯州 (현주)
 cn_hyeonju_adj: "$cn_hyeonju$"
 cn_sinju: "Sinju" #神州 (신주)
 cn_sinju_adj: "$cn_sinju$"
 cn_buju: "Buju" #扶州 (부주)
 cn_buju_adj: "$cn_buju$"
 cn_solbin: "Solbin" #率賓 (솔빈)
 cn_solbin_adj: "$cn_solbin$"
 cn_dalju: "Dalju" #達州 (달주)
 cn_dalju_adj: "$cn_dalju$"
 cn_anwon: "Anwon" #安遠 (안원)
 cn_anwon_adj: "$cn_anwon$"
 cn_solbin_anwon: "Solbin-Anwon" #率賓 (솔빈) - 安遠 (안원)
 cn_solbin_anwon_adj: "$cn_solbin_anwon$"
 cn_north_anwon: "Anwon septentrional" #安遠 (안원)
 cn_north_anwon_adj: "$cn_north_anwon$"
 cn_anbyeon: "Anbyeon" #安邊 (안변)
 cn_anbyeon_adj: "$cn_anbyeon$"
 cn_north_anbyeon: "Anbyeon septentrional" #安邊 (안변)
 cn_north_anbyeon_adj: "$cn_north_anbyeon$"
 cn_jeongni: "Jeongni" #定理 (정리)
 cn_jeongni_adj: "$cn_jeongni$"
 cn_south_yongwon: "Yongwon méridional" #龍原 (용원)
 cn_south_yongwon_adj: "$cn_south_yongwon$"
 cn_north_yongwon: "Yongwon septentrional" #龍原 (용원)
 cn_north_yongwon_adj: "$cn_north_yongwon$"
 cn_namhae: "Namhae" #南海 (남해)
 cn_namhae_adj: "$cn_namhae$"
 cn_east_jangryeong: "Jangryeong oriental" #長嶺 (장령)
 cn_east_jangryeong_adj: "$cn_east_jangryeong$"
 cn_west_jangryeong: "Jangyreong occidental" #長嶺 (장령)
 cn_west_jangryeong_adj: "$cn_west_jangryeong$"
 cn_east_amnok: "Amnok oriental" #鴨綠 (압녹)
 cn_east_amnok_adj: "$cn_east_amnok$"
 cn_west_amnok: "Amnok occidental" #鴨綠 (압녹)
 cn_wast_amnok_adj: "$cn_west_amnok$"
 cn_east_hyeondeok: "Hyeondeok oriental" #顯德 (현덕)
 cn_east_hyeondeok_adj: "$cn_east_hyeondeok$"
 cn_west_hyeondeok: "Hyeondeok occidental" #顯德 (현덕)
 cn_west_hyeondeok_adj: "$cn_west_hyeondeok$"
 cn_amnok_jangryeong: "Amnok-Jangryeong" #鴨綠 (압녹)-長嶺 (장령)
 cn_amnok_jangryeong_adj: "$cn_amnok_jangryeong$"
 cn_yongcheon: "Yongcheon" #龍泉 (용천)
 cn_yongcheon_adj: "$cn_yongcheon$"
 cn_balhae: "Balhae" #渤海 (발해)
 cn_balhae_adj: "$cn_balhae$"
 cn_west_cheolli: "Cheolli occidental" #鐵利 (철리)
 cn_west_cheolli_adj: "$cn_west_cheolli$"
 cn_yeongju: "Yeongju" #郢州 (영주)
 cn_yeongju_adj: "$c_BAL_yeongju$"
 cn_dongju: "Dongju" #銅州 (동주)
 cn_dongju_adj: "$c_BAL_dongju$"
 cn_hoewon: "Hoewon" #懷遠 (회원)
 cn_hoewon_adj: "$cn_hoewon$"
 cn_west_hoewon: "Hoewon occidental" #懷遠 (회원)
 cn_west_hoewon_adj: "$cn_west_hoewon$"
 cn_central_hoewon: "Hoewon central" #懷遠 (회원)
 cn_central_hoewon_adj: "$cn_central_hoewon$"
 cn_east_hoewon: "Hoewon oriental" #懷遠 (회원)
 cn_east_hoewon_adj: "$cn_east_hoewon$"
 cn_south_hoewon: "Hoewon méridional" #懷遠 (회원)
 cn_south_hoewon_adj: "$cn_south_hoewon$"
 cn_dongpyeong: "Dongpyeong" #東平 (동평)
 cn_dongpyeong_adj: "$cn_dongpyeong$"
 cn_cheolli: "Cheolli" #鐵利 (철리)
 cn_cheolli_adj: "$cn_cheolli$"
 cn_jeonghwa: "Jeonghwa" #鄭颉 (정화)
 cn_jeonghwa_adj: "$cn_jeonghwa$"
 cn_jeongju_2: "Jeongju" #鄭州 (정주)
 cn_jeongju_adj: "$cn_jeongju$"
 cn_jinju: "Jinju" #陳州 (진주)
 cn_jinju_adj: "$cn_jinju$"
 cn_okjeo: "Okjeo" #沃沮 (옥저)
 cn_okjeo_adj: "$cn_okjeo$"
 cn_pungju: "Pungju" #豐州 (풍주)
 cn_pungju_adj: "$cn_pungju$"
 #Japan
 cn_east_hokkaido: "Hokkaidō oriental"
 cn_east_hokkaido_adj: "$cn_east_hokkaido$"
 cn_west_hokkaido: "Hokkaidō occidental"
 cn_west_hokkaido_adj: "$cn_west_hokkaido$"
 cn_matsumae: "Matsumae" #松前
 cn_kameda: "Kameda" #亀田
 cn_nishi: "Nishi" #爾志
 cn_kayabe: "Kayabe" #茅部
 cn_otaru: "Otaru" #小樽
 cn_setana: "Setana"
 cn_abuta: "Abuta" #虻田
 cn_yoichi: "Yoichi" #余市
 cn_oshima: "Oshima" #渡島
 cn_rumoi: "Rumoi" #留萌
 cn_sorachi: "Sorachi" #空知
 cn_shiribeshi: "Shiribeshi" #後志
 cn_ishikari: "Ishikari" #石狩
 cn_asahikawa: "Asahikawa" #旭川
 cn_yufutsu: "Yūfutsu" #勇払
 cn_saru: "Saru" #沙流
 cn_shizunai: "Shizunai" #静内
 cn_muroran: "Muroran" #室蘭
 cn_iburi: "Iburi" #胆振
 cn_kitami: "Kitami" #北見
 cn_monbetsu: "Monbetsu" #紋別
 cn_soya: "Sōya" #宗谷
 cn_kamikawa: "Kamikawa" #上川
 cn_teshio: "Teshio" #天塩
 cn_tokachi: "Tokachi" #十勝
 cn_hiro_o: "Hiro’o" #広尾
 cn_obihiro: "Obihiro" #帯広
 cn_kushiro: "Kushiro" #釧路
 cn_abashiri: "Abashiri" #網走
 cn_nemuro: "Nemuro" #根室
 cn_shiretoko: "Shiretoko" #知床
 cn_shisuka: "Shisuka" #敷香
 cn_esutoru: "Esutoru" #恵須取
 cn_keton: "Keton" #気屯
 cn_hokobe: "Hokobe" #鉾部
 cn_chishima: "Chishima" #千島
 cn_kunashiri: "Kunashiri" #国後
 cn_etorofu: "Etorofu" #択捉
 cn_honto: "Honto" #本斗
 cn_kushunnai: "Kushunnai" #久春内
 cn_tsuimu: "Tsuimu" #対毛
 cn_otchishi: "Otchishi" #落石
 cn_kusunkotan: "Kushunkotan" #久春古丹
 cn_okinawa: "Okinawa" #沖縄
 cn_okinawa_adj: "$cn_okinawa|l$"
 cn_taga: "Taga" #多賀
 cn_taga_adj: "$cn_taga$"
 cn_dewa: "Dewa" #出羽
 cn_dewa_adj: "$cn_dewa$"
 cn_akita: "Akita" #秋田
 cn_akita_adj: "$cn_akita$"
 cn_mutsu: "Mutsu" #陸奥
 cn_mutsu_adj: "$cn_mutsu$"
 cn_ryukyu: "Ryūkyū" #琉球
 cn_ryukyu_adj: "$cn_ryukyu$"
 cn_east_oshima: "Oshima oriental" #渡島
 cn_east_oshima_adj: "$cn_east_oshima$"
 cn_west_oshima: "Oshima occidental" #渡島
 cn_west_oshima_adj: "$cn_west_oshima$"
 cn_ezo: "Ezo" #蝦夷
 cn_ezo_adj: "$cn_ezo$"
 cn_kuye: "Kuye" #库页
 cn_kuye_adj: "$cn_kuye$"
 cn_sahaliyan: "Sahaliyan" #萨哈林
 cn_ygh_mif: "Ygh-mif"
 cn_ygh_mif_adj: "$cn_ygh_mif$"
 cn_sahaliyan_adj: "$cn_sahaliyan$"
 cn_karafuto: "Karafuto" #樺太
 cn_karafuto_adj: "$cn_karafuto$"
 cn_yankemosir: "Yankemosir"
 cn_yankemosir_adj: "$cn_yankemosir$"
 cn_boluo: "Boluo" #波羅
 cn_guohuo: "Guohuo" #果夥
 cn_nanghaer: "Nanghaer" #嚢哈儿
 cn_yidui: "Yidui" #伊対
 cn_wulie: "Wulie" #兀烈
 cn_shimajiri: "Shimajiri" #島尻
 cn_shimajiri_adj: "$cn_shimajiri$"
 cn_nakagami: "Nakagami" #中頭
 cn_nakagami_adj: "$cn_nakagami$"
 cn_kunigami: "Kunijiri" #国頭
 cn_kunigami_adj: "$cn_kunigami$"
 cn_kunohe: "Kunohe" #九戸
 cn_kurihara: "Kurihara" #栗原
 cn_kita: "Kita" #北
 cn_sannohe: "Sannohe" #三戸
 cn_ninohe: "Ninohe" #二戸
 cn_hiyama: "Hiyama" #檜山
 cn_yamamoto: "Yamamoto" #山本
 cn_ogachi: "Ogachi" #雄勝
 cn_akumi: "Akumi" #飽海
 cn_haguro: "Haguro" #羽黒山
 cn_motoyoshi: "Motoyoshi" #本吉
 cn_michinoku: "Michinoku" #陸奥
 cn_michinoku_adj: "$cn_michinoku$"
 cn_koma: "Koma" #高麗
 cn_shiragi: "Shiragi" #新羅
 cn_kudara: "Kudara" #百済
 #Champa
 cn_champa_indrapura: "Indrapura"
 cn_champa_mahaparvata: "Mahaparvata"
 cn_champa_bingi: "Bingi"
 cn_champa_kandarapura: "Kandarapura"
 cn_champa_rajatagopurani: "Rajatagopurani"
 #Khitan
 cn_dan_gur: "Dan Gur" #東丹
 #Chinese
 cn_bohai: "Bóhai" #渤海 (Bóhǎi)
 cn_jiaozhi: "Jiāozhi" #交趾 (Jiāozhǐ)
 cn_jiuzhen: "Jiuzhēn" #九真 (Jiǔzhēn)
 cn_rinan: "Rìnán" #日南
 cn_longquan: "Lóngquán" #龍泉
 cn_longzhou: "Lóngzhōu" #龍州
 cn_nanhai: "Nánhai" #南海 (Nánhǎi)
 cn_wozhou: "Wòzhōu" #沃州
 cn_woju: "Wòju" #沃沮 (Wòjǔ)
 cn_qingzhou: "Qìngzhōu" #庆州
 cn_xianzhou: "Xianzhōu" #顯州 (Xiǎnzhōu)
 cn_shenzhou: "Shénzhōu" #神州
 cn_xiazhou: "Xiázhōu" #瑕州
 cn_zhengjie: "Zhèngjié" #鄭颉
 cn_zhengjie_adj: "$cn_zhengjie$"
 cn_zhengzhou: "Zhèngzhōu" #鄭颉
 cn_zhengzhou_adj: "$cn_zhengzhou$"
 cn_annan: "Annan" #安南
 cn_jiaozhou: "Jiaozhou" #交州
 cn_songping: "Songping" #宋平
 cn_longbian: "Longbian" #龙编
 cn_taiping: "Taiping" #太平
 cn_wue: "Wue" #武峨
 cn_changshang: "Changshang" #长上
 cn_junzhou: "Junzhou" #郡州
 cn_junkou: "Junkou" #郡口
 cn_anle: "Anle" #安乐
 cn_wuan: "Wuan" #武安
 cn_sumao: "Sumao" #苏茂
 cn_guihua: "Guihua" #归化
 cn_wenliang: "Wenliang" #文谅
 cn_guangyuan: "Guangyuan" #广源
 cn_huanzhou: "Huanzhou" #驩州
 cn_jiude: "Jiude" #九德
 cn_huaihuan: "Huaihuan" #怀驩
 cn_tanglin: "Tanglin" #唐林
 cn_riluo: "Riluo" #日落
 cn_changzhou: "Changzhou" #长州
 cn_wenyang: "Wenyang" #文阳
 cn_xupu: "Xupu" #胥浦
 cn_changshan: "Changshan" #长山
 cn_dujin: "Dujin" #都金
 cn_jianing: "Jianing" #嘉宁
 cn_gantang: "Gantang" #甘棠
 #Jurchen
 cn_dazhen: "Dàzhēn" #大真
 #Viet
 cn_linh_nam: "Lĩnh Nam" #嶺南
 cn_nam_viet: "Nam Viet" #南越
 cn_dong_duong: "Dong Duong" #同陽 (Đồng Dương)
 cn_do_ban: "Do Bàn" #阇槃 (Đồ Bàn)
 #Korea
 cn_goryeo: "Goryeo"
 cn_silla_throne: "Silla Throne"
 cn_shangjing: "Shangjing"
 cn_dongjing: "Dongjing"
 cn_zhongjing: "Zhongjing"
 cn_xingqing: "Xingqing"
 cn_wamo: "Wamo"
 cn_gemen: "Gemen" #閤门
 cn_michuan: "Michuan" #米川
 cn_juyan: "Juyan" #居延
 cn_tongcheng: "Tongcheng" #同城
