l_english:
#Dzungaria
 cn_great_uyghur:0 "Great Uyghur"
 cn_anxi:0 "Anxi"
 cn_anbei:0 "Anbei"
#Mongolia
 cn_qay:0 "Qay"
 cn_jubu:0 "Jubu"
 cn_n_jubu:0 "North Jubu"
 cn_karakhanid:0 "Karakhanid"
 cn_c_degere:0 "Shangjing"
 cn_b_degere:0 "Shangjing"
 
#
 cn_tang:0 "Tang"
 cn_song:0 "Song"
 cn_zhou:0 "Zhou"
 cn_qing:0 "Qing"
 cn_bohai:0 "Bohai"
 cn_balhae:0 "Balhae"
 cn_dongdan:0 "Dongdan"
 cn_jin:0 "Jin"
 cn_motgit:0 "Motgit"
 cn_urge:0 "Urge"
 cn_wuguo:0 "Wuguo"
 cn_donghai:0 "Donghai"
 cn_yilou:0 "Yilou"
 cn_goguryeo:0 "Goguryeo"
 cn_mohe:0 "Mohe"
 cn_buyeo:0 "Buyeo"
 cn_yemo:0 "Yemo"
 cn_yuan:0 "Yuan"
 cn_liao:0 "Liao"
 cn_jinn:0 "Jinn"
 cn_yan:0 "Yan"
 cn_yin:0 "Yin"
 cn_dalli:0 "Dalli"
 cn_xia:0 "Xia"
 cn_jiuli:0 "Jiuli"
 cn_pu:0 "Pu"
 cn_yue:0 "Yue"
 cn_dian:0 "Dian"
 cn_andong:0 "Andong"
 cn_monan:0 "Monan"
 cn_yinshan:0 "Yinshan"
 cn_chanyu:0 "Chanyu"
 cn_daning:0 "Daning"
 cn_nanzhao:0 "Nanzhao"
 cn_dali:0 "Dali"
 cn_cuan:0 "Cuan"
 cn_changhe:0 "Changhe"
 cn_xie:0 "Xie"
 cn_dongjing:0 "Dongjing"
 cn_hanhai:0 "Hanhai"
#Southeast
 cn_chiang_mai:"Chiang Mai"
 cn_chiang_rai:"Chiang Rai"
 cn_singkhon:"Singkhon"
 cn_phattalung:0 "Phattalung"
 cn_trang:0 "Trang"
 cn_satun:0 "Satun"
 cn_ayutthaya:0 "Ayutthaya"
 cn_chantaburi:0 "Chantaburi"
 cn_phetchaburi:0 "Phetchaburi"
 cn_tavoy:0 "Tavoy"
 cn_thawai:0 "Thawai"
 cn_tra:0 "Tra"
 cn_tanintharyi:0 "Tanintharyi"
 cn_tanaosri:0 "Tanaosri"
 cn_tampornling:0 "Tampornling"
 cn_tanmaling:0 "Tanmaling"
 cn_madamalingam:0 "Madamalingam"
 cn_tha_thong:0 "Tha Thong"
 cn_takua_pa:0 "Takua Pa"
 cn_takun:0 "Takun"
 cn_kakola:0 "Kakola"
 cn_thalang:0 "Thalang"
 cn_silan:0 "Silan" #?
 cn_lanna:0 "Lanna"
 cn_duwop:0 "Duwop"
 cn_bik:0 "Bik"
 cn_gandalarattha:0 "Gandalarattha"
 cn_xibo:0 "Xibo"
 cn_thibaw:0 "Thibaw"
 cn_hansavadi:0 "Hansavadi"
 cn_rathawadi:0 "Rathawadi"
 cn_inle:0 "Inle"
 cn_kambojarattha:0 "Kambojarattha"
 cn_saturambha:0 "Saturambha"
 cn_mobye:0 "Mobye"
 cn_ye_city:0 "Ye City"
 cn_hawai:0 "Hawai"
 cn_marit:0 "Marit"
 cn_poik:0 "Pòik"
#Vietnamese Champa
 cn_shuzhou_laos:0 "Shuzhou"
 cn_tangzhou_vn:0 "Tangzhou"
 cn_rinan:0 "Rinan"
 cn_shunhua_vn:0 "Thuan Hoa"
 cn_biying:0 "Biying"
 cn_zhuwu:0 "Zhuwu"
 cn_xijuan:0 "Xijuan"
 cn_lurong:0 "Lurong"
 cn_dianchong:0 "Dianchong"
 cn_buzhengzhou:0 "Bo Chanh Chau"
 cn_xinping_vn:0 "Tan Binh"
 cn_shunzhou_vn:0 "Thuan Chau"
 cn_huazhou_vn:0 "Hoa Chau"
 cn_shenghua_vn:0 "Thang Hoa"
 cn_shengzhou_vn:0 "Thang Chau"
 cn_guangnan_vn:0 "Quang Nam"
 cn_huairen_vn:0 "Hoai Nhan"
 cn_suiyuan_vn:0 "Tuy Vien"
 cn_taikang_vn:0 "Thai Khang"
 cn_pingshun_vn:0 "Binh Thuan"
 cn_fanqie:0 "Phien Thiet"
 cn_meichui:0 "Moi Xuy"
 cn_longchuan_vn:0 "Long Xuyen"
 cn_longhu_vn:0 "Long Ho"
 cn_fanzhen_vn:0 "Phien Tran"
 cn_fanan_vn:0 "Phien An"
 cn_saigon:0 "Sai Con"
 cn_hexian_vn:0 "Ha Tien"
 cn_suila_vn:0 "Tuy Lap"
 cn_heduo_vn:0 "Hoa Da"
 cn_nanrong_vn:0 "Nam Vinh"
 cn_meilin_vn:0 "Mi Lam"
 cn_zhenxi_vn:0 "Tran Tay"
 cn_shuishe_vn:0 "Thuy Xa"
 cn_huoshe_vn:0 "Hoa Xa"
 cn_geba_vn:0 "Ca Bat"
 cn_jinpai_vn:0 "Cam Bai"
 cn_haixi_vn:0 "Hai Tay"
 cn_haidong_vn:0 "Hai Dong"
 cn_xining_vn:0 "Tay Ninh"
 cn_tongni:0 "Dong Ni"
 cn_miannan_vn:0 "Mien Nam"
 cn_xishan_vn:0 "Tay San" #暂且如此
 cn_huan_champa:0 "Huan"
#Chinese Nanyang
 cn_sishui_ny:0 "Sishui"
 cn_jiugang_ny:0 "Jiugang"
 cn_xingzhou_ny:0 "Xingzhou"
 cn_xinshan_ny:0 "Xinshan"
 cn_kundian_ny:0 "Kundian"
 cn_shule:0 "Shule"
 cn_suoju:0 "Suoju"
 cn_suiye:0 "Suiye"
 cn_siber:0 "Xianbei"
#Ezo and Ryukyu
 cn_c_oshima:0 "Oshima"
 cn_b_hakodate:0 "Hakodate"
 cn_b_hiyama:0 "Hiyama"
 cn_b_yamakoshi:0 "Yamakoshi"
 cn_c_iburi:0 "Iburi"
 cn_b_yufutsu:0 "Yufutsu"
 cn_b_abuta:0 "Abuta"
 cn_c_hidaka:0 "Hidaka"
 cn_b_saru:0 "Saru"
 cn_b_samani:0 "Samani"
 cn_c_ishikari:0 "Ishikari"
 cn_b_ishikari:0 "Sapporo"
 cn_b_sorachi:0 "Sorachi"
 cn_b_kamikawa:0 "Kamikawa"
 cn_c_shiribeshi:0 "Shiribeshi"
 cn_b_shiribeshi:0 "Shiribeshi"
 cn_c_teshio:0 "Teshio"
 cn_b_mashike:0 "Mashike"
 cn_b_teshio:0 "Teshio"
 cn_b_nakagawa:0 "Nakakawa"
 cn_b_soya:0 "Soya"
 cn_c_kushiro:0 "Kushiro"
 cn_b_kushiro:0 "Kushiro"
 cn_b_akkeshi:0 "Atsukeshi"
 cn_b_ashoro:0 "Ashoro"
 cn_c_tokachi:0 "Tokachi"
 cn_b_tokachi:0 "Tokachi"
 cn_b_shihoro:0 "Shihoro"
 cn_c_nemuro:0 "Nemuro"
 cn_b_nemuro:0 "Nemuro"
 cn_c_chishima:0 "Chishima"
 cn_b_chishima:0 "Kunashiri"
 cn_c_kitami:0 "Kitami"
 cn_b_monbetsu:0 "Monbetsu"
 cn_b_abashiri:0 "Abashiri"
 cn_b_etorofu:0 "Etorofu"
 cn_c_kuvieh:0 "Karafuto"
 cn_b_KuviehNorth:0 "Ochiishi"
 cn_b_KuviehSough:0 "Shisuka"
 cn_b_KuviehEast:0 "Okutan"
 cn_k_ezo:0 "Kamuymosir"
 cn_d_kitaezo:0 "Heperamosir"
 cn_d_minamiezo:0 "Hepasimosir"
 cn_d_higashiezo:0 "Cupkamosir"
 cn_k_ryukyu:0 "Ryūkyū"
 cn_d_okinawa:0 "Okinawa"
 cn_c_hokuzan:0 "Hokuzan"
 cn_d_saki:0 "Saki"
 cn_c_saki:0 "Saki"
 cn_b_saki:0 "Saki"
 cn_c_miyako:0 "Miyako"
 cn_b_miyako:0 "Miyako"
#
 cn_goguryeo_korean:0 "Goguryeo"
 cn_goguryeo_chinese:0 "Andong"
 cn_goguryeo_manchu:0 "Mukden"
 cn_tinh_hai:0 "Tĩnh Hải"
 cn_jiaozhi:0 "Jiaozhi"
 cn_jiuzhen:0 "Jiuzhen"
 cn_beijiang:0 "Beijiang"
 cn_fengzhou:0 "Fengzhou"
 