l_english:
############################################################################
######                                                                     #
######  More Bookmarks Title File                                          #
######                                                                     #
######  These are all titles that have either been re-localized or are new #
############################################################################
 b_aardenburg:0 "Aardenburg"
 b_aargau:0 "Aargau"
 b_abbayedemortemer:0 "Abbaye de Mortemer"
 b_ablanque:0 "Ablanque"
 b_accera:0 "Accera"
 b_aderno:0 "Aderno"
 b_agathopolis:0 "Agathopolis"
 b_aheim:0 "Andechs"
 b_aileach_bod:0 "Aileach"
 b_aire:0 "Thérouanne"
 b_akhalkalaki:0 "Akhalkalaki"
 b_al-haruniya:0 "Irenopolis"
 b_alaghaila:0 "Qasr al-Buraygah"
 b_albano:0 "Albano Laziale"
 b_albe:0 "Albe"
 b_albino:0 "Albino"
 b_alenquer:0 "Alenquer"
 b_alistegunde:0 "Nuia"
 b_aljezur:0 "Aljezur"
 b_aljustrel:0 "Aljustrel"
 b_alouston:0 "Alouston"
 b_alsenai:0 "Alšėnai"
 b_alto_aragon:0 "Jaca"
 b_altopascio:0 "Altopascio"
 b_aluksne:0 "Alūksne"
 b_amaras:0 "Amaras"
 b_amberd:0 "Amberd"
 b_ambrolauri:0 "Ghebi"
 b_amioun:0 "Amioun"
 b_andria:0 "Andria"
 b_apeldoorn:0 "Harderwijk"
 b_aquino:0 "Aquino"
 b_arcadia:0 "Alifeira"
 b_arce:0 "Arce"
 b_archabis:0 "Atina"
 b_arcidosso:0 "Arcidosso"
 b_arona:0 "Arona"
 b_arran:0 "Kingarth"
 b_arras:0 "Arras"
 b_artashat:0 "Artashat"
 b_artvini:0 "Artvini"
 b_arun:0 "Arundel"
 b_ashtarak:0 "Ashtarak"
 b_asmena:0 "Ašmena"
 b_astryna:0 "Astryna"
 b_athlone:0 "Birr"
 b_atskuri:0 "Atskuri"
 b_aube:0 "Saint-Florentin"
 b_aubonne:0 "Aubonne"
 b_avellino:0 "Avellino"
 b_aversa:0 "Aversa"
 b_avezzano:0 "Avezzano"
 b_bag:0 "Pag"
 b_baghaberd:0 "Baghaberd"
 b_baghnahuamh:0 "Rum"
 b_bandava:0 "Kuldīga"
 b_baniyassyria:0 "Baniyas"
 b_banjaluka:0 "Orbászvár"
 b_bassano:0 "Bassano del Grappa"
 b_batacrim:0 "Bata"
 b_bautzen:0 "Bautzen"
 b_beaumont_sur_leze:0 "Beaumont-de-Lomagne"
 b_beichtinen:0 "Beichlingen"
 b_beitkfeya:0 "Bhersaf"
 b_belfort:0 "Belfort"
 b_belizi:0 "Belzig"
 b_benabarre:0 "Benabarre"
 b_berge:0 "Biberach"
 b_besensheim:0 "Bensheim"
 b_bethgibelin:0 "Beth Gibelin"
 b_bethlehem:0 "Bethlehem"
 b_bethsan:0 "Bethsan"
 b_bethune:0 "Bethune"
 b_beveren:0 "Bevern"
 b_bezichi:0 "Bezhichi"
 b_bingol:0 "Bingöl"
 b_birr:0 "Athlone"
 b_bitlis:0 "Baghesh"
 b_bjni:0 "Bjni"
 b_blamont:0 "Blamont"
 b_bobbio:0 "Bobbio"
 b_bobruisk:0 "Chervyen"
 b_bodbe:0 "Bodbe Monastery"
 b_boltanya:0 "Boltaña"
 b_bosco:0 "Bosco"
 b_bosworth:0 "Shardlow"
 b_boudounitsa:0 "Mountonitsa"
 b_brene:0 "Herzberg"
 b_brolio:0 "Chiusi"
 b_brolio:0 "Radicofani"
 b_budslau:0 "Budslau"
 b_bukistsikhe:0 "Bukistsikhe"
 b_buonalbergo:0 "Buonalbergo"
 b_butera:0 "Butera"
 b_caernarfon:0 "Caernarfon"
 b_calascio:0 "Calascio"
 b_camacha:0 "Kamacha"
 b_camarda:0 "Roseto"
 b_caminate:0 "Rocca Delle Caminate"
 b_campobasso:0 "Campobasso"
 b_cantanhede:0 "Cantanhede"
 b_capaccio:0 "Capaccio"
 b_capcir:0 "Capcir"
 b_carrara:0 "Carrara"
 b_carrpad:0 "Castello Carrarese"
 b_casel:0 "Castell"
 b_casentino:0 "Castello dei Conti Guidi"
 b_castellnou:0 "Castelnou"
 b_castellodellalucertola:0 "Castello della Lucertola"
 b_castellumregis:0 "Castellum Regis"
 b_castletown:0 "Castletown"
 b_caymont:0 "Caymont"
 b_ceklis:0 "Skrunda"
 b_celano:0 "Celano"
 b_cervia:0 "Cervia"
 b_champs:0 "Bourmont"
 b_chateaudetermes:0 "Château de Termes"
 b_chiusi:0 "Radicofani"
 b_cille_pheadair:0 "Cille Pheadair"
 b_colonsay:0 "Colonsay"
 b_concordia:0 "Concordia"
 b_constanta:0 "Konstantia"
 b_conversano:0 "Conversano"
 b_cornouailles:0 "Carhaix"
 b_coudeberg:0 "Coudeberg"
 b_crivitz:0 "Mecklenburg"
 b_crotoy:0 "Crotoy"
 b_cruzy:0 "Crusi"
 b_dagsburg:0 "Dagsburg"
 b_darom:0 "Darom"
 b_davidgareja:0 "Davit Gareja"
 b_debelt:0 "Debelt"
 b_deltuva:0 "Deltuva"
 b_derzene:0 "Derzene"
 b_devin:0 "Wurzen"
 b_diez:0 "Nassau"
 b_ditmarschen:0 "Meldorf"
 b_dlim:0 "Marmashen"
 b_dobovec:0 "Dobouz"
 b_domfront:0 "Domfront"
 b_druskieniki:0 "Druskininkai"
 b_drysa:0 "Druya"
 b_durne:0 "Walldürn"
 b_dzisna:0 "Dzisna"
 b_eberstein:0 "Eberstein"
 b_eboli:0 "Eboli"
 b_eibar:0 "Eibar"
 b_eilenburg:0 "Brehna"
 b_eisenach:0 "Wartburg"
 b_elna:0 "Elna"
 b_erazgewors:0 "Yerazgavors"
 b_erythrai:0 "Erythrai"
 b_esslingen:0 "Esslingen"
 b_este:0 "Este"
 b_etaples:0 "Étaples"
 b_eutin:0 "Eutin"
 b_eutin:0 "Wismar"
 b_fenis:0 "Fénis"
 b_fesensac:0 "Lectoure"
 b_fiesole:0 "Fiesole"
 b_finale:0 "Finale Ligure"
 b_fondi:0 "Fondi"
 b_forges:0 "Forges"
 b_fortunago:0 "Fortunago"
 b_frankenstein:0 "Prudnik"
 b_freiberg:0 "Freiberg"
 b_freiburg:0 "Zähringen"
 b_fribourg:0 "Fribourg"
 b_gallarate:0 "Castel Seprio"
 b_gallipoli_puglia:0 "Puglia"
 b_gardman:0 "Parisos"
 b_garestin:0 "Varaždin"
 b_garioch:0 "Mòrthlach"
 b_gatroun:0 "Botron"
 b_gavrilovskoye:0 "Sarskoye Gorodishche"
 b_geghardavank:0 "Geghard"
 b_gerace:0 "Gerace"
 b_geraci:0 "Geraci"
 b_geroldseck:0 "Schwarzach"
 b_gesualdo:0 "Gesualdo"
 b_gibeletcastle:0 "Château de Gibelet"
 b_giedraiciai:0 "Giedraičiai"
 b_glaz:0 "Liplje"
 b_gleichen:0 "Wachsenburg"
 b_gonzaga:0 "Gonzaga"
 b_gorey:0 "Gorey"
 b_gorizia:0 "Görz"
 b_gradara:0 "Gradara"
 b_grandola:0 "Grândola"
 b_granville:0 "Rogue de Lihou"
 b_greiffenst:0 "Greifenstein"
 b_guarda:0 "Guarda"
 b_gudakva:0 "Ilori"
 b_guernica:0 "Guernica"
 b_guines:0 "Guines"
 b_haghbat:0 "Haghpat"
 b_hagiasophia:0 "Hagia Sophia"
 b_hamamashen:0 "Hamamashen"
 b_hammerstein:0 "Czarne"
 b_harderwijk:0 "Apeldoorn"
 b_haro:0 "Haro"
 b_hlivno:0 "Livna"
 b_homburg:0 "Hameln"
 b_hrasekaberd:0 "Hrasekaberd"
 b_ibelin:0 "Ibelin"
 b_idanha:0 "Idanha-a-Nova"
 b_iesi:0 "Iesi"
 b_iksile:0 "Ikšķile"
 b_innsbruck:0 "Tirol"
 b_iona:0 "Iona"
 b_ischia:0 "Ischia"
 b_islay:0 "Finlaggan"
 b_iuje:0 "Yvija"
 b_jaca:0 "Canfranc"
 b_jekabpils:0 "Jēkabpils"
 b_jericho:0 "Jericho"
 b_jermuk:0 "Jermuk"
 b_joinville:0 "Brienne"
 b_kaghankatuyk:0 "Kaghankatuyk"
 b_kamnik:0 "Stein"
 b_kantara:0 "Kantara"
 b_keselo:0 "Keselo"
 b_khachen:0 "Khachen"
 b_khakhuli:0 "Khakhuli"
 b_khertvisi:0 "Khertvisi"
 b_kimmerikon:0 "Kimmerikon"
 b_kinlochkilkerran:0 "Kinlochkilkerran"
 b_kldekari:0 "Kldekari"
 b_kola:0 "Kola"
 b_kolon:0 "Kolontár"
 b_kranj:0 "Karnburg"
 b_kraslava:0 "Krāslava"
 b_kreusnach:0 "Sponheim"
 b_kreuzburg:0 "Kluczbork"
 b_krom:0 "Kromy"
 b_krsko:0 "Gurkfeld"
 b_kukes:0 "Kukës"
 b_kvara:0 "Geguti"
 b_kyburg:0 "Kyburg"
 b_la_haye:0 "Buzançais"
 b_la_peyrade:0 "Villefranche-de-Rouergue"
 b_la_salle:0 "Estaing"
 b_laar:0 "Laar"
 b_lajara:0 "Alía"
 b_laposbanya:0 "Oláhlápos"
 b_lauenburg:0 "Lauenburg"
 b_lausanne:0 "Vaud"
 b_le_puy:0 "La Chaise-Dieu"
 b_lebno:0 "Lebork"
 b_lecce:0 "Lecce"
 b_lecco:0 "Locarno"
 b_lechrain:0 "Landsberg am Lech"
 b_leightonstone:0 "Alconbury"
 b_leisning:0 "Leisnig"
 b_lemisele:0 "Limbaži"
 b_lennewarden:0 "Lielvārde"
 b_lentekhi:0 "Lenetekhi"
 b_lepiel:0 "Lepiel"
 b_lewis:0 "Carloway"
 b_leyre:0 "Leyre"
 b_limburg:0 "Niedernhausen"
 b_lister:0 "Sölvesborg"
 b_ljubljana:0 "Laibach"
 b_llivia:0 "Llívia"
 b_locarno:0 "Lecco"
 b_lomagne:0 "Auvillar"
 b_lomond:0 "Dunoon"
 b_loredo:0 "Cabrera"
 b_loughor:0 "Loughor"
 b_loule:0 "Loulé"
 b_lourinha:0 "Lourinhã"
 b_lucera:0 "Foggia"
 b_lugoItaly:0 "Lugio"
 b_lydda:0 "Lidde"
 b_macva:0 "Mačva"
 b_madytos:0 "Madytos"
 b_mafra:0 "Mafra"
 b_maglen:0 "Moglena"
 b_magnesia:0 "Magnesia"
 b_mahkanaberd:0 "Mahkanaberd"
 b_malaia_skvirka:0 "Tarashcha"
 b_malgara:0 "Malgara"
 b_mangalia:0 "Krounoi"
 b_mangalia:0 "Pangalia"
 b_mangup:0 "Phoros"
 b_manopello:0 "Manopello"
 b_mar:0 "Kindrochit"
 b_mardali:0 "Phasiane"
 b_mark:0 "Altena"
 b_marsico:0 "Marsico"
 b_martellago:0 "Martellago"
 b_martvili:0 "Martvili"
 b_martyropolis:0 "Citharizion"
 b_matochina:0 "Vukelu"
 b_medininkai:0 "Medininkai"
 b_medoc:0 "Lesparre-Médoc"
 b_meldi:0 "Medeca"
 b_meneith:0 "Menteith"
 b_mercaeur:0 "Brioude"
 b_mersenburg:0 "Merseburg"
 b_michalowo:0 "Rypin"
 b_minerve:0 "Minerva"
 b_mir:0 "Mir"
 b_mitau:0 "Jelgava"
 b_mokro:0 "Imotski"
 b_molise:0 "Molise"
 b_monopoli:0 "Monopoli"
 b_monte_sant_angelo:0 "Monte Sant'Angelo"
 b_montefeltro:0 "Carpegna"
 b_montemarono:0 "Montemarono"
 b_monteregio:0 "Castello di Monteregio"
 b_montlaur:0 "Ales"
 b_mora:0 "Ocana"
 b_mortlach:0 "Fyvie"
 b_morvan:0 "Avallon"
 b_mtensk:0 "Mtsensk"
 b_mull:0 "Duart"
 b_murviedro:0 "Sagunto"
 b_nagold:0 "Nagold"
 b_nardo:0 "Nardo"
 b_naumberg:0 "Sommerfeld"
 b_nektesi:0 "Shatili"
 b_nerola:0 "Nerola"
 b_neuenburg:0 "Jaunpils"
 b_newark:0 "Newark-on-Trent"
 b_nikomedia:0 "Nikomedeia"
 b_nocera:0 "Nocera"
 b_nola:0 "Nola"
 b_novellara:0 "Novellara"
 b_nowen:0 "Nauen"
 b_nukhpata:0 "Shaki"
 b_ocana:0 "Mora"
 b_odemira:0 "Odemira"
 b_odzrakhe:0 "Odzrakhe"
 b_oettingen:0 "Öettingen"
 b_olot:0 "Besalu"
 b_orbe:0 "Orbe"
 b_orlamunde:0 "Weimar"
 b_oropos:0 "Oropioi"
 b_ozerski:0 "Bely"
 b_ozurgeti:0 "Ozurgeti"
 b_pagaea:0 "Pagai"
 b_pallars:0 "Pallars Jussa"
 b_papenburg:0 "Saterland"
 b_parabiago:0 "Parabiago"
 b_pardiac:0 "Auch"
 b_parekhi:0 "Parekhi"
 b_parnes:0 "Hat'erk"
 b_parnu:0 "Pärnu"
 b_paternosicily:0 "Paterno"
 b_pecsen:0 "Tapolcaný"
 b_penne_aprutio:0 "Penne"
 b_percy:0 "Perci"
 b_petra:0 "Arkabi"
 b_pisano:0 "Montecastelli Pisano"
 b_pliven:0 "Pleven"
 b_poltsamaa:0 "Põltsamaa"
 b_pomorie:0 "Anchialos"
 b_pontecorvo:0 "Pontecorvo"
 b_pozzuoli:0 "Pozzuoli"
 b_putyvl:0 "Putivl"
 b_quingey:0 "Auxonne"
 b_qula:0 "Qula"
 b_qulb:0 "Sason"
 b_racconigi:0 "Racconigi"
 b_radfield:0 "Newmarket"
 b_rais:0 "Rezé"
 b_rapallo:0 "Rapallo"
 b_rastovets:0 "Berdychiv"
 b_recanati:0 "Recanati"
 b_redondesco:0 "Redondesco"
 b_reolid:0 "Reolid"
 b_rodopi:0 "Borovo"
 b_roeselare:0 "Sint-Baafs"
 b_romigny:0 "Château-Porcien"
 b_rosendaal:0 "Roosendaal"
 b_roses:0 "Castelló d'Empúries"
 b_roslavl:0 "Rostislavl"
 b_rostislavl:0 "Krasnoye"
 b_rudolfswerde:0 "Růdolfswerde"
 b_saddell:0 "Saddell"
 b_saintlo:0 "Saint-Lô"
 b_saintpol:0 "Saint-Pol"
 b_saissac:0 "Saissac"
 b_salacgriva:0 "Salacgrīva"
 b_salamiscyprus:0 "Salamis"
 b_salcininkai:0 "Šalčininkai"
 b_salm:0 "Salm en Vosges"
 b_salo:0 "Salò"
 b_salvaterra:0 "Salvaterra"
 b_sanmarino:0 "San Marino"
 b_sant_severo:0 "San Severo"
 b_santa_cruz_de_campezo:0 "Santa Cruz de Campezo"
 b_saone:0 "Saône"
 b_sarria:0 "Villablino"
 b_sarzana:0 "Sarzana"
 b_schio:0 "Schio"
 b_sedlec:0 "Egerberk"
 b_segura:1 "Segura"
 b_selestat:0 "Andlau"
 b_selpils:0 "Sēlpils"
 b_seltsa_u_nishi:0 "Demyansk"
 b_severina:0 "Severina"
 b_sevuki:0 "Kaghzvan"
 b_shabaran:0 "Šabaran"
 b_shikhlar:0 "Shikhlar"
 b_sinjcroat:0 "Sinj"
 b_sintra:0 "Sintra"
 b_sioni:0 "Sioni"
 b_sirmione:0 "Sirmione"
 b_skhalta:0 "Skhalta"
 b_skye:0 "Dunvegan"
 b_solothurn:0 "Solothurn"
 b_soncino:0 "Soncino"
 b_sondrio:0 "Sondrio"
 b_sorrento:0 "Sorrento"
 b_spas:0 "Chernivtsi"
 b_st_moluag:0 "St. Moluag"
 b_st_peter_port:0 "St. Peter Port"
 b_stablo:0 "Stablo"
 b_stauffen:0 "Stauffen"
 b_stavrovouni:0 "Stavrovouni"
 b_sternberg:0 "Sternberg"
 b_stoke_on_trent:0 "Stoke-on-Trent"
 b_sukdak:0 "Sougdaia"
 b_susapied:0 "Susa"
 b_svencionys:0 "Švenčionys"
 b_szaszkezd:0 "Szászkézd"
 b_tarazona:0 "Tudela"
 b_tatev:0 "Tatev"
 b_tauragnai:0 "Tauragnai"
 b_tavira:0 "Tavira"
 b_tekor:0 "Tekor"
 b_the_uists:0 "Bornais"
 b_tolentino:0 "Tolentino"
 b_tomar:0 "Tomar"
 b_tommerup:0 "Bollerup"
 b_toporo:0 "Eperjes"
 b_torhout:0 "Torhout"
 b_tori:0 "Tori"
 b_torroellademontgri:0 "Torroella de Montgrí"
 b_tourraine:0 "Tours"
 b_tours:0 "Touraine"
 b_towerdavid:0 "Tour de David"
 b_tralleis:0 "Tralleis"
 b_treviglio:0 "Treviglio"
 b_trezzo:0 "Trezzo"
 b_triglavski:0 "Terglau"
 b_trotternish:0 "Trotternish"
 b_trubending:0 "Truhendingen"
 b_tsikhegoji:0 "Tsikhegoji"
 b_tudela:0 "Tarazona"
 b_tulcha:0 "Aegyssus"
 b_tur:0 "Törökszentmiklós"
 b_tusculum:0 "Tusculum"
 b_tzanikha:0 "Argyropolis"
 b_tzouroulos:0 "Tzouroulos"
 b_uffenheim:0 "Hochlach"
 b_uxkull:0 "Jūrmala"
 b_valozhyn:0 "Vałožyn"
 b_vanevank:0 "Vanevank"
 b_vararakn:0 "Vararakn"
 b_vares:0 "Igis"
 b_varna:0 "Odessus"
 b_varto:0 "Surb Karapet"
 b_varzahan:0 "Varzahan"
 b_vasarhely:0 "Bakonybél"
 b_velay:0 "Le Puy"
 b_vella:0 "Vela"
 b_venden:0 "Cēsis"
 b_verres:0 "Verrès"
 b_ves_yogonska:0 "Cherepovets"
 b_vico:0 "Vico"
 b_vielsalm:0 "Vielsalm"
 b_vilkmerge:0 "Ukmergė"
 b_villablino:0 "La Bañeza"
 b_visoki:0 "Visoko"
 b_wadeilannen:0 "Terschelling"
 b_werben:0 "Werben"
 b_wesenburg:0 "Rakvere"
 b_wetzlar:0 "Gleiberg"
 b_wittenstein:0 "Wittgenstein"
 b_wunsdorf:0 "Wunstorf"
 b_yalta:0 "Gialita"
 b_yamboli:0 "Yamboli"
 b_yarlestre:0 "Thirsk"
 b_zarzma:0 "Zarzma"
 b_zdvyzhen:0 "Fastiv"
 b_zikh:0 "Zikh"
 c_acampse:0 "Rize"
 c_agrigento:0 "Butera"
 c_ainos:0 "Ainos"
 c_ajadabiya:1 "Ajdabiya"
 c_alava:0 "Alava"
 c_alcaniz:0 "Caspe"
 c_alife:0 "Alife"
 c_almansa:1 "Albacete"
 c_alpsee:0 "Montfort"
 c_aluksne:0 "Alūksne"
 c_amalfi:0 "Amalfi"
 c_anamur:0 "Anamur"
 c_andria:0 "Andria"
 c_angerburg:0 "Suvalkija"
 c_ani:0 "Ani"
 c_ansbach:0 "Truhendingen"
 c_apahunik:0 "Ahlat"
 c_apulia:0 "Melfi"
 c_aquino:0 "Aquino"
 c_arcadia:0 "Arkadia"
 c_archelais:0 "Archelaïs"
 c_artaani:0 "Artaani"
 c_artois:0 "Artois"
 c_ascalon:0 "Ascalon"
 c_asmena:0 "Asmena"
 c_auvergne:0 "Carlat"
 c_baghk:0 "Baghk"
 c_bandava:0 "Bandava"
 c_bari:0 "Conversano"
 c_basel:0 "Basel"
 c_bassano:0 "Vicenza"
 c_beaumont:0 "French Vexin"
 c_beersheb:0 "Nablus"
 c_beja:0 "Beja"
 c_benavente:0 "Zamora"
 c_benavente_adj:0 "Zamoran"
 c_benni_yani:1 "Jijel"
 c_bentheim:0 "Bentheim"
 c_bergamo:0 "Bergamo"
 c_biton:0 "Árjepluovve"
 c_bosco:0 "Bosco"
 c_bouillon:0 "Bouillon"
 c_boullion_adj:0 "Boullionese"
 c_braga:0 "Braga"
 c_brega:0 "Brega"
 c_brene:0 "Brehna"
 c_brussel:0 "Brussels"
 c_brysis:0 "Arkadiopolis"
 c_burgas:0 "Sozopol"
 c_burgau:0 "Schelklingen"
 c_caceres:0 "Alcantara"
 c_caesarea:0 "Caesarea"
 c_calw:0 "Calw"
 c_camarda:0 "Gravina"
 c_camerino:0 "Camerino"
 c_canavese:0 "Susa"
 c_kangra:0 "Kangra"
 c_capua:0 "Aversa"
 c_chablais:0 "Chablais"
 c_chalons:0 "Reims"
 c_chateaudun:0 "Chateaudun"
 c_cilicia:0 "Tarsus"
 c_clermont_sur_allier:0 "Auvergne"
 c_como:0 "Valassina"
 c_constanta:0 "Konstantia"
 c_cork:0 "Cork"
 c_cosenza:0 "Tarsia"
 c_coustance:0 "Cherbourg"
 c_cuellar:0 "Segovia"
 c_cuellar_adj:0 "Segovian"
 c_cuneo:0 "Saluzzo"
 c_dagsburg:0 "Dagsburg"
 c_deltuva:0 "Deltuva"
 c_don_portage:0 "Terek"
 c_dorylaion:0 "Dorylaion"
 c_dreux:0 "Dreux"
 c_durne:0 "Wertheim"
 c_dzopk:0 "Dzopk"
 c_dzoraget:0 "Dzoraget"
 c_eichstadt:0 "Hirschberg"
 c_elvas:0 "Évora"
 c_empuries:0 "Empuries"
 c_eschenlohe:0 "Andechs"
 c_falkenstein:0 "Kraiburg"
 c_foggia:0 "Monte Sant'Angelo"
 c_fondi:0 "Fondi"
 c_fraga:0 "Huesca"
 c_frankfurt:0 "Hanau"
 c_frontenhausen:0 "Ortenburg"
 c_gacka:0 "Modruš"
 c_galatia:0 "Ankyra"
 c_gangra:0 "Gangra"
 c_gardman:0 "Gardman"
 c_gent:0 "Ghent"
 c_geraci:0 "Geraci"
 c_ghazza:0 "Deir al-Balah"
 c_gibelet:0 "Byblos"
 c_gomel:0 "Gomel"
 c_gorodez:0 "Gorodets"
 c_graisivaudan:0 "Graisvaudan"
 c_grisons:0 "Chur"
 c_grodno:0 "Lida"
 c_grunningen:0 "Teck"
 c_guidi:0 "Prato"
 c_gwyr:0 "Gwyr"
 c_haband:0 "Dizak"
 c_hampton:0 "Winchester"
 c_hebron:0 "Hebron"
 c_helenopontus:0 "Amisos"
 c_hildesheim:0 "Everstein"
 c_hum:0 "Hum"
 c_ikhmin:1 "Akhmim"
 c_ile:0 "Islay"
 c_imeretia:0 "Imeretia"
 c_inner_hebrides:0 "Bute"
 c_innsbruck:0 "Tyrol"
 c_iskaf:0 "Nahrawan"
 c_javakheti:0 "Javakheti"
 c_jersey:0 "Channel Islands"
 c_jiqeti:0 "Jiket'i"
 c_kaiserslautern:0 "Sponheim"
 c_kambechovani:0 "Kambechovani"
 c_karin:0 "Erzincan"
 c_katzenelnbogen:0 "Katzenelbogen"
 c_kemi:0 "Kvenland"
 c_kerch:0 "Cherson"
 c_kiel:0 "Kiel"
 c_kildare:0 "Kildare"
 c_kintyre:0 "Kintyre"
 c_koporje:0 "Koporje"
 c_korchev:0 "Bosporus"
 c_kranj:0 "Kärnten"
 c_kuban:0 "Kuban"
 c_kyzikos:0 "Kyzikos"
 c_lanciano:0 "Manopello"
 c_laodikeia:0 "Laodikeia"
 c_laroche:0 "La Roche"
 c_leiria:0 "Leiria"
 c_leodhas:0 "Lewis"
 c_lepiel:0 "Lahoysk"
 c_limburg:0 "Limburg"
 c_limisol:0 "Limisol"
 c_linz:0 "Traungau"
 c_ljubljana:0 "Krain"
 c_lobdaburg:0 "Schwarzburg"
 c_logrono:0 "Logroño"
 c_loritello:0 "Loritello"
 c_lugo:0 "Lugo"
 c_lyubim:0 "Kostroma"
 c_macva:0 "Mačva"
 c_makran:0 "Tis"
 c_manbij:0 "Manbij"
 c_manupura:1 "Manuf"
 c_manych:0 "Ugru"
 c_marburg:0 "Gleiberg"
 c_marseille:0 "Marseille"
 c_marsi:0 "Marsica"
 c_marsico:0 "Marsicovetere"
 c_maskat:0 "Maskat"
 c_memel:0 "Scalovia"
 c_mesembria:0 "Krounoi"
 c_messina:0 "Paterno"
 c_minden:0 "Hoya"
 c_modrus:0 "Okic"
 c_molise:0 "Molise"
 c_monaco:0 "Monaco"
 c_monferrato:0 "Asti"
 c_montbeliard:0 "Montbéliard"
 c_montefeltro:0 "Montefeltro"
 c_mortain:0 "Mortain"
 c_moura:0 "Mertola"
 c_mstislavl:0 "Mstislavl"
 c_muile:0 "Mull"
 c_nafusa:1 "Nafusa"
 c_nancy:0 "Blamont"
 c_napoli:0 "Accera"
 c_nellenburg:0 "Nellenburg"
 c_neokaisareia:0 "Niksar"
 c_nerola:0 "Sabina"
 c_neufchateau:0 "Vaudemont"
 c_nicopolis:0 "Nicopolis"
 c_nordlingen:0 "Öettingen"
 c_novellara:0 "Novellara"
 c_onega:0 "Kola"
 c_orlamunde:0 "Weimar"
 c_osnabruck:0 "Ravensberg"
 c_outer_hebrides:0 "Skye"
 c_pallars:0 "Pallars"
 c_pamphylia:0 "Attaleia"
 c_paphlagonia:0 "Amasra"
 c_paphlagonia_adj:0 "Amasra"
 c_parsberg:0 "Sulzbach"
 c_pelusia:1 "Ashmum-Tanah"
 c_persarmenia:0 "Rstunik"
 c_philan:0 "Filan"
 c_piacenza:0 "Piacenza"
 c_piombino:0 "Santa Fiora"
 c_polesine:0 "Este"
 c_pomoravlje:0 "Pomoravlje"
 c_pompeiopolis:0 "Paphlagonia"
 c_pompeiopolis_adj:0 "Paphlagonian"
 c_ponthieu:0 "Ponthieu"
 c_porhoet:0 "Porhoët"
 c_pronsk:0 "Pronsk"
 c_racha:0 "Racha"
 c_ratzeburg:0 "Ratzeburg"
 c_ravensburg:0 "Waldurg"
 c_realgalatia:0 "Galatia"
 c_regensburg:0 "Abensberg"
 c_reggio_calabria:0 "Gerace"
 c_reggionellemilia:0 "Emilia"
 c_reims:0 "Vertus"
 c_ribagorza:0 "Ribagorza"
 c_richmond:0 "Richmond"
 c_rilsk:0 "Rilsk"
 c_rimini:0 "Rimini"
 c_rosello:0 "Rosello"
 c_rossano:0 "Catanzaro"
 c_rostov:0 "Rostov"
 c_rukhaj:0 "Arachosia"
 c_rutland:0 "Rutland"
 c_saintpol:0 "Saint-Pol"
 c_salm:0 "Salm"
 c_samtskhe:0 "Samtskhe"
 c_sankt_gallen:0 "Thurgau"
 c_santiago:0 "Trastámara"
 c_saone:0 "Saone"
 c_satala:0 "Tephrike"
 c_savona:0 "Savona"
 c_scalovia:0 "Nadruvia"
 c_schaumburg:0 "Schauenburg"
 c_schmalkalden:0 "Thuringia"
 c_schwerin:0 "Schwerin"
 c_scialenga:0 "Scialenga"
 c_selpils:0 "Sēlpils"
 c_selymbria:0 "Selymbria"
 c_sepiro:0 "Seprio"
 c_setubal:0 "Setúbal"
 c_sis:0 "Sision"
 c_smyrna:0 "Smyrna"
 c_sobrarbe:0 "Sobrarbe"
 c_sper:0 "Sper"
 c_speyer:0 "Palatinate"
 c_stendal:0 "Altmark"
 c_strassburg:0 "Nordgau"
 c_sunmore:0 "Sunnmœri"
 c_tadmor:0 "Hilla"
 c_tall_hamid:0 "Adana"
 c_tana:0 "Taganrog"
 c_taranto:0 "Taranto"
 c_taron:0 "Taron"
 c_tell_atlas:1 "Tubunae"
 c_theodosia:0 "Theodosia"
 c_thomar:0 "Tomar"
 c_thracemess:0 "Mesembria"
 c_tib:1 "Sus"
 c_tivoli:0 "Tusculum"
 c_toreida:0 "Toreida"
 c_tortona:0 "Bobbio"
 c_tortosa:0 "Tartus"
 c_traianopolis:0 "Traianopolis"
 c_trancoso:0 "Trancoso"
 c_trapani:0 "Aderno"
 c_tui:0 "Santiago"
 c_tula:0 "Kolomna"
 c_turin:0 "Ivrea"
 c_turuberan:0 "Manzikert"
 c_tusheti:0 "Tusheti"
 c_tyrus:0 "Sidon"
 c_tzamandos:0 "Tzamandos"
 c_ubmejeiednuo:0 "Storuman"
 c_uglich:0 "Uglich"
 c_uibhist:0 "Uist"
 c_ulm:0 "Helfenstein"
 c_utena:0 "Utena"
 c_utik:0 "Ganja"
 c_vaihingen:0 "Hohenstaufen"
 c_valenciennes:0 "Valenciennes"
 c_vasterbotten:0 "Norrland"
 c_vaud:0 "Vaud"
 c_ventadour:0 "Ventadour"
 c_vesoul:0 "Vesoul"
 c_vexin:0 "Norman Vexin"
 c_vianden:0 "Vianden"
 c_vithynion:0 "Bithyníõn"
 c_volterra:0 "Volterra"
 c_vrbas:0 "Orbász"
 c_vyazma:0 "Rzhev"
 c_wadi_amur:0 "Khawr Nubt"
 c_waldeck:0 "Ziegenhain"
 c_west_dvina:0 "Rezekne"
 c_west_riding:0 "York"
 c_west_riding_adj:0 "York"
 c_wiltberg:0 "Henneberg"
 c_worms:0 "Leiningen"
 c_zamora:0 "Toro"
 c_zamora_adj:0 "Toros"
 c_zaslawye:0 "Izjaslavl'"
 c_zela:0 "Amasia"
 c_zurich:0 "Schwyz"
 c_zweibrucken:0 "Zweibrücken"
 d_aberdeen:0 "Aberdeen"
 d_acre:0 "Acre"
 d_ahi:0 "Ahis"
 d_ahi_adj:0 "Ahi"
 d_ahvaz:0 "Ahvaz"
 d_alencon:0 "Alençon"
 d_amiralarab:0 "Arabs"
 d_amiralarab_adj:0 "Arab"
 d_anhalt:0 "Saxe-Wittenberg"
 d_archreims:0 "Reims"
 d_arezzo_republic:0 "Republic of Arezzo"
 d_arezzo_republic_adj:0 "Arezzo"
 d_armagnac:0 "Pyrenees"
 d_artois:0 "Artois"
 d_artsakh:0 "Khachen"
 d_ascalon:0 "Jaffa and Ascalon"
 d_asti_republic:0 "Republic of Asti"
 d_asti_republic_adj:0 "Republican"
 d_atri:0 "Atri"
 d_augsburg:0 "Burgau"
 d_augsburg_adj:0 "Burgau"
 d_ay_opa:0 "Ay-opa"
 d_ay_opa_adj:0 "Cuman"
 d_aydin:0 "Aydin"
 d_aydin_adj:0 "Aydinid"
 d_badach:0 "Badaç"
 d_badach_adj:0 "Cuman"
 d_baden:0 "Baden"
 d_badi:0 "Badi"
 d_badi_adj:0 "Badi"
 d_baloch:0 "Balochs"
 d_baloch_adj:0 "Baloch"
 d_barga:0 "Barga"
 d_barga_adj:0 "Barga"
 d_barghawata:0 "Tamasna"
 d_barghawata_adj:0 "Tamasna"
 d_bari:0 "Bari"
 d_bartians:0 "Bartians"
 d_bartians_adj:0 "Bartian"
 d_baruq:0 "Baruq"
 d_baruq_adj:0 "Cuman"
 d_basmils:0 "Basmyls"
 d_basmils_adj:0 "Basmyl"
 d_bavaria:0 "Bavaria"
 d_bavaria_adj:0 "Bavarian"
 d_bayad:0 "Bayad"
 d_bayad_adj:0 "Bayad"
 d_bayawut:0 "Bayawut"
 d_bayawut_adj:0 "Cuman"
 d_bedford:0 "Middle Anglia"
 d_beja:0 "Alentejo"
 d_bergamo_republic:0 "Republic of Bergamo"
 d_bergamo_republic_adj:0 "Republican"
 d_bjarmians:0 "Bjarmians"
 d_bjarmians_adj:0 "Bjarmian"
 d_blois:0 "Blois"
 d_bohemians:0 "Bohemians"
 d_bohemians_adj:0 "Bohemian"
 d_bolohoveni:0 "Bolokhoveni"
 d_bolohoveni_adj:0 "Bolokhoveni"
 d_bornholm:0 "Bornholm"
 d_bornholm_adj:0 "Bornholm"
 d_boru_tolmach:0 "Boru Tolmach"
 d_boru_tolmach_adj:0 "Pecheneg"
 d_bouillon:0 "Bouillon"
 d_bouillon_adj:0 "Bouillon"
 d_liege:0 "Liege"
 d_liege_adj:0 "Liege"
 d_bremen:0 "Bremen"
 d_bremen_adj:0 "Bremian"
 d_brescia_republic:0 "Republic of Brescia"
 d_brescia_republic_adj:0 "Republican"
 d_brodniks:0 "Brodnici"
 d_brodniks_adj:0 "Brodniks"
 d_bula_chopan:0 "Bula Chopan"
 d_bula_chopan_adj:0 "Pecheneg"
 d_burchali:0 "Burçali"
 d_burchali_adj:0 "Cuman"
 d_burtas:0 "Burtas"
 d_burtas_adj:0 "Burtas"
 d_buzhans:0 "Buzhans"
 d_buzhans_adj:0 "Buzhan"
 d_candar:0 "Isfendiyar"
 d_candar_adj:0 "Isfendiyarid"
 d_catalunya_nova:0 "New Catalonia"
 d_catalunya_nova_adj:0 "Catalonian"
 d_chaghraq:0 "Çaghraq"
 d_chaghraq_adj:0 "Cuman"
 d_channel_islands:0 "Cinque Ports"
 d_cherson:0 "Cherson"
 d_chigil:0 "Chigil"
 d_chigil_adj:0 "Chigil"
 d_chortan:0 "Çortan"
 d_chortan_adj:0 "Cuman"
 d_chudes:0 "Chudes"
 d_chudes_adj:0 "Chud"
 d_chutizi:0 "Chutizians"
 d_chutizi_adj:0 "Chutizian"
 d_circipanes:0 "Circipanes"
 d_circipanes_adj:0 "Circipanes"
 d_coimbra:0 "Beira"
 d_coledizi:0 "Coledizians"
 d_coledizi_adj:0 "Coledizian"
 d_coloneia:0 "Koloneias"
 d_cremona_republic:0 "Republic of Cremona"
 d_cremona_republic_adj:0 "Republican"
 d_curonian:0 "Curonians"
 d_curonian_adj:0 "Curonian"
 d_currezia:0 "Raetia"
 d_dakhila:0 "Dakhla"
 d_dakhila_adj:0 "Dakhlan"
 d_dauphine:0 "Dauphine"
 d_deltuvians:0 "Deltuvians"
 d_deltuvians_adj:0 "Deltuvian"
 d_derbent:0 "Derbent"
 d_dorut:0 "Dörüt"
 d_dorut_adj:0 "Cuman"
 d_doxani:0 "Doxani"
 d_doxani_adj:0 "Doxanian"
 d_dregovichi:0 "Dregovichi"
 d_dregovichi_adj:0 "Dregovich"
 d_drevani:0 "Drevanians"
 d_drevani_adj:0 "Drevanian"
 d_drevlyans:0 "Drevlyans"
 d_drevlyans_adj:0 "Drevlyan"
 d_dzopk:0 "Dzopk"
 d_east_franconia:0 "Ostfranken"
 d_elbistan:0 "Lykandos"
 d_emilia:0 "Modena and Reggio"
 d_enchogli:0 "Ençogli"
 d_enchogli_adj:0 "Cuman"
 d_eretnid:0 "Eretna"
 d_eretnid_adj:0 "Eretnid"
 d_essex:0 "Essex"
 d_estonia:0 "Estonians"
 d_estonia_adj:0 "Estonian"
 d_ferrara_republic:0 "Republic of Ferrara"
 d_ferrara_republic_adj:0 "Republican"
 d_firenze_republic:0 "Republic of Florence"
 d_firenze_republic_adj:0 "Florentine"
 d_fivebouroughs:0 "Lincoln"
 d_franconia:0 "Franconia"
 d_franconia_adj:0 "Franconian"
 d_gaeta:0 "Gaeta"
 d_galloway:0 "Galloway"
 d_galloway_adj:0 "Gallowayan"
 d_gazzula:0 "Gazzula"
 d_gazzula_adj:0 "Gazzula"
 d_georgia:0 "Lori"
 d_georgia_adj:0 "Lorian"
 d_germiyan:0 "Germiyan"
 d_germiyan_adj:0 "Germiyan"
 d_gevaudan:0 "Gévaudan"
 d_ghor:0 "Ghor"
 d_ghor_adj:0 "Ghor"
 d_ghuzz:0 "Oghuz"
 d_ghuzz_adj:0 "Oghuz"
 d_glomacze:0 "Glomacians"
 d_glomacze_adj:0 "Glomacian"
 d_goliadj:0 "Galindians"
 d_goliadj_adj:0 "Galindian"
 d_grodno:0 "Podlachia"
 d_guzgan:0 "Guzgan"
 d_guzgan_adj:0 "Guzgan"
 d_hainaut:0 "Hainaut"
 d_hamid:0 "Hamid"
 d_hamid_adj:0 "Hamidid"
 d_hebrides:0 "Inner Hebrides"
 d_hereti:0 "Hereti"
 d_hevelli:0 "Hevelli"
 d_hevelli_adj:0 "Hevellians"
 d_hilal:0 "Banu Hilál"
 d_hilal_adj:0 "Banu Hilál"
 d_horse_karelians:0 "Horse Karelians"
 d_horse_karelians_adj:0 "Karelian"
 d_imeretia:0 "Imeretia"
 d_ingrians:0 "Izhorians"
 d_ingrians_adj:0 "Izhorian"
 d_kakheti:0 "Kakheti"
 d_kakheti_adj:0 "Kakhetian"
 d_kanz:0 "Banu Kanz"
 d_kanz_adj:0 "Banu Kanz"
 d_karaman:0 "Karaman"
 d_karaman_adj:0 "Karamanid"
 d_karasi:0 "Qarasi"
 d_karasi_adj:0 "Qarasi"
 d_karelians:0 "Karelians"
 d_karelians_adj:0 "Karelian"
 d_kartli:0 "Iberia"
 d_kashubians:0 "Kashubians"
 d_kashubians_adj:0 "Kashubian"
 d_kessians:0 "Kessians"
 d_kessians_adj:0 "Kessian"
 d_khamag:0 "Khamag"
 d_khamag_adj:0 "Khamag"
 d_khavars:0 "Khavars"
 d_khavars_adj:0 "Khavar"
 d_khawarij:0 "Kharijites"
 d_khawarij_adj:0 "Kharijite"
 d_khereid:0 "Khereid"
 d_khereid_adj:0 "Keraites"
 d_salair:0 "Kirghiz"
 d_salair_adj:0 "Kirghiz"
 d_kazakh:0 "Kimek"
 d_kazakh_adj:0 "Kimek"
 d_koln:0 "Cologne"
 d_koln_adj:0 "Colognian"
 d_krk:0 "Krk"
 d_kryvians:0 "Krivichs"
 d_kryvians_adj:0 "Krivich"
 d_kuerchi_chur:0 "Küerchi Chür"
 d_kuerchi_chur_adj:0 "Pecheneg"
 d_kufichi:0 "Qufs"
 d_kufichi_adj:0 "Quf"
 d_kumis:0 "Qumis"
 d_kvens:0 "Kvens"
 d_kvens_adj:0 "Kven"
 d_kvens_birkarls:0 "Birkarls"
 d_kvens_birkarls_adj:0 "Birkarl"
 d_kylfings:0 "Kylfings"
 d_kylfings_adj:0 "Kylfing"
 d_la_mancha:1 "La Mancha"
 d_lamta:0 "Lemta"
 d_lamta_adj:0 "Lemta"
 d_lamta_east:0 "Lemta"
 d_lamta_east_adj:0 "Lemta"
 d_languedoc:0 "Septimania"
 d_lauenburg:0 "Sachsen-Lauenburg"
 d_lawata:0 "Laguatan"
 d_lawata_adj:0 "Laguatan"
 d_lebanon:0 "Tripoli"
 d_lendians:0 "Lendians"
 d_lendians_adj:0 "Lendian"
 d_lettigale:0 "Jersika"
 d_lettigalians:0 "Lettigalians"
 d_lettigalians_adj:0 "Lettigalian"
 d_leubuzzi:0 "Leubuzzians"
 d_leubuzzi_adj:0 "Leubuzzian"
 d_limburg:0 "Limburg"
 d_limousin:0 "Lemosin"
 d_livgians:0 "Olonets Karelians"
 d_livgians_adj:0 "Olonets"
 d_lombardia:0 "Milan"
 d_lower_lorraine:0 "Lower Lorraine"
 d_lower_lorraine_adj:0 "Lower Lorrainian"
 d_lubusz:0 "Lubusz"
 d_lucca:0 "Lucca"
 d_lucca_republic:0 "Republic of Lucca"
 d_lucca_republic_adj:0 "Luccan"
 d_lunkini:0 "Lunkini"
 d_lunkini_adj:0 "Lunkinian"
 d_lusatians:0 "Lusatians"
 d_lusatians_adj:0 "Lusatian"
 d_lutici:0 "Luticians"
 d_lutici_adj:0 "Luticians"
 d_lyon:0 "Lyon"
 d_lyon_adj:0 "Lyonnaise"
 d_lyydians:0 "Ludes"
 d_lyydians_adj:0 "Ludian"
 d_magdeburg:0 "Magdeburg"
 d_magdeburg_adj:0 "Magdeburg"
 d_mainz:0 "Mainz"
 d_mantua:0 "Mantua"
 d_mantua_republic:0 "Republic of Mantua"
 d_mantua_republic_adj:0 "Republican"
 d_maris:0 "Vice Mari"
 d_maris_adj:0 "Mari"
 d_maris_vetluga:0 "Merä"
 d_maris_vetluga_adj:0 "Meryan"
 d_masila:0 "Masila"
 d_masila_adj:0 "Masila"
 d_massufa:0 "Massufa"
 d_massufa_adj:0 "Massufa"
 d_mazata:0 "Mazáta"
 d_mazata_adj:0 "Mazáta"
 d_melitene:0 "Melitene"
 d_mentese:0 "Mentese"
 d_mentese_adj:0 "Mentese"
 d_mergid:0 "Mergid"
 d_mergid_adj:0 "Mergid"
 d_meryas:0 "Meryas"
 d_meryas_adj:0 "Meryan"
 d_meshcheras:0 "Meshcheras"
 d_meshcheras_adj:0 "Meshchera"
 d_meshketi:0 "Meskheti"
 d_meshketi_adj:0 "Meskhetian"
 d_milano_republic:0 "Republic of Milano"
 d_milano_republic_adj:0 "Republican"
 d_milceni:0 "Milcenians"
 d_milceni_adj:0 "Milcenian"
 d_mingrelia:0 "Samegrelo"
 d_mingrelia_adj:0 "Samegrelian"
 d_modena_republic:0 "Republic of Modena"
 d_modena_republic_adj:0 "Republican"
 d_monferrato:0 "Montferrat"
 d_mordvins:0 "Mokshas"
 d_mordvins_adj:0 "Mokshan"
 d_mordvins_erza:0 "Erzya"
 d_mordvins_erza_adj:0 "Erzyan"
 d_morgannwg:0 "Glamorgan"
 d_moskva:0 "Moskva"
 d_muromians:0 "Muromians"
 d_muromians_adj:0 "Muromian"
 d_musab:0 "Mozabites"
 d_musab_adj:0 "Mozabite"
 d_nadruvians:0 "Nadruvians"
 d_nadruvians_adj:0 "Nadruvian"
 d_naiman:0 "Naiman"
 d_naiman_adj:0 "Naimans"
 d_najera:0 "Nájera"
 d_najera_adj:0 "Nájeran"
 d_napoli:0 "Naples"
 d_nevers:0 "Nevers"
 d_niederbayern:0 "Lower Bavaria"
 d_niederbayern_adj:0 "Lower Bavarian"
 d_nisan:0 "Nisanians"
 d_nisan_adj:0 "Nisanian"
 d_nizzi:0 "Nizzians"
 d_nizzi_adj:0 "Nizzian"
 d_norman_apulia:0 "Apulia"
 d_norman_apulia_adj:0 "Apulian"
 d_northfezzan:1 "Hamadat"
 d_novgorod-seversk:0 "Severia"
 d_nudzici:0 "Nudzicians"
 d_nudzici_adj:0 "Nudzician"
 d_nuremberg:0 "Nürnberg"
 d_oberbayern:0 "Upper Bavaria"
 d_oberbayern_adj:0 "Upper Bavarian"
 d_oborites:0 "Oborites"
 d_oborites_adj:0 "Oboritian"
 d_oghuz:0 "Oghuz"
 d_oghuz_adj:0 "Oghuz"
 d_oirat:0 "Oirad"
 d_oirat_adj:0 "Oirad"
 d_olberlig:0 "Ölberli"
 d_olberlig_adj:0 "Cuman"
 d_opolye:0 "Suzdal"
 d_oren:0 "Ören"
 d_oren_adj:0 "Cuman"
 d_oseelians:0 "Oselians"
 d_oseelians_adj:0 "Oselian"
 d_osel_wiek:0 "Ösel–Wiek"
 d_osmanli:0 "Ottomans"
 d_osmanli_adj:0 "Ottoman"
 d_padova_republic:0 "Republic of Podova"
 d_padova_republic_adj:0 "Republican"
 d_pagania:0 "Narentines"
 d_pagania_adj:0 "Paganian"
 d_palestine:0 "Jerusalem"
 d_parma:0 "Parma"
 d_parma_republic:0 "Republic of Parma"
 d_parma_republic_adj:0 "Republican"
 d_paulicians:0 "Paulicians"
 d_paulicians_adj:0 "Paulician"
 d_pavia_republic:0 "Republic of Pavia"
 d_pavia_republic_adj:0 "Republican"
 d_pfalz:0 "Pfalzgrafschaft bei Rhein"
 d_piacenza_republic:0 "Republic of Piacenza"
 d_piacenza_republic_adj:0 "Republican"
 d_piedmonte:0 "Susa"
 d_pogesanians:0 "Pogesanians"
 d_pogesanians_adj:0 "Pogesanian"
 d_polyane:0 "Polani"
 d_polyane_adj:0 "Polans"
 d_pomesanians:0 "Pomesanians"
 d_pomesanians_adj:0 "Pomesanian"
 d_pommeranians:0 "Pomeranians"
 d_pommeranians_adj:0 "Pomeranian"
 d_prissani:0 "Prissanians"
 d_prissani_adj:0 "Prissanian"
 d_pruthenians:0 "Pruthenians"
 d_pruthenians_adj:0 "Pruthenian"
 d_pskov:0 "Pskov"
 d_qabuqsin_yula:0 "Qabuqsin Yula"
 d_qabuqsin_yula_adj:0 "Pecheneg"
 d_qara_bay:0 "Qara Bay"
 d_qara_bay_adj:0 "Pecheneg"
 d_qarluq:0 "Karluks"
 d_qarluq_adj:0 "Karluk"
 d_qipchaq:0 "Qipchaq"
 d_qipchaq_adj:0 "Cuman"
 d_qirghiz:0 "Qirghiz"
 d_qirghiz_adj:0 "Qirghiz"
 d_qongurogli:0 "Bekrüti"
 d_qongurogli_adj:0 "Cuman"
 d_qor:0 "Qor"
 d_qor_adj:0 "Cuman"
 d_racha:0 "Racha"
 d_racha_adj:0 "Racha"
 d_radimichi:0 "Radimichi"
 d_radimichi_adj:0 "Radimich"
 d_rani:0 "Rani"
 d_rani_adj:0 "Rani"
 d_readrians:0 "Ratarians"
 d_readrians_adj:0 "Ratarian"
 d_realusora:0 "Usora"
 d_reggio_republic:0 "Republic of Reggio"
 d_reggio_republic_adj:0 "Republican"
 d_rhodos:0 "Rhodos"
 d_rhodos_adj:0 "Rhodian"
 d_ribatejo:0 "Ribatejo"
 d_romagna:0 "Ravenna"
 d_rostov:0 "Rostov"
 d_rotalians:0 "Rotalians"
 d_rotalians_adj:0 "Rotalian"
 d_sadah:0 "Sa‘dah"
 d_sadah_adj:0 "Sa‘dah"
 d_sakalians:0 "Saklians"
 d_sakalians_adj:0 "Sakalian"
 d_sala:0 "Chellah"
 d_sala_adj:0 "Chellah"
 d_saluzzo:0 "Saluzzo"
 d_saluzzo_adj:0 "Saluzzan"
 d_salzburg:0 "Salzburg"
 d_sambians:0 "Sambians"
 d_sambians_adj:0 "Sambian"
 d_sami:0 "Kola Sámi"
 d_sami_adj:0 "Lappish"
 d_sandomierz:0 "Sandomierz"
 d_saruhan:0 "Saruhan"
 d_saruhan_adj:0 "Sarukhanid"
 d_sasnians:0 "Sasnians"
 d_sasnians_adj:0 "Sasnian"
 d_satakunta:0 "Satakuntas"
 d_satakunta_adj:0 "Satakunta"
 d_savona:0 "Savona"
 d_savonians:0 "Savonians"
 d_savonians_adj:0 "Savonian"
 d_saxon_ostmark:0 "Saxon Ostmark"
 d_saxon_ostmark_adj:0 "Ostmark"
 d_saxony:0 "Saxony"
 d_saxony_adj:0 "Saxon"
 d_scalovians:0 "Scalovians"
 d_scalovians_adj:0 "Scalovian"
 d_segovia:0 "Segovia"
 d_seleucia:0 "Seleucia"
 d_selonians:0 "Selonians"
 d_selonians_adj:0 "Selonian"
 d_severians:0 "Severians"
 d_severians_adj:0 "Severian"
 d_shabankara:0 "Shabankara"
 d_shabankara_adj:0 "Shabankara"
 d_sharif_mecca:0 "Mecca"
 d_sharif_mecca_adj:0 "Mecca"
 d_sharif_medina:0 "Medina"
 d_sharif_medina_adj:0 "Medina"
 d_siena:0 "Siena"
 d_siena_republic:0 "Republic of Siena"
 d_siena_republic_adj:0 "Sienese"
 d_skoltsami:0 "Skolts"
 d_skoltsami_adj:0 "Skoltish"
 d_slovinici:0 "Slovinians"
 d_slovinici_adj:0 "Slovinian"
 k_sorbia:0 "Sorbia"
 k_sorbia_adj:0 "Sorbian"
 d_sprevani:0 "Sprevani"
 d_sprevani_adj:0 "Sprevanians"
 d_strathclyde:0 "Strathclyde"
 d_suenik:0 "Suenik"
 d_suenik_adj:0 "Suenikian"
 d_suomi_finns:0 "Finns"
 d_suomi_finns_adj:0 "Finnish"
 d_suru_kulbej:0 "Suru Külbej"
 d_suru_kulbej_adj:0 "Pecheneg"
 d_sutherland:0 "Sutherland"
 d_swabia:0 "Swabia"
 d_swabia_adj:0 "Swabian"
 d_talavians:0 "Talavians"
 d_talavians_adj:0 "Talavian"
 d_tannus:0 "Tuva"
 d_tannus_adj:0 "Tuvans"
 d_tao:0 "Tayk"
 d_tao_adj:0 "Tayk"
 d_tarent:0 "Taranto"
 d_targil:0 "Targil"
 d_targil_adj:0 "Cuman"
 d_taron:0 "Manzikert"
 d_zayidi: "Zaydi Imamate"
 d_zayidi_adj: "Zaydi"
 d_zayidi_article: "the "
 d_tatars:0 "Tatar"
 d_tatars_adj:0 "Tatar"
 d_tavasts:0 "Tavastians"
 d_tavasts_adj:0 "Tavastian"
 d_teck:0 "Teck"
 d_tekke:0 "Teke"
 d_tekke_adj:0 "Teke"
 d_tekule:0 "Döger"
 d_tekule_adj:0 "Döger"
 d_tersami:0 "Ter Sámi"
 d_tersami_adj:0 "Lappish"
 d_terteroba:0 "Terteroba"
 d_terteroba_adj:0 "Cuman"
 d_teruel:0 "Teruel"
 d_tiflis:0 "Tbilisi"
 d_tiflis_adj:0 "Tbilisi"
 d_tivertsi:0 "Tivertsi"
 d_tivertsi_adj:0 "Tivertsi"
 d_tmutarakan:0 "Tmutarakan"
 d_tmutarakan_adj:0 "Gazaria"
 d_toimians:0 "Toimians"
 d_toimians_adj:0 "Toimian"
 d_tollensians:0 "Tollensians"
 d_tollensians_adj:0 "Tollensian"
 d_toqsoba:0 "Toqsoba"
 d_toqsoba_adj:0 "Cuman"
 d_toropec:0 "Toropets"
 d_toscana:0 "Florence"
 d_trakai:0 "Trakai"
 d_travnjane:0 "Trawnjanians"
 d_travnjane_adj:0 "Trawnjanian"
 d_trent:0 "Trent"
 d_trent_adj:0 "Trentian"
 d_trier:0 "Trier"
 d_trigarta:0 "Trigarta"
 d_trigarta_adj:0 "Trigartan"
 d_trondelag:0 "Møre og Romsdal"
 d_trondelag:0 "Tröndelag"
 d_trondelag_adj:0 "Møring"
 d_trondelag_adj:0 "Trønder"
 d_tubingen:0 "Tübingen"
 d_tubingen_adj:0 "Tübingen"
 d_tukhsi:0 "Tukhsi"
 d_tukhsi_adj:0 "Tukhsi"
 d_tumed:0 "Tumed"
 d_tumed_adj:0 "Tumed"
 d_tver:0 "Tver"
 d_ugandians:0 "Ungannians"
 d_ugandians_adj:0 "Ungannian"
 d_uighurs:0 "Uyghurs"
 d_uighurs_adj:0 "Uyghur"
 d_ulasgoli:0 "Ulashogli"
 d_ulasgoli_adj:0 "Cuman"
 d_ulichs:0 "Ulichs"
 d_ulichs_adj:0 "Ulich"
 d_urbino:0 "Urbino"
 d_urgell:0 "Urgell"
 d_urgell_adj:0 "Urgellian"
 d_urusoba:0 "Urus-oba"
 d_urusoba_adj:0 "Cuman"
 d_uzes:0 "Uzes"
 d_uzes_adj:0 "Uz"
 d_vanand:0 "Vanand"
 d_vanand_adj:0 "Vanandian"
 d_vanemas:0 "Vanemians"
 d_vanemas_adj:0 "Vanemian"
 d_veleti:0 "Veletians"
 d_veleti_adj:0 "Veletian"
 d_venosa:0 "Venosa"
 d_venosa_adj:0 "Venosan"
 d_vercelli_republic:0 "Republic of Vercelli"
 d_vercelli_republic_adj:0 "Republican"
 d_verona_republic:0 "Republic of Verona"
 d_verona_republic_adj:0 "Republican"
 d_vicenza_republic:0 "Republic of Vicenza"
 d_vicenza_republic_adj:0 "Republican"
 d_vironians:0 "Vironians"
 d_vironians_adj:0 "Vironian"
 d_volhynians:0 "Volhynians"
 d_volhynians_adj:0 "Volhynian"
 d_vologda:0 "Onsthia"
 d_votes:0 "Votes"
 d_votes_adj:0 "Votian"
 d_vyatichi:0 "Vyatichi"
 d_vyatichi_adj:0 "Vyatichi"
 d_wagria:0 "Wagrien"
 d_wagrians:0 "Wagrians"
 d_wagrians_adj:0 "Wagrian"
 d_walishtan:0 "Walishtan"
 d_warmians:0 "Warmians"
 d_warmians_adj:0 "Warmian"
 d_warnabi:0 "Warnabians"
 d_warnabi_adj:0 "Warnabian"
 d_west_franconia:0 "Rheinfranken"
 d_western_isles:0 "Hebrides"
 d_wolinians:0 "Wolinians"
 d_wolinians_adj:0 "Wolinian"
 d_yaghma:0 "Yagma"
 d_yaghma_adj:0 "Yagma"
 d_yaroslavl:0 "Yaroslavl"
 d_yaroslavl_adj:0 "Yaroslavl"
 d_yatviags:0 "Yatviags"
 d_yatviags_adj:0 "Yatvian"
 d_yawdi_ertim:0 "Yawdi Ertim"
 d_yawdi_ertim_adj:0 "Pecheneg"
 d_yazi_qapan:0 "Yazi Qapan"
 d_yazi_qapan_adj:0 "Pecheneg"
 d_yenisei:0 "Yenisei Kyrgyz"
 d_yenisei_adj:0 "Kyrgyz"
 d_yimek:0 "Yimek"
 d_yimek_adj:0 "Cuman"
 d_zaydi:0 "Zaydi"
 d_zaydi_adj:0 "Zaydi"
 d_zemigalia:0 "Semigallia"
 d_zemigalians:0 "Zemigalians"
 d_zemigalians_adj:0 "Zemigalian"
 d_zichia:0 "Circassia"
 d_zughba:0 "Banu Zughba"
 d_zughba_adj:0 "Banu Zughba"
 d_zunbil:0 "Rutbils"
 d_zunbil_adj:0 "Rutbil"
 e_baltic_empire:0 "Baltic Empire"
 e_baltic_empire_adj:0 "Baltic"
 e_blue_horde:0 "Blue Horde"
 e_blue_horde_article:0 "the "
 e_egypt:0 "Egypt"
 e_egypt_adj:0 "Egyptian"
 e_golden_horde_article:0 "the "
 e_golden_horde:0 "Golden Horde"
 e_golden_horde_adj:0 "Mongol"
 e_golden_horde_pre:0 "Mongolo"
 k_golden_horde_article:0 "the "
 k_golden_horde:0 "Golden Horde"
 k_golden_horde_adj:0 "Mongol"
 k_golden_horde_pre:0 "Mongolo""
 e_none:0 ""
 e_russia:0 "Rus’"
 e_russia_adj:0 "Russian"
 e_wendish_empire:0 "Wendish Empire"
 e_wendish_empire_adj:0 "Wends"
 e_yuan:0 "Great Yuan"
 e_yuan_adj:0 "Mongolian"
 e_yuan_article:0 "the "
 k_abkhazia:0 "Abkhazia"
 k_abkhazia_adj:0 "Abkhazian"
 k_alodia:0 "Alodia"
 k_alodia_adj:0 "Alodian"
 k_antioch:0 "Antiocheia"
 k_antioch_adj:0 "Antiochian"
 k_armenia_minor:0 "Lesser Armenia"
 k_armenia_minor_adj:0 "Armenian"
 k_carinthia:0 "Carinthia"
 k_carinthia_adj:0 "Carinthian"
 k_caspian_steppe:0 "Uzes"
 k_caspian_steppe_adj:0 "Uz"
 k_caucasis_adj:0 "Alani"
 k_caucasus:0 "Alania"
 k_cilician:0 "Cilicia"
 k_cilician_adj:0 "Cilician"
 k_cumania:0 "Kumanlar"
 k_cumania_adj:0 "Cuman"
 k_dahlaks:0 "Dahlak"
 k_dahlaks_adj:0 "Dahlak"
 k_daju:0 "Daju"
 k_daju_adj:0 "Daju"
 k_duklja:0 "Duklja"
 k_duklja_adj:0 "Dukljan"
 k_east_anglia:0 "East Anglia"
 k_east_anglia_adj:0 "Anglian"
 k_east_francia:0 "Franconia"
 k_old_franconia:0 "East Francia"
 k_ellan_vanin:0 "the Isles"
 k_ellan_vanin_adj:0 "Islander"
 k_geats:0 "Geatland"
 k_geats_adj:0 "Geatish"
 k_hammadid:0 "Hammadid"
 k_hammadid_adj:0 "Hammadidi"
 k_hellas:0 "Morea"
 k_hellas_adj:0 "Morean"
 k_iberia2:0 "Kartli"
 k_iberia2_adj:0 "Kartlian"
 k_iberia:0 "Kartli"
 k_iberia_adj:0 "Kartlian"
 k_imereti:0 "Imereti"
 k_imereti_adj:0 "Imeretian"
 k_ireland_titular:0 "Tara"
 k_ireland_titular_adj:0 "Tara"
 k_kakheti:0 "Kakheti"
 k_kakheti_adj:0 "Kakhetian"
 k_kerman:0 "Kerman"
 k_kerman_adj:0 "Kerman"
 k_khazaria:0 "Khazaria"
 k_khazaria_adj:0 "Khazarian"
 k_khwarezmia:0 "Khorezm"
 k_liao:0 "Liao"
 k_liao_adj:0 "Khitan"
 k_lombard_league:0 "Lombard League"
 k_lombard_league_adj:0 "Lombardian"
 k_lower_lorraine:0 "Lower Lorraine"
 k_lower_lorraine_adj:0 "Lower Lorrainian"
 k_lutici:0 "Luticians"
 k_lutici_adj:0 "Luticians"
 k_makuria:0 "Makuria"
 k_makuria_adj:0 "Makurian"
 k_mauretania:0 "Anbiya"
 k_mauretania_adj:0 "Anbiyan"
 k_mercia:0 "Mercia"
 k_mercia_adj:0 "Mercian"
 k_myinsaing:0 "Myinsaing"
 k_myinsaing_adj:0 "Burman"
 k_northumberland:0 "Northumbria"
 k_northumberland_adj:0 "Northumbrian"
 k_nri:0 "Nri"
 k_nri_adj:0 "Nri"
 k_nubia:0 "Makuria"
 k_nubia_adj:0 "Makurian"
 k_oborites:0 "Oborites"
 k_oborites_adj:0 "Oboritian"
 k_oman:0 "Oman"
 k_oman_adj:0 "Omani"
 k_pechenegs:0 "Beçeneklar"
 k_pechenegs_adj:0 "Beçenek"
 k_pegu:0 "Hanthawaddy"
 k_pegu_adj:0 "Burman"
 k_pinya:0 "Pinya"
 k_pinya_adj:0 "Burman"
 k_pommeranians:0 "Pomeranians"
 k_pommeranians_adj:0 "Pomerania"
 k_qangar:0 "Qangilar"
 k_qangar_adj:0 "Kankalis"
 k_qangli:0 "Qangilar"
 k_qangli_adj:0 "Kankali"
 k_qipchaq:0 "Qipchaqlar"
 k_qipchaq_adj:0 "Kipchak"
 k_ruthenia:0 "Kyiv"
 k_ruthenia_adj:0 "Kyivan"
 k_sagaing:0 "Sagaing"
 k_sagaing_adj:0 "Burman"
 k_salerno:0 "Salerno"
 k_salerno_adj:0 "Salerno"
 k_schwaben:0 "Swabia"
 k_semien:0 "Semien"
 k_semien_adj:0 "Semien"
 k_shewa:0 "Shewa"
 k_shewa_adj:0 "Shewa"
 k_shirvan:0 "Shirvan"
 k_shirvan_adj:0 "Shirvanian"
 k_songhay:0 "Gao"
 k_songhay_adj:0 "Gao"
 k_sorbs:0 "Sorbians"
 k_sorbs_adj:0 "Sorbi"
 k_strathclyde:0 "Ystrad Clut"
 k_strathclyde_adj:0 "Ystrad Clut"
 k_teutonic_state:0 "Teutonic State"
 k_teutonic_state_adj:0 "Teutons"
 k_tiaret:0 "Tiáret"
 k_tiaret_adj:0 "Tiáret"
 k_tsongkha:0 "Qingtang"
 k_tsongkha_adj:0 "Qingtang"
 k_tuscan_league:0 "Tuscan League"
 k_tuscan_league_adj:0 "Tuscan"
 k_tuscany:0 "Toscana"
 k_tuscany_adj:0 "Toscana"
 k_upper_lorraine:0 "Upper Lorraine"
 k_upper_lorraine_adj:0 "Upper Lorrainian"
 k_uzes:0 "Uzes"
 k_uzes_adj:0 "Uz"
 k_vaspurakan:0 "Vaspurakan"
 k_vaspurakan_adj:0 "Vaspurakan"
 k_volga_bulgaria:0 "Idil Bulgarlar"
 k_wessex:0 "Wessex"
 k_wessex_adj:0 "Wessex"
 k_white_rus:0 "Polotsk"
 k_white_rus_adj:0 "Polotskian"
 k_zenata:0 "Zenata"
 k_zenata_adj:0 "Zenata"
 k_medina:0 "Medina"
 k_medina_adj:0 "Medina"
 e_byzantium_article:0 "the "
 e_byzantium:0 "Roman Empire"
 e_byzantium_adj:0 "Roman"
 k_livonian_order:0 "Livonian Order"
 k_livonian_order_pre:0 "Livonian"
 k_livonian_order_adj:0 "Livonian"
 d_danzig:1 "Danzig"
 d_danzig_adj:1 "Danzigen"
 d_moscow:0 "Moscow"
 d_moscow_adj:0 "Muscovite"
 k_muscovy:0 "Muscovy"
 k_muscovy_adj:0 "Muscovite"
 #East Africa and the Horn
 e_horn_article:0 "the "
 e_horn:0 "Golden Horn Sulṭānate"
 e_horn_adj:0 "Golden Horn"
 k_adal:0 "Barr Saʿd al-Dīn"
 k_adal_adj:0 "Adalite"
 k_outer_ajuraan:0 "Waata"
 k_outer_ajuraan_adj:0 "Waatan"
 #d_ethiopian_church_article:0 "the "
 #d_ethiopian_church:0 "Rətəʿt Church" #meaning Orthodox
 #d_ethiopian_church_adj:0 "Rətəʿt"
 d_haymanot:0 "Betä Əsrael High Priesthood" #Should be a different character for Esrael but loc display issues, plus this character looks cool
 d_haymanot_adj:0 "Betä Əsrael"
 d_aksum:0 "Tǝgray"
 d_aksum_adj:0 "Tǝgray"
 d_adal:0 "Adal"
 d_adal_adj:1 "Adali"
 d_ifat:0 "Ifat"
 d_ifat_adj:0 "Ifati"
 d_dahlaks:0 "Ma'ikele Bahr"
 d_dahlaks_adj:0 ""Ma'ikele Bahrish"
 d_dawaro:0 "Däwaro"
 d_dawaro_adj:0 "Däwaro"
 d_showa:0 "Šawah" #Sultanate is arabic spelling
 d_showa_adj:0 "Šawahi"
 d_gojjam:0 "Goǧǧam"
 d_gojjam_adj:0 "Goǧǧami"
 d_lasta:0 "Bǝgwǝna"
 d_lasta_adj:0 "Bǝgwǝnay"
 d_gondar:0 "Bägemdǝr"
 d_gondar_adj:0 "Bägemdǝri"
 d_mogadishu:0 "Xamar"
 d_mogadishu_adj:0 "Xamari"
 d_zaila:0 "Zayla"
 d_zaila_adj:0 "Zayla"
 d_samalo:0 "Wajir"
 d_samalo_adj:0 "Wajiri"
 d_hafun:0 "Xafun"
 d_hafun_adj:0 "Xafuni"
 d_west_ajuraan:0 "Luuq"
 d_west_ajuraan_adj:0 "Luuq"
 d_sharka:0 "Hadya"
 d_sharka_adj:0 "Hadya"
 d_kaffa:0 "Käfa"
 d_kaffa_adj:0 "Käfari"
 c_kaffa:0 "Käfa"
 c_kaffa_adj:0 "Käfari"
 c_tagali:0 "Alays"
 c_tagali_adj:0 "Alaysian"
 c_showak:0 "Gedarif"
 c_showak_adj:0 "Gedarifian"
 c_fetegar:0 "Fäṭägar"
 c_fetegar_adj:0 "Fäṭägari"
 c_berta:0 "Sinasa"
 c_berta_adj:0 "Sinasan"
 c_gafat:0 "Wambarma"
 c_gafat_adj:0 "Wambarman"
 c_dembiya:0 "Dämbiya"
 c_dembiya_adj:0 "Dämbiyan"
 c_semien:0 "Səmen"
 c_semien_adj:0 "Səmen"
 c_wellega:0 "Berta"
 c_wellega_adj:0 "Bertan"
 c_agaw_meder:0 "Agäw"
 c_agaw_meder_adj:0 "Agäw"
 c_welamo:0 "Wolaita"
 c_welamo_adj:0 "Wolaita"
 c_dara:0 "Konso"
 c_dara_adj:0 "Konso"
 c_waj:0 "Waǧ"
 c_waj_adj:0 "Waǧi"
 c_waj:0 "Waǧ"
 c_tigre:0 "Aqäyt"
 c_tigre_adj:0 "Aqäytian"
 c_serae:0 "Ṣera" #Should be Ṣǝra but loc display issues
 c_serae_adj:0 "Ṣǝrai"
 c_sitti:0 "Mora"
 c_sitti_adj:0 "Moran"
 c_dawaro:0 "Arabani"
 c_dawaro_adj:0 "Arabanian"
 c_gabal:0 "Däwaro"
 c_gabal_adj:0 "Däwaro"
 c_angot:0 "Gayǝnt" #Loc issues sometimes on display
 c_angot:0 "Gayǝnti"
 c_lasta:0 "Būgnā"
 c_lasta_adj:0 "Būgnāni"
 c_hayq:0 "Angot"
 c_hayq_adj:0 "Angoti"
 c_begemder:0 "Bägemder"
 c_begemder_adj:0 "Bägemderi"
 c_wolqayt:0 "Wälqayt"
 c_wolqayt_adj:0 "Wälqayti"
 c_intarta:0 "Endärta" #Should be Ǝndärta but loc display issues
 c_intarta_adj:0 "Endärtan"
 c_showa:0 "Shäwä" #County is ethiopic
 c_showa_adj:0 "Shäwän"
 c_gojjam:0 "Goǧǧam"
 c_gojjam_adj:0 "Goǧǧami"
 c_mait:0 "Maydh"
 c_mait_adj:0 "Maydhi"
 c_busaso:0 "Boosaaso"
 c_busaso_adj:0 "Boosaaso"
 c_ras_hafun:0 "Xaafuun"
 c_ras_hafun_adj:0 "Xaafuuni"
 c_hiraab:0 "El Buur"
 c_hiraab_adj:0 "El Buuri"
 c_mogadishu:0 "Xamar"
 c_mogadishu_adj:0 "Xamari"
 c_gode:0 "Beledwayne"
 c_gode_adj:0 "Beledwayne"
 c_sidamo:0 "Boorana"
 c_sidamo_adj:0 "Booranan"
 c_fudahli:0 "Wajir"
 c_fudahli_adj:0 "Wajiri"
 c_zaila:0 "Zayla"
 c_zaila_adj:0 "Zayla"
 #c_arusi:0 "Bali" #Need another name for c_bali so we dont have 2 counties called Bali
 #c_arusi_adj:0 "Balinese"
 #c_south_kordofan:0 "Tagali" #De jure changes needed as Tagali barony is in wrong county
 #c_south_kordofan_adj:0 "Tagali"
 b_abbay-agaw:0 "Abbay-Agäw"
 b_ifat:0 "Wafāt"
 b_agaw_meder:0 "Agäw Meder"
 b_fetegar:0 "Fäṭägar"
 b_semien:0 "Səmen"
 b_kaffa:0 "Käfa"
 b_gojjam:0 "Goǧǧam"
 b_west_gojjam:0 "West Goǧǧam"
 b_gidim:0 "Gədm"
 b_joha:0 "Yeha"
 b_ganz:0 "Gänz"
 b_shimazana:0 "Šǝmäzana"
 b_hamasen:0 "Ḥamasen"
 b_seraye:0 "Säraye"
 b_tigre:0 "Tǝgray"
 b_south_seraye:0 "South Säraye"
 b_angot:0 "Gayǝnt"
 b_begemder:0 "Bägemder"
 b_wolqayt:0 "Wälqayt"
 b_intarta:0 "Endärta" #Should be Ǝndärta but loc display issues
 b_lasta:0 "Lästä"
 b_zaila:0 "Zayla"
 b_gondar:0 "Gondär"
 b_lalibela:0 "Wärwär"
 b_debre_libanos:0 "Däbrä Asbos"
 #Holy African Empire
 e_hae_article:0 "the "
 e_hae:0 "Holy African Empire"
 e_hae_adj:0 "Holy African"
 #Nigeria
 #kingdoms
 e_lower_niger: "Lower Niger"
 e_lower_niger_adj: "Lower Nigerian"
 k_hausaland:0 "Hausa Bakwai"
 k_hausaland_adj:0 "Hausawa"
 k_banzaland:0 "Banza Bakwai"
 k_banzaland_adj:0 "Banzawa"
 k_benin:0 "Benin"
 k_benin_adj:0 "Bini"
 k_yorubaland:0 "Ilẹ̀ Yorùbá"
 k_yorubaland_adj:0 "Yorùbá"
 k_jenne:0 "Jenné"
 k_jenne_adj:0 "Jennéan"
 k_borgu:0 "Banza Bakwai"
 k_borgu_adj:0 "Banzawa"
 k_igbo-benue:0 "Ǹrì"
 k_igbo-benue_adj:0 "Ǹrì"
 #duchies
 d_borgu:0 "Bussa"
 d_borgu_adj:0 "Bussan"
 d_kawkaw:0 "Găwgăw"
 d_kawkaw_adj:0 "Găwgăwi"
 d_jenne:0 "Jenné"
 d_jenne_adj:0 "Jennéan"
 d_ooni:0 "Ọọ̀ni"
 d_ooni_adj:0 "Ọọ̀nis"
 d_benin:0 "Igodomigodo"
 d_benin_adj:0 "Igodomigodan"
 d_ife:0 "Ifẹ"
 d_ife_adj:0 "Ifẹan"
 d_oyo:0 "Ọyọ"
 d_oyo_adj:0 "Ọyọ"
 d_ijaw:0 "Ijo"
 d_ijaw_adj:0 "Ijo"
 d_igboland:0 "Ìgbò-Ukwu"
 d_igboland_adj:0 "Ìgbò"
 d_ibadan:0 "Kétu"
 d_ibadan_adj:0 "Kétuan"
 d_owu:0 "Owu"
 d_owu_adj:0 "Owushi"
 d_savalu:0 "Evenyigba"
 d_savalu_adj:0 "Evenyigban"
 d_nupe:0 "Nupenci"
 d_nupe_adj:0 "Nupenci"
 d_shabe:0 "Şábę"
 d_shabe_adj:0 "Şábęan"
 d_ila:0 "Ìlá"
 d_ila_adj:0 "Ìlán"
 #counties
 c_jenne:0 "Jenné"
 c_jenne_adj:0 "Jennéan"
 c_sokoto:0 "Zamfara"
 c_sokoto_adj:0 "Zamfarawa"
 c_ife:0 "Ifẹ"
 c_ife_adj:0 "Ifẹan"
 c_igbomina:0 "Ìgbómìnà"
 c_igbomina_adj:0 "Ìgbómìnàn"
 c_oyo:0 "Ọyọ"
 c_oyo_adj:0 "Ọyọs"
 c_owu:0 "Ugbó"
 c_owu_adj:0 "Ugbóan"
 c_igbo:0 "Ìgbò-Ukwu"
 c_igbo_adj:0 "Ìgbò"
 c_ketu:0 "Kétu"
 c_ketu_adj:0 "Kétuan"
 c_edo:0 "Esán"
 c_edo_adj:0 "Esánian"
 c_nupe:0 "Raba"
 c_nupe_adj:0 "Raban"
 c_kyadya:0 "Igbira"
 c_kyadya_adj:0 "Igbiran"
 c_ijaw:0 "Ijo"
 c_ijaw_adj:0 "Ijo"
 c_yako:0 "Yakö"
 c_yako_adj:0 "Yaköan"
 c_ibadan:0 "Ęgbá"
 c_ibadan_adj:0 "Ęgbán"
 c_abomey:0 "Ardra"
 c_abomey_adj:0 "Ardran"
 c_shabe:0 "Şábę"
 c_shabe_adj:0 "Şábęan"
 c_todo:0 "Tado"
 c_todo_adj:0 "Tadoan"
 c_sokode: "Sokodé"
 c_sokode_adj: "Sokodé"
 c_ibibo:0 "Ibibio"
 c_ibibo_adj:0 "Ibibioan"
 c_igala:0 "Idah"
 c_igala_adj:0 "Idan"
 c_zaria:0 " Zazzau"
 c_zaria_adj:0 " Zazzauan"
 c_jimi:0 "Njimi"
 c_jimi_adj:0 "Njimian"
 c_ijebu:0 "Ìjẹ̀bú"
 c_ijebu_adj:0 "Ìjẹ̀búan"
 c_warri:0 "Iwerre"
 c_warri_adj:0 "Iwerre"
 #baronies
 b_jenne-jeno:0 "Jenné-Jeno"
 b_yendi:0 "Chare"
 b_ondo:0 "Oǹdó"
 b_busa:0 "Bussa"
 b_nri:0 "Ǹrì"
 b_ekiti:0 "Èkìtì"
 b_ijebu:0 "Ìjẹ̀bú"
 b_jimi:0 "Njimi"
 b_shabe:0 "Ilé-Şábę"
 b_todo:0 "Ezame"
 b_bonny:0 "Ibani"
 b_ibah:0 "Idah"
 b_benin-city:0 "Ubinu"
 b_ajase_ipo:0 "Ìlá"
 b_oyo:0 "Ago"
 b_oyo-ile:0 "Ọyọ-Ile"
 b_ijesha:0 "Ìjẹ̀ṣà"
 b_igbo-ukwu:0 "Ìgbò-Ukwu"
 b_chukwu:0 "Chúkwú"
 b_ile-ife:0 "Ilé-Ifẹ"
 b_ketu:0 "Ilé-Kétu"
 b_ibarapa:0 "Ìbàràpá"
 b_calabar:0 "Akwa Akpa"
 b_kwararafa:0 "Beipi"
 b_uburu:0 "Yakö"
 b_ibadan:0 "Ìbàdàn"
 b_igboho:0 "Ìgbòho"
 b_ogbomoso:0 "Ògbómòşó"
 b_benin:0 "Mahin"
 b_siluko:0 "Makin"
 b_oshun:0 "Osun"
 b_kano:0 "Dala"
 #Nigeria via elvain
 c_opanda:0 "Umaisha" 
 c_opanda_adj:0 "Umaishan"
 b_benin_marshes:0 "Gwato"
 b_edo:0 "Uromi" 
 b_ode_itseriki:0 "Ilah"
 b_south_igbo:0 "Ogwuta"
 b_otukpo:0 "Ezza"
 b_opanda:0 "Keana"
 b_moda:0 "Awe"
 b_gombe:0 "Kupto"
 b_wukari:0 "Jibe"
 b_gongola:0 "Kalam"
 b_fika:0 "Biyri"
 b_lower_guara:0 "Abaji"
 
 #Kwararafa
 d_kwararafa:0 "Kwararafa"
 d_kwararafa_adj:0 "Kwararafian"
 c_kwararafa:0 "Apa"
 c_kwararafa_adj:0 "Apan"
 
 #Nubia
 d_nubian_church_article:0 "the "
 d_nubian_church:0 "Nubian Orthodox Church"
 d_nubian_church_adj:0 "Nubian Orthodox"
 e_nubia:0 "Nubia"
 e_nubia_adj:0 "Nubian"
 k_nobadia:0 "Nobadia"
 k_nobadia_adj:0 "Nobadian"
 k_nubia:0 "Makuria"
 k_nubia_adj:0 "Makurian"
 k_alodia:0 "Alwa"
 k_alodia_adj:0 "Alwan"
 #duchies
 d_sennar:0 "Sennar"
 d_sennar_adj:0 "Sennari"
 d_makuria:0 "Dongola"
 d_makuria_adj:0 "Dongolese"
 d_nobatia:0 "Nobadia"
 d_nobatia_adj:0 "Nobadian"
 d_abwab:0 "Abwab"
 d_abwab_adj:0 "Abwabi"
 #counties
 c_qasr_ibrim:0 "Phrim"
 c_qasr_ibrim_adj:0 "Phrimian"
 c_atbara:0 "Astaboras"
 c_atabara_adj:0 "Astaborase"
 c_faras:0 "Pachoras"
 c_faras_adj:0 "Pachorase"
 c_sai:0 "Zae"
 c_sai_adj:0 "Zaean"
 c_meroe:0 "Napata"
 c_meroe_adj:0 "Napatan"
 c_alodia:0 "Soba"
 c_alodia_adj:0 "Soban"
 c_naga:0 "Naqa"
 c_naga_adj:0 "Naqan"
 #baronies
 b_old_dongola:0 "Dongola"
 b_sai:0 "Zae"
 b_faras:0 "Pachoras"
 b_dongola:0 "Hannek"
 b_naga:0 "Naqa"
 b_grnetti:0 "Wadi Muqaddam"
 #Other east Africa
 k_abyssinia:0 "Aksūm"
 k_abyssinia_adj:0 "Aksūmite"

#Misc West Africa
#kingdoms
 k_songhay:0 "Gao"
 k_songhay_adj:0 "Gaoan"
 k_ghana:0 "Wagadu"
 k_ghana_adj:0 "Wagaduan"
 k_mali:0 "Manding"
 k_mali_adj:0 "Mandinka"
 k_gur:0 "Mòogó"
 k_gur_adj:0 "Mòghó"
 k_akan:0 "Akan"
 k_akan_adj:0 "Akanfo"
 k_takrur:0 "Djolof"
 k_takrur_adj:0 "Djolofian"
 #duchies
 d_gyaman:0 "Gyaaman"
 d_gyaman_adj:0 "Gyaaman"
 d_wenyon:0 "Grebo"
 d_wenyon_adj:0 "Grebo"
 d_kru:0 "Bété"
 d_kru_adj:0 "Bétic"
 d_eweland:0 "Akwamu"
 d_eweland_adj:0 "Akwamufo"
 d_adiukru:0 "Denkyera"
 d_adiukru_adj:0 "Denkyeran"
 d_brong:0 "Bonoman"
 d_brong_adj:0 "Bonofo"
 d_ashanti:0 "Asanteman"
 d_ashanti_adj:0 "Asantefo"
 d_dagomba:0 "Dagbon"
 d_dagomba_adj:0 "Dagbonian"
 d_mamprusi:0 "Mamprugu"
 d_mamprusi_adj:0 "Mampruli"
 d_manding:0 "Niani"
 d_manding_adj:0 "Nianian"
 d_toro:0 "Sankaran"
 d_toro_adj:0 "Sankaran"
 d_futa_jalon:0 "Jallonkadu"
 d_futa_jalon_adj:0 "Jallonkaduan"
 d_bobo:0 "Kénédougou"
 d_bobo_adj:0 "Kénédougouan"
 #counties
 c_lobi:0 "Lilse"
 c_lobi_adj:0 "Lilse"
 c_ewe:0 "Wusuta"
 c_ewe_adj:0 "Wusutan"
 c_gurma:0 "Bîngo"
 c_gurma_adj:0 "Bîngoan"
 c_man:0 "Mano"
 c_man_adj:0 "Mann"
 c_loropeni:0 "Loropéni"
 c_loropeni_adj:0 "Loropénin"
 c_wenyon:0 "Guéré"
 c_wenyon_adj:0 "Guéré"
 c_toro:0 "Bisandugu"
 c_toro_adj:0 "Bisandugun"
 c_futa_jalon:0 "Jallonkadu"
 c_futa_jalon_adj:0 ""Jallonkaduan"
 c_boubo:0 "Bété"
 c_boubo_adj:0 "Bétic"
 c_nzi:0 "Baoulé"
 c_nzi_adj:0 "Baoulé"
 #baronies
 b_dahomey:0 "Kana"
 b_loropeni:0 "Loropéni"
 b_wenyon:0 "Guéré"
 b_mole_south:0 "Tamale"
 #Guanche
 c_fuerteventura:0 "Erbanne"
 c_fuerteventura_adj:0 "Erbannean"
 b_fuerteventura:0 "Maxorata"
 c_canarias:0 "Achinet"
 c_canarias_adj:0 "Achinetan"
 b_tenerife:0 "Achinet"
 b_grancanaria:0 "Tamarán"
 b_lanzarote:0 "Tyterogaka"
 d_canarias:0 "Guañac"
 d_canarias_adj:0 "Guañacs"
 
 ###Asia
#(Caucasian Region)
 me_derbent_persian:0 "Darband"

 ###Europe
 #(Island of Crete, Greece)
 me_krete_islamic:0 "Iqrīṭiya"
 me_krete_islamic_2:0 "Iqrīṭish"
 #(Island of Sicily, Italy)
 me_sicily_islamic:0 "Ṣiqilliya"
 me_palermo_islamic:0 "Bal'Haram"
 me_agrigento_islamic:0 "Kirkant"
 me_agrigento_islamic_2:0 "Jirjant"

 ###Misc. Fixes
 #(Pakistan)
 c_lahur:0 "Lahore" #More popular spelling.
 c_lahur_adj:0 "Lahori" #Correct adjective.
 d_lahore:0 "Lahore" #More popular spelling.
 b_lahur:0 "Lahore" #More popular spelling.
 b_karoonjar:0 "Nagarparkar" #Karonjar/Karunjhar is a regional name, and the city's name should be Nagarparkar. 
 b_amarkot:0 "Daplu" #Umarkot, (the correct spelling) is not a coastal town and is significantly further north.
 b_bhakkar:0 "Sukkur" #Bhakkar was founded in the 1700s. Lakhi is what this city means to represent.
 c_bhakkar:0 "Sukkur"
 b_nirun:0 "Nerun Kot" #Hyderabad's correct old name.
 b_chachran:0 "Khanpur" #Chachran is nowhere near this geographical location. I think they mean Khanpur.
 b_dajal:0 "Jampur" #Dajal is a super tiny and basically negligible settlement for CK3. I believe the more prominent Jampur does better here.
 b_karor:0 "Depalpur" #Karor's old name. 
 b_bhirr:0 "Faisalabad" #Faisalabad/Lyallpur is supposed to be here. Bhirr is a subdivision of Shorkot.
 c_shorkot:0 "Faisalabad"
 c_sakala:0 "Jammu"
 c_karor:0 "Thal"
 c_karor_adj:1 "Thali"
 c_mansura:0 "Mirpur Khas"
 c_mansura_adj:0 "Khasi"
 b_uch:0 "Bahawalpur"
 c_uch:0 "Bahawalpur"
 c_uch_adj:0 "Bahawalpuri"
 b_karur:0 "Bahawalnagar"
 c_karur:0 "Bahawalnagar"
 c_karur_adj:0 "Bahawalnagari"
 
 #(India)
 b_lakhnau:0 "Lucknow"
 c_lakhnau:0 "Lucknow"
 c_lakhnau_adj:0 "Lucknow"
 c_trigarta:0 "Jalandhar"
 
 #(Yemen)
 c_mandab:0 "Aden"
 d_kambuja_devaraja:0 "Devaraja"
 d_kambuja_devaraja_adj:0 "Devaraja"
 d_jaintia:0 "Jaintia"
 d_jaintia_adj:0 "Jaintian"
 d_ibadi:0 "The Ibadi Caliphate"
 d_ibadi_adj:0 "Ibadi Caliphal"
 k_papal_states_article:0 "the "
 k_papal_states:0 "Papal States"
 k_papal_states_adj:0 "Papal"

 d_isfahani:0 "The Isfahani Mahdi Caliphate"
 d_isfahani_adj:0 "Isfahani"
 qarmatian_religious_head_title:0 "Mahdi Caliph"
 qarmatian_religious_head_title_name:0 "Mahdi Caliphate"

 d_barghawata:0 "The Barghawata Imamate"
 d_barghawata_adj:0 "Barghawata"
 barghawata_religious_head_title:0 "Nabi"
 barghawata_religious_head_title_name:0 "Prophetic Imamate"
 
 d_zaydi:0 "The Zayidi Shia Imamate"
 d_zaydi_adj:0 "Zayidi"
 zayidi_religious_head_title:0 "Imam"
 zayidi_religious_head_title_name:0 "Zayidi Imamate"

 d_alawi:0 "The Alawi State"
 d_alawi_adj:0 "Alawi"
 alawi_religious_head_title:0 "Imam"
 alawi_religious_head_title_name:0 "Alawi Imamate"

 d_ishaqiya:0 "The Ishaaqi State"
 d_ishaqiya:0 "Ishaaqi"
 ishaqiya_religious_head_title:0 "Imam"
 ishaqiya_religious_head_title_name:0 "Ishaaqi Imamate"

 d_imami:0 "The Twelver Shia Imamate"
 d_imami_adj:0 "Twelver Shia"
 imami_religious_head_title:0 "Imam"
 imami_religious_head_title_name:0 "Twelver Imamate"

 d_ibadi:0 "The Ibadi Imamate"
 d_ibadi_adj:0 "Ibadi"
 ibadi_religious_head_title:0 "Imam"
 ibadi_religious_head_title_name:0 "Ibadi Imamate"

 d_wahbiya:0 "The Wahbiya Ibadi Imamate"
 d_wahbiya_adj:0 "Wahbiya Ibadi"
 wahbiya_religious_head_title:0 "Imam"
 wahbiya_religious_head_title_name:0 "Wahbiya Ibadi Imamate"

 d_nukkari:0 "The Nukkari Confederacy"
 d_nukkari_adj:0 "Nukkari"
 nukkari_religious_head_title:0 "Imam"
 nukkari_religious_head_title_name:0 "Nukkari Confederacy"
 
 d_kucha:0 "Kucha"
 d_kucha_adj:0 "Kuchean"
 c_palencia:0 "Palencia"
 c_palencia_adj:0 "Palencian"
 c_tirunelveli:0 "Tirunelveli"
 c_tirunelveli_adj:0 "Tirunelvelian"
 c_candragiri:0 "Candragiri"
 c_candragiri_adj:0 "Candragirian"
 c_khambat:0 "Khambhata"
 c_khambat_adj:0 "Khambhatan"
 c_jhalawar:0 "Jhalawar"
 c_jhalawar_adj:0 "Jhalawar"
 b_pul:0 "Quetta"
 b_kamakhya:0 "Guvahati"
 c_guvahati:0 "Guvahati"
 c_guvahati_adj:0 "Guvahatian"
 c_parivi:0 "Parivi"
 c_parivi_adj:0 "Parivan"
 c_karahataka:0 "Karahataka"
 c_karahataka_adj:0 "Karahataka"
 c_anar:0 "Anar"
 c_anar_adj:0 "Anarian"
 d_bushehr:0 "Bushehr"
 d_bushehr_adj:0 "Anarian"
 b_qattara:0 "Qattara"
 b_siwa_corridor:0 "Siwa corridor"
 d_syriac:0 "Syriac Orthodox Church"
 d_syriac_adj:0 "Syriac Orthodox Patriarchal"
 d_cathar:0 "Cathar Patriarchy"
 d_cathar_adj:0 "Cathar Patriarchal"
 d_bogomilist:0 "Bogomilist Church"
 d_bogomilist_adj:0 "Bogomilist"
 d_messalian:0 "Euchite Patriarchy"
 d_messalian_adj:0 "Euchite"
 d_seveners:0 "The Sevener Shia Imamate"
 d_seveners_adj:0 "Seveners"
 d_kharijite:0 "The Kharijite Caliphate"
 d_kharijite_adj:0 "The Kharijite Caliphal"
 d_nizari:0 "Nizari Imamate"
 d_nizari_adj:0 "Nizaris"
 k_blue_horde_article:0 "the "
 k_blue_horde:0 "Blue Horde"
 k_white_horde_article:0 "the "
 k_white_horde:0 "White Horde"
 k_kipchak:0 "Kimek"
 k_kipchak_adj:0 "Kimek"
 c_salins:0 "Salins"
 c_salins_adj:0 "Salins"
 c_limoux:0 "Limoux"
 c_limoux_adj:0 "Limoux"
 d_houseofyngling:0 "House of Yngling"
 d_luneburg:0 "Lüneburg"
 c_tournaisis:0 "Tournaisis"
 c_tournaisis_adj:0 "Tournaisis"
 c_arlon:0 "Arlon"
 c_arlon_adj:0 "Arlon" 
 c_aalst:0 "Aalst"
 c_aalst_adj:0 "Aalst"
 c_audomarois:0 "Audomarois"
 c_audomarois_adj:0 "Audomarois"
 c_mechelen:0 "Mechelen"
 c_mechelen_adj:0 "Mechelen"
 c_breda:0 "Breda"
 c_breda_adj:0 "Bredian"
 c_amstelland:0 "Amstelland"
 c_amstelland_adj:0 "Amstelland"
 c_den_bosch:0 "Den Bosch"
 c_den_bosch_adj:0 "Den Bosch"
 c_altena:0 "Altena"
 c_altena_adj:0 "Altena"
 c_stavelot:0 "Stavelot"
 c_stavelot_adj:0 "Stavelot"
 c_horne:0 "Horne"
 c_horne_adj:0 "Horne"
 c_nijmegen:0 "Nijmegen"
 c_nijmegen_adj:0 "Nijmegen"
 c_chiny:0 "Chiny"
 c_chiny_adj:0 "Chiny"
 
 b_targo:0 "Targo"
 b_ombu:0 "Om Bu"
 b_kyungtsang:0 "Kyungtsang"
 b_gangyu:0 "Gangyu"
 b_namarche:0 "Namarché"
 b_tarok:0 "Tarok"
 b_sint_niklaas:0 "Sint-Niklaas"
 b_loon:0 "Loon"
 b_sint_truiden:0 "Sint-Truiden"
 b_hasselt:0 "Hasselt"
 b_tongeren:0 "Tongeren"
 b_tienen:0 "Tienen"
 b_sint_niklaas:0 "Sint-Niklaas"
 b_loon:0 "Loon"
 b_den_haag:0 "Den Haag"
 b_herentals:0 "Herentals"
 b_den_bosch:0 "Den Bosch"
 b_giezene:0 "Giezene"
 b_deinze:0 "Deinze"
 b_terneuzen:0 "Terneuzen"
 b_barneveld:0 "Barneveld"
 b_courcelles:0 "Courcelles"
 b_terwaan:0 "Terwaan"
 b_saint_pol:0 "Saint-Pol"
 b_azincourt:0 "Azincourt"
 b_deveren:0 "Deveren"
 b_durbuy:0 "Durbuy"
 b_spa:0 "Spa"
 b_dinant:0 "Dinant"
 b_limburg:0 "Limburg"
 b_limburg_belgium:0 "Limburg"
 b_eupen:0 "Eupen"
 b_andenne:0 "Andenne"
 b_nijvel:0 "Nijvel"
 b_diest:0 "Diest"
 b_heist_op_den_berg:0 "Heist-op-den-Berg"
 b_hulst:0 "Hulst"
 b_roermond:0 "Roermond"
 b_kassel_yperen:0 "Kassel"
 b_mortagne:0 "Mortagne"
 b_dorestad:0 "Dorestad"
 b_geertruidenberg:0 "Geertruidenberg"
 b_poperinge:0 "Poperinge"
 b_torhout:0 "Torhout"
 b_zottegem:0 "Zottegem"
 b_stekene:0 "Stekene"
 b_wervik:0 "Wervik"
 b_toerkonje:0 "Toerkonje"
 b_soignies:0 "Soignies"
 b_leuze:0 "Leuze"
 b_waver:0 "Waver"
 b_halle_belgium:0 "Halle"
 b_la_roche:0 "La Roche"
 b_waremme:0 "Waremme"
 b_bree:0 "Bree"
 b_beveren:0 "Beveren"
 b_oisterwijk:0 "Oisterwijk"
 b_deurne:0 "Deurne"
 b_naarden:0 "Naarden"
 b_baarne:0 "Baarne"
 b_elburg:0 "Elburg"
 b_emmerik:0 "Emmerik"
 b_baarn:0 "Baarn"
 b_venlo:0 "Venlo"
 b_venray:0 "Venray"
 b_avesnes:0 "Avesnes"
 b_chastel:0 "Chastel"
 b_julich:0 "Jülich"
 b_verviers:0 "Verviers"
 b_dowaai:0 "Dowaai"
 b_tielt:0 "Tielt"
 b_geldenaken:0 "Geldenaken"
 b_kalmthout:0 "Kalmthout"
 b_hoogstraten:0 "Hoogstraten"
 b_arendonk:0 "Arendonk"
 b_mol:0 "Mol"
 b_sint_oedenrode:0 "Sint-Oedenrode"
 b_goes:0 "Goes"
 b_vielsalm:0 "Vielsalm"
 b_gouda:0 "Gouda"
 b_woudrichem:0 "Woudrichem"
 b_ouderkerk:0 "Ouderkerk"
 b_weert:0 "Weert"
 b_messancy:0 "Messancy"
 b_malmedy:0 "Malmedy"
 b_duurstede:0 "Duurstede"
 b_leerdam:0 "Leerdam"
 b_grave:0 "Grave"
 b_doetinchem:0 "Doetinchem"
 b_heerlen:0 "Heerlen"
 b_lommel:0 "Lommel"
 b_florennes:0 "Florennes"
 b_paliseul:0 "Paliseul"
 b_ferriere:0 "Ferrières"
 b_rochefort:0 "Rochefort"
 b_garnich:0 "Garnich"
 b_waregem:0 "Waregem"
 b_asse:0 "Asse"
 b_londerzeel:0 "Londerzeel"
 b_leeuw:0 "Leeuw"
 b_diest:0 "Diest"
 b_bapaume:0 "Bapaume"
 b_hazebroek:0 "Hazebroek"
 b_sankt_vith:0 "Sankt-Vith"
 
 #
 
 k_ziqi:0 "Ziqi"
 k_ziqi_adj:0 "Ziqi"
 d_mongkawng:0 "Mongkawng"
 d_mongkawng_adj:0 "Mongkawng"
 k_aru:0 "Aru"
 k_aru_adj:0 "Aru"
 k_daya_pasai:0 "Daya Pasai"
 k_daya_pasai_adj:0 "Daya Pasai"
 k_chiang_hung:0 "Chiang Hung"
 k_chiang_hung_adj:0 "Chiang Hung"
 k_galuh:0 "Galuh"
 k_galuh_adj:0 "Galuh"
 d_perlak:0 "Perlak"
 d_perlak_adj:0 "Perlak"
 d_buni:0 "Buni"
 d_buni_adj:0 "Buni"
 k_minangkabau:0 "Minankabau"
 k_minangkabau_adj:0 "Minankabau"
 d_onggirad:0 "Onggirad"
 d_onggirad_adj:0 "Onggirad"
 d_tajiuud:0 "Tajiuud"
 d_tajiuud_adj:0 "Tajiuud"
 k_jurchen:0 "Jurchen"
 k_jurchen_adj:0 "Jurchens"

 