l_spanish:
 world_europe_west_britannia: "Britania"
 world_europe_west_germania: "Germania"
 world_europe_west_francia: "Francia"
 world_europe_west_iberia: "Iberia"
 world_europe_west: "Europa Occidental"
 world_europe_north: "Norte de Europa"
 world_europe_south_east: "Europa Sudoriental"
 world_europe_south_italy: "Italia"
 world_europe_south: "Sur de Europa"
 world_europe_east: "Europa Oriental"
 world_asia_minor: "Asia Menor"
 world_middle_east_jerusalem: "Siria"
 world_middle_east_arabia: "Arabia"
 world_middle_east_persia: "Persia"
 world_india_deccan: "India del Decán"
 world_india_bengal: "India de Bengala"
 world_india_rajastan: "Rajastán"
 world_persian_empire: "Antigua Persia"
 world_africa_north: "Norte de África"
 world_africa_west: "África Occidental"
 world_africa_east: "África Oriental"
 world_africa: "África"
 world_africa_sahara: "el Sáhara"
 world_steppe_tarim: "Cuenca del Tarim"
 world_steppe_west: "Estepa occidental"
 world_steppe_east: "Estepa oriental"
 world_central_asia: "Asia central"
 world_steppe: "Estepa"
 world_europe: "Europa"
 world_middle_east: "Oriente Medio"
 world_burma: "Birmania"
 world_tibet: "Tíbet"
 world_india: "India"
 world_himalaya: "Himalaya"
 world_innovation_elephants: "India o sudeste de Asia"
 world_innovation_camels: "Oriente Medio, Persia o norte de África"
 western: "Occidental"
 mena: "Norte de África y Oriente Medio"
 custom_eastern_baltic: "Báltico Oriental"
 custom_frisia: "Frisia"
 custom_netherlands: "Países Bajos"
 custom_england: "Inglaterra"
 custom_wales: "Gales"
 custom_castilian: "Castilla"
 custom_aragonese: "Aragón"
 custom_catalan: "Cataluña"
 custom_andalusian: "Andalucía"
 custom_portuguese: "Portugal"
 custom_asturleonese: "Asturias"
 custom_swedish: "Suecia"
 custom_danish: "Dinamarca"
 custom_norwegian: "Noruega"
 custom_scotland: "Escocia"
 custom_burgundy: "Borgoña"
 world_persia: "Persia"
 world_khorasan: "Jorasán"
 world_daylam: "Daylam"
 world_transoxiana: "Transoxiana"
 world_makran: "Makrán"
 world_baluchistan: "Beluchistán"
 world_kabulistan: "Kabulistán"
 world_khiva: "Jiva"
 world_mesopotamia: "Mesopotamia"
 world_jazira: "Jazira"
 custom_roman_empire: "Corazón de Roma"
 custom_roman_syria_palestina: "Siria-Palestina"
 custom_roman_aegyptus: "Aegyptus"
 custom_roman_cyrenaica: "Cirenaica"
 custom_roman_africa: "África romana"
 custom_roman_illyricum: "Illyricum"
 custom_roman_hispania: "Hispania"
 custom_roman_mauretania: "Mauritania"
 custom_roman_mesopotamia: "Mesopotamia"
 custom_roman_caledonia: "Caledonia"
 custom_roman_hibernia: "Hibernia"
 custom_roman_full_borders: "Imperio romano"
 custom_eastern_roman_empire: "Imperio romano de Oriente"
 custom_outremer: "Ultramar"
 custom_latvia: "Livonia"
 custom_lotharingia: "Lotaringia"
 custom_bavaria: "Baviera"
 custom_germany: "Alemania"
 custom_northern_italy: "Norte de Italia"
 custom_navarra: "Navarra"
 custom_sicily: "Sicilia"
 custom_ganges_plain: "Llanura del Ganges"
 custom_bactria: "Bactria"
 custom_south_francia: "Sur de Francia"
 custom_hungary: "Hungría"
 custom_carpathia: "Carpatia"
 custom_europe_western_germany: "Alemania Occidental"
 custom_europe_eastern_germany: "Alemania Oriental"
 custom_northern_england: "Norte de Inglaterra"
 custom_southern_england: "Sur de Inglaterra"
 custom_slavia: "Eslavia"
 custom_west_slavia: "Eslavia Occidental"
 custom_south_slavia: "Eslavia Sur"
 custom_greater_armenia: "el antiguo Imperio armenio"
 custom_viet_lands: "Tierras de Viet"
 custom_ireland: "Irlanda"
 custom_sahara_proper: "el Sáhara"
 custom_sahel_proper: "el Sahel"
 custom_sub_saharan_africa_immediate: "África subsahariana"
 custom_carolingian_francia: "Francia carolingia"
 custom_carolingian_iberia: "Hispania carolingia"
 custom_carolingian_germany: "Alemania carolingia"
 custom_core_switzerland: "Antigua Suiza"
 custom_core_austria: "Austria"
 custom_stretch_austria: "Sur de Baviera"
 custom_fennoscandia: "Fenoscandia"
 custom_polabia: "Sorabia"
 ghw_region_britannia: "las Islas británicas"
 ghw_region_germany: "Alemania"
 ghw_region_anatolia: "Anatolia"
 ghw_region_egypt_et_al: "Egipto"
 israel_region: "Israel"
 troy_region: "Troya"
 #FP1
 dlc_fp1_region_core_north_sea: "Corazón del Mar del Norte"
 dlc_fp1_region_core_mainland_scandinavia: "Escandinavia continental"
 dlc_fp1_region_non_scandinavian_southern_baltic: "Costa báltica sur y oriental"
 dlc_fp1_achievement_far_from_home: "Islas del Índico"
 dlc_fp1_achievement_king_of_all_the_isles: "Islas del Atlántico y Mediterráneo"
 dlc_fp1_achievement_vladimirs_second_choice: "Rusia"
 #FP2
 dlc_fp2_old_vasconia: "Vasconia antigua"
 dlc_fp2_old_vasconia_pushed: "Vasconia antigua"
 dlc_fp2_dlc_fp2_caucasian_iberia: "Iberia del Cáucaso"
 #FP3
 dlc_fp3_eastern_persian_frontier_regions: "Frontera oriental"
 dlc_fp3_greater_persian_frontier_regions: "Gran frontera persa"
 #EP1
 dlc_ep1_achievement_rise_of_the_ghurids: "Imperio gúrida histórico"
 #Seazones
 sea_atlantic_ocean: "el océano Atlántico"
 sea_north_atlantic: "el Atlántico Norte"
 sea_baltic_sea: "el mar Báltico"
 #sea_north_sea: "the North Sea" Entry in map_items_l_english
 #sea_english_channel: "the English Channel" Entry in map_items_l_english
 sea_irish_sea: "el mar de Irlanda"
 sea_bay_of_biscay: "el golfo de Vizcaya"
 sea_macaronesia: "Macaronesia"
 sea_mediterranean_sea: "el Mediterráneo"
 sea_western_mediterranean_sea: "el Mediterráneo Occidental"
 sea_ionian_sea: "el mar Jónico"
 #sea_adriatic_sea: "the Adriatic Sea" Entry in map_items_l_english
 sea_aegean_sea: "el mar Egeo"
 sea_black_sea: "el mar Negro"
 sea_south_atlantic: "el Atlántico Sur"
 sea_gulf_of_guinea: "el golfo de Guinea"
 sea_indian_ocean: "el océano Índico"
 sea_bay_of_somalia: "el golfo de Somalia"
 #sea_red_sea: "the Red Sea" Entry in map_items_l_english
 sea_gulf_of_aden: "el golfo de Adén"
 #sea_persian_gulf: "the Persian Gulf" Entry in map_items_l_english
 #sea_arabian_sea: "the Arabian Sea" Entry in map_items_l_english
 #sea_bay_of_bengal: "the Bay of Bengal" Entry in map_items_l_english
 sea_inland_steppe_seas: "los mares de Aral y Caspio"
 sea_caspian_sea: "el mar Caspio"
 sea_aral_sea: "el mar de Aral"
 #EP3
 custom_theodosian_ere: "Imperio oriental teodosiano"
 #MPO
 custom_eastern_balkans: "Balcanes orientales"
 ghw_region_northern_russia: "Norte de Rusia"
 ghw_region_southern_russia: "Sur de Rusia"
 ghw_region_poland: "Polonia"
 ghw_region_baltic: "El Báltico"
 dlc_mpo_steppe_caucasus_expansion: "Cáucaso"
 dlc_mpo_steppe_persia_expansion: "Persia"
 dlc_mpo_steppe_siberia_further_expansion: "Norte de Siberia"
 #TGP
 dlc_tgp_great_wall_shanhai: "La sección de Shanhai"
 dlc_tgp_great_wall_liaodong: "La sección de Liaodong"
 dlc_tgp_grand_canal_region: "El Gran Canal"
 dlc_tgp_grand_canal_1_region: "Gran Canal sur"
 dlc_tgp_grand_canal_2_region: "Gran Canal centro sur"
 dlc_tgp_grand_canal_3_region: "Gran Canal centro norte"
 dlc_tgp_grand_canal_4_region: "Gran Canal norte"
 world_asia_sakhalin_hokkaido: "Sajalin-Hokkaidō"
 world_asia_japan: "Japón"
 world_asia_north_east: "Noreste de Asia"
 world_asia_korea: "Corea"
 world_asia_southeast: "Sudeste de Asia"
 world_asia_southeast_mainland: "Sudeste de Asia continental"
 world_asia_southeast_islands: "Sudeste de Asia marítimo"
 world_asia_philippines: "Luzón y Bisayas"
 world_asia_borneo: "Borneo"
 world_asia_sulawesi_maluku: "Célebes y Molucas"
 world_asia_indonesia: "Malayadvipa y Yavakadvipa"
 world_asia_china: "China"
 world_asia: "Asia Oriental"
 world_asia_east: "Asia Oriental"
