l_spanish:
 cn_konstantiniyye: "Konstantiniyye"
 cn_konstantiniyye_adj: "konstantiniyiano"
 cn_bratislava: "Bratislava"
 cn_bratislava_adj: "bratislavo"
 cn_pressburg: "Presburgo"
 cn_pressburg_adj: "presburgués"
 cn_waithali: "Waithali"
 cn_waithali_adj: "waithaliano"
 cn_danzig: "Danzig"
 cn_danzig_adj: "danzigués"
 cn_konigsberg: "Königsberg"
 cn_konigsberg_adj: "konigsbergués"
 cn_dorpat: "Dorpat"
 cn_dorpat_adj: "dorpatiano"
 cn_pernau: "Pernau"
 cn_pernau_adj: "Pernau"
 cn_parnawa: "Parnawa"
 cn_parnawa_adj: "parnawano"
 cn_pernu: "Pernu"
 cn_pernu_adj: "Pernu"
 cn_U_xkU_ll: "Üxküll"
 cn_U_xkU_ll_adj: "üxkülliano"
 cn_yxkull: "Yxkull"
 cn_yxkull_adj: "yxkulliano"
 cn_ikS_kila: "Ikškila"
 cn_ikS_kila_adj: "ikškilano"
 cn_ikS_kile: "Ikškile"
 cn_ikS_kile_adj: "ikškiliano"
 cn_lemsahl: "Lemsahl"
 cn_lemsahl_adj: "lemsahliano"
 cn_salismunde: "Salismünde"
 cn_salismunde_adj: "salismündino"
 cn_lemsal: "Lemsal"
 cn_lemsal_adj: "lemsaliano"
 cn_kokenhusen: "Kokenhusen"
 cn_kokenhusen_adj: "Kokenhusen"
 cn_kukeinos: "Kukeinos"
 cn_kukeinos_adj: "kukeinosiano"
 cn_koknese: "Koknese"
 cn_koknese_adj: "koknesio"
 cn_gerzika: "Gerzika"
 cn_gerzika_adj: "gerzikano"
 cn_gardinas: "Gardinas"
 cn_gardinas_adj: "gardinaso"
 cn_krolewiec: "Królewiec"
 cn_krolewiec_adj: "królewieco"
 #Britain
 cn_alba: "Alba"
 cn_alba_adj: "albano"
 cn_pictland: "Pictia"
 cn_pictland_adj: "picto"
 cn_pictavia: "Pictavia"
 cn_pictavia_adj: "pictavo"
 cn_jorvik: "Jórvík"
 cn_jorvik_adj: "jorviqués"
 cn_jarnamoda: "Jarnamóða"
 cn_jarnamoda_adj: "járnamodés"
 cn_linn: "Linn"
 cn_linn_adj: "linnsey"
 cn_lindsey: "lindsey"
 cn_lindsey_adj: "lindsey"
 cn_deira: "Deira"
 cn_deira_adj: "deirano"
 cn_deifr: "Deifr"
 cn_deifr_adj: "deifrano"
 cn_rheged: "Rheged"
 cn_rheged_adj: "rhegediano"
 cn_bernicia: "Bernicia"
 cn_bernicia_adj: "berniciano"
 cn_bryneich: "Bryneich"
 cn_bryneich_adj: "bryneich"
 cn_gododdin: "gododdin"
 cn_gododdin_adj: "gododdin"
 cn_galloway: "Galloway"
 cn_galloway_adj: "gallovidiano"
 cn_alclud: "Alclud"
 cn_alclud_adj: "alclud"
 cn_alt_clut: "Alt Clut"
 cn_norroy: "Norroy"
 cn_norroy_adj: "norroyano"
 cn_aeron: "Aeron"
 cn_aeron_adj: "aeron"
 cn_galwyddel: "Galwyddel"
 cn_galwyddel_adj: "galwyddeliano"
 cn_galvei: "Galvei"
 cn_galvei_adj: "galveino"
 cn_circinn: "Circinn"
 cn_circinn_adj: "circinn"
 cn_eryri: "Eryri"
 cn_eryri_adj: "eryriano"
 cn_east_seaxe: "Seaxe Este"
 cn_east_seaxe_adj: "sajón oriental"
 cn_middle_seaxe: "Seaxe Central"
 cn_middle_seaxe_adj: "sajón central"
 cn_south_seaxe: "Seaxe Sur"
 cn_south_seaxe_adj: "sajón meridional"
 cn_llundein: "Llundein"
 cn_llundein_adj: "llundein"
 cn_londinium: "Londinium"
 cn_londinium_adj: "londiniense"
 cn_lunden: "Lunden"
 cn_lunden_adj: "lunden"
 cn_londres: "Londres"
 cn_londres_adj: "londinense"
 cn_lunnon: "Lunnon"
 cn_lunnon_adj: "lunnon"
 cn_suthweorc: "Suthweorc"
 cn_suthweorc_adj: "suthweorc"
 cn_colenceaster: "Colenceaster"
 cn_colenceaster_adj: "colenceaster"
 cn_bedanford: "Bedanford"
 cn_bedanford_adj: "bedanford"
 cn_herutford: "Herutford"
 cn_herutford_adj: "herutfordiano"
 cn_buccingahamm: "Buccingahamm"
 cn_buccingahamm_adj: "buccingahamm"
 cn_bebbanburg: "Bebbanburg"
 cn_bebbanburg_adj: "bebbanburgués"
 cn_dunholm: "Dunholm"
 cn_dunholm_adj: "dunholm"
 cn_duresm: "Duresm"
 cn_duresm_adj: "duresm"
 cn_cumbraland: "Cumbraland"
 cn_caer_luel: "Caer Luel"
 cn_caer_luel_adj: "caerluel"
 cn_cathair_luail: "Cathair Luail"
 cn_cathair_luail_adj: "cathairluail"
 cn_carleol: "Carleol"
 cn_carleol_adj: "carleol"
 cn_ulfreksfjordr: "Úlfreksfjord"
 cn_ulfreksfjordr_adj: "ulfreksfjordiano"
 cn_din_guarie: "Din Gaurie"
 cn_din_guarie_adj: "dingaurie"
 cn_medcaut: "Medcaut"
 cn_medcaut_adj: "medcaut"
 cn_efrog: "Efrog"
 cn_efrog_adj: "efrog"
 cn_eoforwic: "Eoforwic"
 cn_eoforwic_adj: "eoforwic"
 cn_poclintun: "Poclintun"
 cn_poclintun_adj: "poclintun"
 cn_leodis: "Leodis"
 cn_leodis_adj: "leodis"
 cn_ladenses: "Ladenses"
 cn_ladenses_adj: "ladensiano"
 cn_elmet: "Elmet"
 cn_elmet_adj: "elmetio"
 cn_cardiganshire: "Cardiganshire"
 cn_cardigan: "Cardigan"
 cn_merionethshire: "Merionethshire"
 cn_caernarvonshire: "Caernarvonshire"
 cn_anglesey: "Anglesey"
 cn_holyhead: "Holyhead"
 cn_denbighshire: "Denbighshire"
 cn_denbigh: "Denbigh"
 cn_wrexham: "Wrexham"
 cn_ruthin: "Ruthin"
 cn_montgomeryshire: "Montgomeryshire"
 cn_welshpool: "Welshpool"
 cn_newtown: "Newtown"
 cn_radnorshire: "Radnorshire"
 cn_llandrindod_wells: "Llandrindod Wells"
 cn_rhayader: "rhayadés"
 cn_arcenefelde: "Arcenefelde"
 cn_hennffordd: "Hennffordd"
 cn_carmarthenshire: "Carmarthenshire"
 cn_carmarthen: "Carmarthen"
 cn_llandovery: "Llandovery"
 cn_pembrokeshire: "Pembrokeshire"
 cn_pembroke: "Pembroke"
 cn_st_davids: "St. Davids"
 cn_fiscard: "Fiscard"
 cn_glamorgan: "Glamorgan"
 cn_cardiff: "Cardiff"
 cn_swansea: "Swansea"
 cn_caerphilly: "Caerphilly"
 cn_monmouthshire: "Monmouthshire"
 cn_caerleon: "Caerleon"
 cn_monmouth: "Monmouth"
 cn_brecknockshire: "Brecknockshire"
 cn_brecknock: "Brecknock"
 #Pomerania
 cn_szczecin: "Szczecin"
 cn_szczecin_adj: "szczeciano"
 cn_wkryujscie: "Wkryujście"
 cn_wkryujscie_adj: "wkryujscie"
 cn_mysliborz: "Myślibórz"
 cn_mysliborz_adj: "myslibórziano"
 cn_drezdenko: "Drezdenko"
 cn_drezdenko_adj: "drezdenko"
 cn_choszczno: "Choszczno"
 cn_choszczno_adj: "choszczno"
 cn_krzyz: "Krzyż"
 cn_krzyz_adj: "krzyaiano"
 cn_gdansk: "Gdańsk"
 cn_gdansk_adj: "gdanskiano"
 cn_lebno: "Łebno"
 cn_lebno_adj: "lebno"
 cn_czarne: "Czarne"
 cn_czarne_adj: "czarno"
 cn_stettin: "Stettin"
 cn_stettin_adj: "stettino"
 cn_greifenhagen: "Greifenhagen"
 cn_greifenhagen_adj: "greifenhaguense"
 cn_kolberg: "Kolberg"
 cn_kolberg_adj: "kolbergués"
 cn_swinemunde: "Swinemünde"
 cn_swinemunde_adj: "swinemundo"
 cn_labes: "Labes"
 cn_labes_adj: "labesiano"
 cn_schneidemuhl: "Schneidemühl"
 cn_schneidemuhl_adj: "schneidemuhliano"
 cn_zoppot: "Zoppot"
 cn_zoppot_adj: "Zoppotiano"
 cn_grossendorf: "Grossendorf"
 cn_grossendorf_adj: "grossendorfés"
 cn_dirschau: "Dirschau"
 cn_dirschau_adj: "dirschano"
 cn_stolp: "Stolp"
 cn_stolp_adj: "stolpiano"
 cn_koslin: "Köslin"
 cn_koslin_adj: "kösliniano"
 cn_butow: "Bütow"
 cn_butow_adj: "butow"
 cn_rummelsburg: "Rummelsburg"
 cn_rummelsburg_adj: "rummelsburgués"
 #Prussia
 cn_braniewo: "Braniewo"
 cn_braniewo_adj: "braniewano"
 cn_holstin: "Holstin"
 cn_holstin_adj: "holstinés"
 cn_orneta: "Orneta"
 cn_orneta_adj: "ornetés"
 cn_morag: "Morąg"
 cn_morag_adj: "moragiano"
 cn_bartoszyce: "Bartoszyce"
 cn_bartoszyce_adj: "bartoszyciano"
 cn_wystruc: "Wystruć"
 cn_wystruc_adj: "wystruciano"
 cn_ketrzyn: "Kętrzyn"
 cn_ketrzyn_adj: "ketrzyniano"
 cn_chelm: "Chełm"
 cn_chelm_adj: "chełmiano"
 cn_grudziadz: "Grudziądz"
 cn_grudziadz_adj: "grudziadzo"
 cn_ostroda: "Ostróda"
 cn_ostroda_adj: "ostródés"
 cn_ilawa: "Iława"
 cn_ilawa_adj: "ilawés"
 cn_wegobork: "Węgobork"
 cn_wegobork_adj: "wegoborkiano"
 cn_lec: "Lec"
 cn_lec_adj: "lec"
 cn_lek: "Lek"
 cn_lek_adj: "lek"
 cn_marienburg: "Marienburgo"
 cn_marienburg_adj: "marienburgués"
 cn_elbing: "Elbing"
 cn_elbing_adj: "elbingués"
 cn_brodnica_strasburg: "Estrasburgo"
 cn_brodnica_strasburg_adj: "estrasburgués"
 #Italy
 cn_merano: "merano"
 cn_merano_adj: "merano"
 #Polabia & Lubusz
 cn_polabia: "Polabia"
 cn_polabia_adj: "polabio"
 cn_lebus: "Lebus"
 cn_lebus_adj: "lebusés"
 cn_oderfrankfurt: "Oderfrankfurt"
 cn_oderfrankfurt_adj: "oderfrancfurtés"
 cn_zielenzig: "Zielenzig"
 cn_zielenzig_adj: "zielenzigués"
 cn_reppen: "Reppen"
 cn_reppen_adj: "reppenés"
 cn_barsc: "Baršć"
 cn_barsc_adj: "baršćano"
 cn_blota: "Błota"
 cn_blota_adj: "błotano"
 #Greater Poland to German
 cn_grosspolen: "Großpolen"
 cn_grosspolen_adj: "grosspolonés"
 cn_posen: "Posen"
 cn_posen_adj: "posenés"
 cn_meseritz: "Meseritz"
 cn_meseritz_adj: "meseritzés"
 cn_scharnikau: "Scharnikau"
 cn_scharnikau_adj: "scharnikaués"
 cn_wronke: "Wronke"
 cn_wronke_adj: "wronkés"
 cn_wollstein: "Wollstein"
 cn_wollstein_adj: "wollsteinés"
 cn_gnesen: "Gnesen"
 cn_gnesen_adj: "gnesenés"
 cn_schroda: "Schroda"
 cn_schroda_adj: "schrodano"
 cn_peisern: "Peisern"
 cn_peisern_adj: "peisernés"
 cn_kalisch: "Kalisch"
 cn_kalisch_adj: "kalischés"
 cn_koschmin: "Koschmin"
 cn_koschmin_adj: "koschminés"
 cn_fraustadt: "Fraustadt"
 cn_fraustadt_adj: "fraustadtés"
 cn_kosten: "Kosten"
 cn_kosten_adj: "kostenés"
 cn_schrimm: "Schrimm"
 cn_schrimm_adj: "schrimmés"
 cn_nakel: "Nakel"
 cn_nakel_adj: "nakelés"
 cn_flatow: "Flatow"
 cn_flatow_adj: "flatowés"
 cn_znin: "Znin"
 cn_znin_adj: "zninés"
 #Rus
 cn_hrodna: "Hrodna"
 cn_hrodna_adj: "hrodnano"
 cn_gardariki: "Garðariki"
 cn_gardariki_adj: "garðarikiano"
 cn_wolyn: "Wołyń"
 cn_wolyn_adj: "wołyńiano"
 cn_wlodzimierz: "Włodzimierz"
 cn_wlodzimierz_adj: "włodzimierziano"
 cn_luck: "Łuck"
 cn_luck_adj: "łuckiano"
 cn_kowel: "Kowel"
 cn_kowel_adj: "koweliano"
 cn_rozyszcze: "Rożyszcze"
 cn_rozyszcze_adj: "rożyszczeiano"
 cn_peresopnica: "Peresopnica"
 cn_peresopnica_adj: "peresopnicano"
 cn_rowne: "Równe"
 cn_rowne_adj: "równeano"
 cn_klewan: "Klewań"
 cn_klewan_adj: "klewańiano"
 cn_brzesc: "Brześć"
 cn_brzesc_adj: "brześćiano"
 cn_kamieniec: "Kamieniec"
 cn_kamieniec_adj: "kamienieciano"
 cn_siemiatycze: "Siemiatycze"
 cn_siemiatycze_adj: "siemiatyczeano"
 cn_drohiczyn: "Drohiczyn"
 cn_drohiczyn_adj: "drohiczyniano"
 cn_drohicinas: "Drohičinas"
 cn_drohicinas_adj: "drohičinasiano"
 cn_kobryn: "Kobryń"
 cn_kobryn_adj: "kobryniano"
 cn_kobrynas: "Kobrynas"
 cn_kobrynas_adj: "kobrynasiano"
 cn_halicz: "Halicz"
 cn_halicz_adj: "halicziano"
 cn_halytsch: "Halytsch"
 cn_halytsch_adj: "halytschiano"
 cn_halici: "Halici"
 cn_halici_adj: "haliciano"
 cn_sambor: "Sambor"
 cn_sambor_adj: "samborio"
 cn_kolomyja: "Kołomyja"
 cn_kolomyja_adj: "kolomyjano"
 cn_kolomea: "Kolomea"
 cn_kolomea_adj: "kolomeano"
 cn_colomeea: "Colomeea"
 cn_colomeea_adj: "colomeeano"
 cn_lwow: "Lwów"
 cn_lwow_adj: "lwówiano"
 cn_lemberg: "Lemberg"
 cn_lemberg_adj: "lembergiano"
 cn_liov: "Liov"
 cn_liov_adj: "lioviano"
 cn_dzwinogrod: "Dźwinogród"
 cn_dzwinogrod_adj: "dźwinogródiano"
 cn_zvenihorod: "Zvenîhorod"
 cn_zvenihorod_adj: "zvenîhorodiano"
 cn_buczacz: "Buczacz"
 cn_buczacz_adj: "buczacziano"
 cn_trembowla: "Trembowla"
 cn_trembowla_adj: "trembowlano"
 cn_grodek: "Gródek"
 cn_grodek_adj: "gródekiano"
 cn_czortkow: "Czortków"
 cn_czortkow_adj: "czortkówiano"
 cn_zaslaw: "Zasław"
 cn_zaslaw_adj: "zasławiano"
 cn_ostrog: "Ostróg"
 cn_ostrog_adj: "ostrógiano"
 cn_czerwien: "Czerwień"
 cn_czerwien_adj: "czerwieńiano"
 cn_chervenwolyn: "Wolyn"
 cn_chervenwolyn_adj: "wolyniano"
 cn_chervenchelm: "Chełm"
 cn_chervenchelm_adj: "chełmiano"
 cn_belz: "Bełz"
 cn_belz_adj: "bełziano"
 cn_lubycza: "Lubycza"
 cn_lubycza_adj: "lubyczano"
 cn_przemysl: "Przemyśl"
 cn_przemysl_adj: "przemyśliano"
 cn_jaroslaw: "Jarosław"
 cn_jaroslaw_adj: "jarosławiano"
 cn_lezajsk: "Leżajsk"
 cn_lezajsk_adj: "leżajskiano"
 cn_konugardr_NORSE: "Könugarðr"
 cn_konugardr_NORSE_adj: "könugarðriano"
 cn_konugard_SWE: "Könugård"
 cn_konugard_SWE_adj: "könugårdiano"
 cn_konugard_NORDAN: "Kønugård"
 cn_konugard_NORDAN_adj: "kønugårdiano"
 cn_kijow: "Kijów"
 cn_kijow_adj: "kijówiano"
 cn_kijevas: "Kijevas"
 cn_kijevas_adj: "kijevasiano"
 cn_zytomierz: "Żytomierz"
 cn_zytomierz_adj: "żytomierziano"
 cn_zwiahel: "Zwiahel"
 cn_zwiahel_adj: "zwiaheliano"
 cn_czarnobyl: "Czarnobyl"
 cn_czarnobyl_adj: "czarnobyliano"
 cn_uszyca: "Uszyca"
 cn_uszyca_adj: "uszycano"
 cn_usita: "Ușița"
 cn_usita_adj: "ușițano"
 cn_korsun: "Korsuń"
 cn_korsun_adj: "korsuńiano"
 cn_turow: "Turów"
 cn_turow_adj: "turówiano"
 cn_turava: "Turava"
 cn_turava_adj: "turavano"
 cn_korosten: "Korosteń"
 cn_korosten_adj: "korosteńiano"
 cn_korostenis: "Korostenis"
 cn_korostenis_adj: "korostenisiano"
 cn_owrucz: "Owrucz"
 cn_owrucz_adj: "owrucziano"
 cn_dabrowica: "Dąbrowica"
 cn_dabrowica_adj: "dąbrowicano"
 cn_dubrovicja: "Dubrovicja"
 cn_dubrovicja_adj: "dubrovicjano"
 cn_holmgardr: "Holmgarðr"
 cn_holmgardr_adj: "holmgardrés"
 cn_naugardas: "Naugardas"
 cn_naugardas_adj: "naugardasiano"
 cn_aldeigjuborg: "Aldeigjuborg"
 cn_aldeigjuborg_adj: "aldeigjuborgiano"
 cn_laatokka: "Laatokka"
 cn_laatokka_adj: "laatokkano"
 cn_pskovas: "Pskovas"
 cn_pskovas_adj: "pskovasiano"
 cn_pihkova: "Pihkova"
 cn_pihkova_adj: "pihkovano"
 cn_sebez: "Sebež"
 cn_sebez_adj: "sebežiano"
 cn_sebezas: "Sebežas"
 cn_sebezas_adj: "sebezasiano"
 cn_noteborg_SWENORSE: "Nöteborg"
 cn_noteborg_SWENORSE_adj: "noteborgués"
 cn_noteborg_DANNOR: "Nøteborg"
 cn_noteborg_DANNOR_adj: "noteborgués"
 cn_schlusselburg: "Schlüsselburg"
 cn_schlusselburg_adj: "schlüsselburgués"
 cn_oreshek: "Oreshek"
 cn_oreshek_adj: "oreshekiano"
 cn_tihvina: "Tihvinä"
 cn_tihvina_adj: "tihvinäno"
 cn_lyda: "Lyda"
 cn_lyda_adj: "lydano"
 cn_valkaviskas: "Valkaviskas"
 cn_valkaviskas_adj: "valkaviskasiano"
 cn_wolkowysk: "Wołkowysk"
 cn_wolkowysk_adj: "wołkowyskiano"
 cn_sokulka: "Sokulka"
 cn_sokulka_adj: "sokulkano"
 cn_sokolka_PLN: "Sokółka"
 cn_sokolka_PLN_adj: "sokółkano"
 cn_balstoge: "Balstogė"
 cn_balstoge_adj: "balstogėano"
 cn_bialystok: "Białystok"
 cn_bialystok_adj: "białystokiano"
 cn_naugardukas: "Naugardukas"
 cn_naugardukas_adj: "naugardukasiano"
 cn_nowogrodek: "Nowogródek"
 cn_nowogrodek_adj: "nowogródekiano"
 cn_slanimas: "Slanimas"
 cn_slanimas_adj: "slanimasiano"
 cn_slonim_PLN: "Słonim"
 cn_slonim_PLN_adj: "słonimiano"
 cn_pinskas: "Pinskas"
 cn_pinskas_adj: "pinskasiano"
 cn_pinsk_PLN: "Pińsk"
 cn_pinsk_PLN_adj: "pinskeño"
 cn_luniecas: "Luninecas"
 cn_luniecas_adj: "luninecasiano"
 cn_luniniec: "Łuniniec"
 cn_luniniec_adj: "łuninieciano"
 cn_sluckas: "Sluckas"
 cn_sluckas_adj: "sluckasiano"
 cn_sluck: "Słuck"
 cn_sluck_adj: "słuckiano"
 cn_zytkavicai: "Žytkavičai"
 cn_zytkavicai_adj: "žytkavičaiano"
 cn_zydkowicze: "Żydkowicze"
 cn_zydkowicze_adj: "żydkowiczeano"
 cn_mikasevicai: "Mikaševičai"
 cn_mikasevicai_adj: "mikaševičaiano"
 cn_mikaszewicze: "Mikaszewicze"
 cn_mikaszewicze_adj: "mikaszewiczeano"
 cn_kleckas: "Kleckas"
 cn_kleckas_adj: "kleckasiano"
 cn_kleck: "Kleck"
 cn_kleck_adj: "kleckiano"
 cn_baranoviciai: "Baranovičiai"
 cn_baranoviciai_adj: "baranovičiaiano"
 cn_baranowicze: "Baranowicze"
 cn_baranowicze_adj: "baranowiczeano"
 cn_babruiskas: "Babruiskas"
 cn_babruiskas_adj: "babruiskasiano"
 cn_bobrujsk: "Bobrujsk"
 cn_bobrujsk_adj: "bobrujskiano"
 cn_zlobinas: "Žlobinas"
 cn_zlobinas_adj: "žzlobinasiano"
 cn_zlobin: "Żłobin"
 cn_zlobin_adj: "żłobiniano"
 cn_kalinkavicai: "Kalinkavičai"
 cn_kalinkavicai_adj: "kalinkavičaiano"
 cn_kalinkowicze: "Kalinkowicze"
 cn_kalinkowicze_adj: "kalinkowiczeano"
 cn_recyca: "Rečyca"
 cn_recyca_adj: "rečycano"
 cn_reczyca: "Rzeczyca"
 cn_reczyca_adj: "rzeczycano"
 cn_minskas: "Minskas"
 cn_minskas_adj: "minskasiano"
 cn_minsk_PLN: "Mińsk"
 cn_minsk_PLN_adj: "minskeño"
 cn_lahoiskas: "Lahoiskas"
 cn_lahoiskas_adj: "lahoiskasiano"
 cn_lohojsk: "Łohojsk"
 cn_lohojsk_adj: "łohojskiano"
 cn_zaslavlis: "Zaslavlis"
 cn_zaslavlis_adj: "zaslavlisiano"
 cn_maladecina: "Maladečina"
 cn_maladecina_adj: "maladečinano"
 cn_molodeczno: "Mołodeczno"
 cn_molodeczno_adj: "mołodecznon"
 cn_barysavas: "Barysavas"
 cn_barysavas_adj: "barysavasiano"
 cn_borysow: "Borysów"
 cn_borysow_adj: "borysówiano"
 cn_orsa_LIT: "Orša"
 cn_orsa_LIT_adj: "oršano"
 cn_orsza: "Orsza"
 cn_orsza_adj: "orszano"
 cn_druckas: "Druckas"
 cn_druckas_adj: "druckasiano"
 cn_druck: "Druck"
 cn_druck_adj: "druckiano"
 cn_polockas: "Polockas"
 cn_polockas_adj: "polockasiano"
 cn_polock: "Połock"
 cn_polock_adj: "połockiano"
 cn_pallteskja: "pallteskja"
 cn_pallteskja_adj: "pallteskjano"
 cn_drisa: "Drisa"
 cn_drisa_adj: "drisano"
 cn_dryssa: "Dryssa"
 cn_dryssa_adj: "dryssano"
 cn_merai: "Mėrai"
 cn_merai_adj: "mėraiano"
 cn_miory: "Miory"
 cn_miory_adj: "mioryano"
 cn_lukoml: "Łukoml"
 cn_lukoml_adj: "łukomliano"
 cn_glubokas: "Glubokas"
 cn_glubokas_adj: "glubokasiano"
 cn_glebokie: "Głębokie"
 cn_glebokie_adj: "głębokieano"
 cn_vitebskas: "Vitebskas"
 cn_vitebskas_adj: "vitebskasiano"
 cn_witebsk: "Witebsk"
 cn_witebsk_adj: "witebskiano"
 cn_haradokas: "Haradokas"
 cn_haradokas_adj: "haradokasiano"
 cn_horodek: "Horodek"
 cn_horodek_adj: "horodekiano"
 cn_timerovo: "Timerovo"
 cn_timerovo_adj: "timerovano"
 cn_sarskoye_gorodishche: "Sarskoye Gorodishche"
 cn_sarskoye_gorodishche_adj: "gorodishchy"
 cn_nizhny_novgorod: "Nizhni Nóvgorod"
 cn_nizhny_novgorod_adj: "nizhninovgorodiense"
 #Caspian-Pontic steppe
 cn_zaporizhia: "Zaporiyia"
 cn_zaporizhia_adj: "zaporiyano"
 cn_dzikie_pola: "Dzikie Pola"
 cn_dzikie_pola_adj: "dzikie Polano"
 cn_dykra: "Dykra"
 cn_dykra_adj: "dykrano"
 cn_etelkoz: "Etelköz"
 cn_etelkoz_adj: "etelközi"
 cn_new_england: "Nueva Inglaterra"
 cn_new_england_adj: "neoinglés"
 cn_jedisan: "Jedisan"
 cn_jedisan_adj: "yedisaní"
 cn_jedysan: "Jedysan"
 cn_jedysan_adj: "yedysaní"
 cn_edisan: "Edisan"
 cn_edisan_adj: "edisaní"
 #Volga-Ural
 #Many of those are fictional flavour names to avoid "too russian sounding" names for some settlements when held by volga-finnic or turkic mostly
 cn_sirevel_e: "Sirevel'e"
 cn_sirevel_e_adj: "sireveleano"
 cn_tumolaj: "Tumoläj"
 cn_tumolaj_adj: "tumoläjano"
 cn_sedvel: "Sedvel"
 cn_sedvel_adj: "sedveliano"
 cn_vernakuzo: "Vernakuzo"
 cn_vernakuzo_adj: "vernakuzio"
 cn_voronej: "Voronej"
 cn_voronej_adj: "voroneji"
 cn_varakavir: "Varakavir"
 cn_varakavir_adj: "varakaviri"
 cn_tundokev: "Tundokev"
 cn_tundokev_adj: "tundokeví"
 cn_burtasia: "Burtasia"
 cn_burtasia_adj: "burtasio"
 cn_saratau: "Saratau"
 cn_saratau_adj: "saratauano"
 cn_burtas: "burtasio"
 cn_burtas_adj: "burtasio"
 cn_insaravar: "Insaravär"
 cn_insaravar_adj: "insaravärí"
 cn_sijabije: "Sijabije"
 cn_sijabije_adj: "sijabijei"
 cn_krasnan: "Krasnan"
 cn_krasnan_adj: "krasnano"
 cn_okhan: "Okhan"
 cn_okhan_adj: "okhanio"
 cn_bisserk: "Bisserk"
 cn_bisserk_adj: "bisserkí"
 cn_kleno: "Kleno"
 cn_kleno_adj: "klenoano"
 cn_gichans: "Gichans"
 cn_gichans_adj: "gichansio"
 cn_solika: "Solika"
 cn_solika_adj: "solikano"
 cn_votkhar: "Votkhar"
 cn_votkhar_adj: "votkhario"
 cn_krasnok: "Krasnok"
 cn_krasnok_adj: "krasnoki"
 cn_kirov: "Kirov"
 cn_kirov_adj: "kirovi"
 cn_yeldia: "Yeldia"
 cn_yeldia_adj: "yeldiano"
 cn_tabyn: "Tabyn"
 cn_tabyn_adj: "tabyni"
 cn_malaurala: "Malaurala"
 cn_malaurala_adj: "malauralano"
 cn_yuldyba: "Yuldyba"
 cn_yuldyba_adj: "yuldibo"
 cn_achich: "Achich"
 cn_achich_adj: "achichi"
 cn_zlat: "Zlat"
 cn_zlat_adj: "zlatio"
 cn_yuman: "Yuman"
 cn_yuman_adj: "yumaní"
 cn_ozera: "Ozera"
 cn_ozera_adj: "ozerano"
 cn_alapa: "Alapa"
 cn_alapa_adj: "alapano"
 cn_kamyk: "Kamyk"
 cn_kamyk_adj: "kamyki"
 cn_chadra: "Chadra"
 cn_chadra_adj: "chadrano"
 cn_baklana: "Baklana"
 cn_baklana_adj: "baklanano"
 cn_chelab: "Chelab"
 cn_chelab_adj: "chelabí"
 #Mongolia
 cn_kuznetsk: "Kuznetsk"
 cn_udinsk: "Udinsk"
 cn_irkutsk: "Irkutsk"
 cn_gorlog: "Gorlog"
 cn_kim_sug: "Kim Sug"
 cn_krasnoyarsk: "Krasnoyarsk"
 cn_kansk: "Kansk"
 cn_chuna_valley: "Valle del Chuna"
 cn_chuna: "Chuna"
 cn_bratsk: "Bratsk"
 cn_eulkhe: "Eülkhe"
 cn_lena: "Lena"
 cn_angar: "Angar"
 #Northern Isles
 cn_nordreyjar_article: ""
 cn_nordreyjar: "Norðreyjar"
 cn_nordreyjar_adj: "nordreyjés"
 cn_kirkuvag: "Kirkjuvágr"
 cn_kirkuvag_adj: "kirkjuvágués"
 cn_kyrkovik: "Kyrkovik"
 cn_kyrkovik_adj: "kyrkovikés"
 cn_icluasctreh: "Icluasctreh"
 cn_icluasctreh_adj: "icluasctrehio"
 cn_eglwystref: "Eglwystref"
 cn_eglwystref_adj: "eglwystrefiano"
 cn_baile_na_h_eaglais: "Baile na h-Eaglais"
 cn_baile_na_h_eaglais_adj: "baile na h-Eaglaisiano"
 cn_torshavn: "Tórshavn"
 cn_torshavn_adj: "torshangués"
 cn_pirth_taran: "Pirth Taran"
 cn_pirth_taran_adj: "pirthtaranio"
 cn_porth_taran: "Porth Taran"
 cn_porth_taran_adj: "portaranio"
 cn_port_turenn: "Port Turenn"
 cn_port_turenn_adj: "porturennio"
 cn_skalavagr: "Skálavágr"
 cn_skalavagr_adj: "skálavágrés"
 cn_bachuuon_maurt: "Bachuuon Maurt"
 cn_bachuuon_maurt_adj: "bachuuonmaurtés"
 cn_bachwyon_mawrty: "Bachwyon Mawrty"
 cn_bachwyon_mawrty_adj: "bachwyonmawrty"
 cn_batin_mortaigh: "Batin Môrtaigh"
 cn_batin_mortaigh_adj: "batinmortaigués"
 cn_hjaltland: "Hjaltland"
 cn_hjaltland_adj: "hjaltlandés"
 cn_orkneyjar: "Orkneyjar"
 cn_orkneyjar_adj: "orkneyjés"
 #Finland
 cn_raseborg: "Raseborg"
 cn_raseborg_adj: "raseborgués"
 cn_veckelax: "Veckelax"
 cn_veckelax_adj: "veckelaxés"
 cn_satakunda: "Satakunda"
 cn_satakunda_adj: "satakundaés"
 cn_aland_SWE: "Aland"
 cn_aland_SWE_adj: "alandés"
 cn_ahvenanmaa: "Ahvenanmaa"
 cn_ahvenanmaa_adj: "ahvenanmaano"
 cn_olofsborg: "Olofsborg"
 cn_olofsborg_adj: "olofsborgués"
 cn_olavsborg: "Olavsborg"
 cn_olavsborg_adj: "olavsborgués"
 cn_st_michel: "Saint-Michel"
 cn_st_michel_adj: "michelenese"
 cn_pedersore: "Pedersöre"
 cn_pedersore_adj: "pedersörés"
 cn_korsholm: "Korsholm"
 cn_korsholm_adj: "korsholmés"
 cn_kexholm: "Kexholm"
 cn_kexholm_adj: "kexholmés"
 cn_korela: "Korela"
 cn_korela_adj: "korelano"
 cn_bjorko: "Björkö"
 cn_bjorko_adj: "bjorkoés"
 cn_beryozovskoye: "Beryozovskoye"
 cn_beryozovskoye_adj: "beryozovskoyano"
 cn_viborg: "Viborg"
 cn_viborg_adj: "viborgiano"
 cn_wiborg: "Wiborg"
 cn_wiborg_adj: "wiborgiano"
 cn_viiburi: "Viiburi"
 cn_viiburi_adj: "viiburiano"
 cn_sordavala: "Sordavala"
 cn_sordavala_adj: "sordavalano"
 cn_serdovol: "Serdovol"
 cn_serdovol_adj: "serdovoliano"
 cn_onegaborg: "Onegaborg"
 cn_onegaborg_adj: "onegaborgués"
 #Sweden
 cn_enkoping: "Enkøping"
 cn_enkoping_adj: "enkopingués"
 cn_enkobing: "Enkøbing"
 cn_enkobing_adj: "enkobingués"
 cn_nyokoping: "Nykøping"
 cn_nyokoping_adj: "nykopingués"
 cn_nyokobing: "Nykøbing"
 cn_nyokobing_adj: "nykobingués"
 cn_vesteras: "Vesterås"
 cn_vesteras_adj: "vesterasés"
 cn_lodose_NORWDAN: "Lødøse"
 cn_lodose_NORWDAN_adj: "lødøseano"
 cn_falkoping_NORW: "Falkøping"
 cn_falkoping_NORW_adj: "falkopingués"
 cn_falkobing: "Falkøbing"
 cn_falkobing_adj: "falkobingués"
 cn_soderkoping: "Søderkøping"
 cn_soderkoping_adj: "soderkopingués"
 cn_soderkobing: "Søderkøbing"
 cn_soderkobing_adj: "soderkobingués"
 cn_linkoping: "Linkøping"
 cn_linkoping_adj: "linkopingués"
 cn_linkobing: "Linkøbing"
 cn_linkobing_adj: "linkobingués"
 cn_skaenninge: "Skænninge"
 cn_skaenninge_adj: "skanningués"
 cn_vexjo: "Vexjø"
 cn_vexjo_adj: "vexjøano"
 #Sapmi
 cn_lapland: "Laponia"
 cn_lapland_adj: "lapón"
 cn_lappland: "Laponia"
 cn_lappland_adj: "lapón"
 cn_jokkmokk: "Jokkmokk"
 cn_jokkmokk_adj: "jokkmokkio"
 cn_asele: "Åsele"
 cn_asele_adj: "åseleno"
 cn_kultsjon: "Kultsjön"
 cn_kultsjon_adj: "kultsjönés"
 cn_volgsjo: "Volgsjö"
 cn_volgsjo_adj: "volgsjöno"
 cn_umea: "Umeå"
 cn_umea_adj: "umeåno"
 cn_storuman: "Storuman"
 cn_storuman_adj: "storumanés"
 cn_pitea: "Piteå"
 cn_pitea_adj: "piteano"
 cn_arvidsjaur: "Arvidsjaur"
 cn_arvidsjaur_adj: "avidsjaurés"
 cn_lulea: "Luleå"
 cn_lulea_adj: "luleano"
 cn_kalix: "Kalix"
 cn_kalix_adj: "kalixés"
 cn_tornea: "Torneå"
 cn_tornea_adj: "torneano"
 cn_tornio: "Tornio"
 cn_tornio_adj: "tornio"
 cn_kittila: "Kittilä"
 cn_kittila_adj: "kittiläno"
 cn_enare_trask: "Enare Träsk"
 cn_enare_trask_adj: "enaretrasquiano"
 cn_inarijarvi: "Inarijärvi"
 cn_inarijarvi_adj: "inarijärviano"
 cn_sodankyla: "Sodankylä"
 cn_sodankyla_adj: "sodankyläno"
 cn_kemijarvi: "Kemijärvi"
 cn_kemijarvi_adj: "kemijärviano"
 cn_koulajarvi: "Koulajärvi"
 cn_koulajarvi_adj: "koulajärviano"
 cn_kemi: "Kemi"
 cn_kemi_adj: "kemiano"
 cn_kildin: "Kildin"
 cn_kildin_adj: "kildinano"
 cn_voronye: "Voronye"
 cn_voronye_adj: "voronyeano"
 cn_pulozero: "Pulozero"
 cn_pulozero_adj: "pulozerano"
 cn_maaselka: "Maaselkä"
 cn_maaselka_adj: "maaselkäno"
 cn_pechengsky: "Pechengsky"
 cn_pechengsky_adj: "pechengskiano"
 cn_petsamo: "Petsamo"
 cn_petsamo_adj: "petsamoano"
 cn_priretjnyj: "Priretjnyj"
 cn_priretjnyj_adj: "priretjnyjiano"
 cn_suonikyla: "Suonikylä"
 cn_suonikyla_adj: "suonikyläno"
 cn_motovsky: "Motovsky"
 cn_motovsky_adj: "motovskiano"
 cn_muotka: "Muotka"
 cn_muotka_adj: "muotkano"
 cn_notozero: "Notozero"
 cn_notozero_adj: "notozerano"
 cn_nourtijarvi: "Nourtijärvi"
 cn_nourtijarvi_adj: "nourtijärviano"
 cn_babinsky: "Babinsky"
 cn_babinsky_adj: "babinskiano"
 cn_akkala: "Akkala"
 cn_akkala_adj: "akkalano"
 cn_ekostrovsky: "Ekostrovsky"
 cn_ekostrovsky_adj: "ekostrovskiano"
 cn_girvasozero: "Girvasozero"
 cn_girvasozero_adj: "girvasozerano"
 cn_hirvas_jarvi: "Hirvas-järvi"
 cn_hirvas_jarvi_adj: "hirvas-järviano"
 cn_lovozero: "Lovozero"
 cn_lovozero_adj: "lovozerano"
 cn_lyavozero: "Lyavozero"
 cn_lyavozero_adj: "lyavozerano"
 cn_varzino: "Varzino"
 cn_varzino_adj: "varzino"
 cn_yokanga: "Yokanga"
 cn_yokanga_adj: "yokangano"
 cn_kuroptevsky: "Kuroptevsky"
 cn_kuroptevsky_adj: "kuroptevskiano"
 cn_kamensky: "Kamensky"
 cn_kamensky_adj: "kamenskiano"
 cn_ponoy: "Ponoy"
 cn_ponoy_adj: "ponoiano"
 cn_sosnovka: "Sosnovka"
 cn_sosnovka_adj: "sosnovkano"
 #Norway and Iceland
 cn_noregr: "Noregr"
 cn_noregr_adj: "noruego"
 cn_alfheimar: "Alfheim"
 cn_alfheimar_adj: "alfheimes"
 cn_jamtland: "Jämtland"
 cn_jamtland_adj: "jamtlandés"
 cn_trums: "Trums"
 cn_trums_adj: "trums"
 cn_b_trums: "Trums"
 cn_oksfjord: "Yxnafjord"
 cn_rafsbotn: "Rafsbotn"
 cn_vardo: "Varðey"
 cn_vardo_adj: "varðey"
 cn_vargo: "Vargey"
 cn_vargo_adj: "vargey"
 cn_porsanger: "Fossangr"
 cn_kollefjord: "Kyllifjord"
 cn_b_vargo: "Vargey"
 cn_b_vardo: "Varðey"
 cn_finnmork: "Finnmörk"
 cn_island: "Ísland"
 #Southern Isles & Norse Scotland
 cn_katanes: "Katanes"
 cn_katanes_adj: "katanesio"
 cn_c_katanes: "Katanes"
 cn_c_katanes_adj: "katanesio"
 cn_vik: "Vík"
 cn_thorsa: "Þórsá"
 cn_sudrland: "Suðrland"
 cn_sudrland_adj: "sudrlandés"
 cn_hjalmundalr: "Hjálmundalr"
 cn_dyrnes: "Dýrnes"
 cn_sudreyjar_article: ""
 cn_sudreyjar: "Suðreyjar"
 cn_sudreyjar_adj: "sudreyjés"
 cn_innri_sudreyjar_article: ""
 cn_innri_sudreyjar: "Innri Suðreyjar"
 cn_innri_sudreyjar_adj: "sudreyjés interior"
 cn_il: "Íl"
 cn_myl: "Mýl"
 cn_hereyjar: "Hereyjar"
 cn_ytri_sudreyjar_article: ""
 cn_ytri_sudreyjar: "Ytri Suðreyjar"
 cn_ytri_sudreyjar_adj: "sudreyjés exterior"
 cn_skid: "Skíð"
 cn_ljodhus: "Ljóðhús"
 cn_vist_article: ""
 cn_vist: "Ívist"
 cn_argjall: "Argjáll"
 cn_argjall_adj: "argjálés"
 cn_mylarsund: "Mýlarsund"
 cn_kjarbarey: "Kjarbarey"
 cn_lokolofni: "Lokolofni"
 cn_dysjarstadr: "Dysjarstaðr"
 cn_mon_article: ""
 cn_mon: "Mön"
 cn_mon_adj: "manés"
 cn_c_mon_article: ""
 cn_c_mon: "Mön"
 cn_c_mon_adj: "manés"
 cn_hramsa: "Hramsá"
 cn_holmatun: "Hólmatún"
 cn_ros: "Ros"
 cn_ros_adj: "rosiano"
 cn_husavik: "Húsavík"
 cn_husavik_adj: "húsavíki"
 #Denmark
 cn_nastved: "Nästved"
 cn_nastved_adj: "nästvedés"
 cn_naestved: "Næstved"
 cn_naestved_adj: "næstvederés"
 cn_ahus: "Åhus"
 cn_ahus_adj: "ahusés"
 cn_avaskaer: "Avaskær"
 cn_avaskaer_adj: "avaskærés"
 cn_arhus: "Aarhus"
 cn_arhus_adj: "aarhusiano"
 cn_alborg: "Aalborg"
 cn_alborg_adj: "aalburgués"
 cn_heidabyr: "Heiðabyr"
 cn_heidabyr_adj: "heidabyrés"
 cn_abenra: "Åbenrå"
 cn_abenra_adj: "abenrano"
 cn_apenrade: "Apenrade"
 cn_apenrade_adj: "apenradés"
 #Britannia
 cn_bamborg: "Bamborg"
 cn_bamborg_adj: "de Bamborg"
 cn_djuraby: "Djuraby"
 cn_djuraby_adj: "djurabiano"
 cn_clun: "Clun"
 cn_clun_adj: "cluniano"
 cn_caer_gybi: "Caer Gybi"
 cn_caer_gybi_adj: "caergybiano"
 cn_dinbych: "Dinbych"
 cn_dinbych_adj: "dinbychiano"
 cn_wrecsam: "Wrecsam"
 cn_wrecsam_adj: "wrecsamiano"
 cn_rhuthun: "Rhuthun"
 cn_rhuthun_adj: "rhuthuniano"
 cn_y_trallwng: "Y Trallwng"
 cn_y_trallwng_adj: "ytrallwngiano"
 cn_machynlleth: "Machynlleth"
 cn_machynlleth_adj: "machynlletiano"
 cn_caerfyrddin: "Caerfyrddin"
 cn_caerfyrddin_adj: "caerfyrddiniano"
 cn_llanymddyfri: "LLanymddyfri"
 cn_llanymddyfri_adj: "llanymddyfriano"
 cn_penfro: "Penfro"
 cn_penfro_adj: "penfroano"
 cn_tyddewi: "Tyddewi"
 cn_tyddewi_adj: "tyddewiano"
 cn_abergwaun: "Abergwaun"
 cn_abergwaun_adj: "abergwauno"
 cn_abertawe: "Abertawe"
 cn_abertawe_adj: "abertawenés"
 cn_dyflinn: "Dyflinn"
 cn_dyflinn_adj: "de Dyflinn"
 cn_dubhlinn: "Dubhlinn"
 cn_dubhlinn_adj: "de Dubhlinn"
 cn_dulyn: "Dulyn"
 cn_dulyn_adj: "de Dulyn"
 cn_cill_mhantain: "Cill Mhantáin"
 cn_cill_mhantain_adj: "cillmhantáiniano"
 cn_cill_dara: "Cill Dara"
 cn_cill_dara_adj: "cilldarano"
 cn_baile_atha_troim: "Baile Átha Troim"
 cn_baile_atha_troim_adj: "troimiano"
 cn_droichead_atha: "Droichead Átha"
 cn_droichead_atha_adj: "droicheadathano"
 cn_strangfjord: "Strangfjord"
 cn_strangfjord_adj: "de Strangfjord"
 cn_strangfjordr: "Strangafjord"
 cn_strangfjordr_adj: "strangafirdés"
 cn_dun_padraig: "Dún Pádraig"
 cn_dun_padraig_adj: "padraigo"
 cn_carraig_fhearghais: "Carraig Fhearghais"
 cn_carraig_fhearghais_adj: "carraigfhearghaisiano"
 cn_kerlingfjord: "Kerlingfjord"
 cn_kerlingfjord_adj: "de Kerlingfjord"
 cn_kerlingfrjordr: "Kerlingafjord"
 cn_kerlingfrjordr_adj: "kerlingafirdés"
 cn_dun_dealgan: "Dún Dealgan"
 cn_dun_dealgan_adj: "dealganiano"
 cn_ard_mhacha: "Ard Mhacha"
 cn_ard_mhacha_adj: "ardmhachano"
 cn_baile_atha_fhirdhia: "Baile Átha Fhirdhia"
 cn_baile_atha_fhirdhia_adj: "fhirdhiano"
 cn_dun_na_ngall: "Dún na nGall"
 cn_dun_na_ngall_adj: "ngalliano"
 cn_rath_bhoth: "Ráth Bhoth"
 cn_rath_bhoth_adj: "ráthbhothiano"
 cn_fathain: "Fathain"
 cn_fathain_adj: "fathainiano"
 cn_daire_coluimb_chille: "Daire Coluimb Chille"
 cn_daire_coluimb_chille_adj: "dairecoluimbchilleano"
 cn_ulfkelsfjordr: "Úlfkelsfjord"
 cn_ulfkelsfjordr_adj: "ulfkelsfjordiano"
 cn_dun_bhun_na_gaillimhe: "Dún Bhun na Gaillimhe"
 cn_dun_bhun_na_gaillimhe_adj: "bhungaillimheano"
 cn_droim_ath_thiar: "Droim Áth Thiar"
 cn_droim_ath_thiar_adj: "droimaththiariano"
 cn_an_longphort: "An Longphort"
 cn_an_longphort_adj: "anlongphortiano"
 cn_an_cabhan: "An Cabhán"
 cn_an_cabhan_adj: "ancabhániano"
 cn_veisafjord: "Veisafjord"
 cn_veisafjord_adj: "de Veisafjord"
 cn_veisafjordr: "Veisafjord"
 cn_veisafjordr_adj: "veisafirdés"
 cn_loch_garman: "Loch Garman"
 cn_loch_garman_adj: "garmaniano"
 cn_inis_corthaidh: "Inis Córthaidh"
 cn_inis_corthaidh_adj: "iniscórthaidhiano"
 cn_fearna_mor_maedhog: "Fearna Mór Maedhóg"
 cn_fearna_mor_maedhog_adj: "fearnamórmaedhógiano"
 cn_ceatharlach: "Ceatharlach"
 cn_ceatharlach_adj: "ceatharlachiano"
 cn_gabhran: "Gabhrán"
 cn_gabhran_adj: "gabhrániano"
 cn_cill_chainnigh: "Cill Chainnigh"
 cn_cill_chainnigh_adj: "cillchainnighiano"
 cn_hlymrek: "Hlymrek"
 cn_hlymrek_adj: "de Hlymrek"
 cn_lymrek: "Lymrek"
 cn_lymrek_adj: "de Lymrek"
 cn_luimneach: "Luimneach"
 cn_luimneach_adj: "luimneachiano"
 cn_inis: "Inis"
 cn_inis_adj: "inisiano"
 cn_aonach_urmhumhan: "Aonach Urmhumhan"
 cn_aonach_urmhumhan_adj: "aonachurmhumhano"
 cn_ros_cre: "Ros Cré"
 cn_ros_cre_adj: "roscréano"
 cn_vedrafjord: "Vedrafjord"
 cn_vedrafjord_adj: "de Vedrafjord"
 cn_vedrafjordr: "Veðrafjord"
 cn_vedrafjordr_adj: "veðrafirdés"
 cn_port_lairge: "Port Láirge"
 cn_port_lairge_adj: "láirgeno"
 cn_imleach_iubhair: "Imleach Iubhair"
 cn_imleach_iubhair_adj: "imleachiubhairiano"
 cn_cluain_meala: "Cluain Meala"
 cn_cluain_meala_adj: "cluainmealano"
 cn_corcaigh: "Corcaigh"
 cn_corcaigh_adj: "corcaighiano"
 cn_amwythig: "Amwythig"
 cn_amwythig_adj: "amwythigio"
 #Cyprus
 cn_kibris: "Kıbrıs"
 cn_kibris_adj: "kıbrısio"
 cn_lefkosa: "Lefkoşa"
 cn_lefkosa_adj: "lefkoşano"
 cn_leymosun: "Leymosun"
 cn_leymosun_adj: "leymosuniano"
 cn_baf: "Baf"
 cn_baf_adj: "bafiano"
 cn_magusa: "Magusa"
 cn_magusa_adj: "magusano"
 cn_kyrenia: "Kyrenia"
 cn_kyrenia_adj: "kyreniano"
 cn_girne: "Girne"
 cn_girne_adj: "girneano"
 #Anatolia
 cn_iznik: "İznik"
 cn_iznik_adj: "iznikio"
 cn_aydincik: "Aydıncıḳ"
 cn_aydincik_adj: "aydıncıkio"
 cn_uluabat: "Uluabat"
 cn_uluabat_adj: "uluabatio"
 cn_misya: "Misya"
 cn_misya_adj: "misyano"
 cn_mihalic: "Mihaliç"
 cn_mihalic_adj: "mihaliçio"
 cn_alexa: "Alexa"
 cn_alexa_adj: "alexano"
 cn_golyazi: "Gölyazı"
 cn_golyazi_adj: "gölyazıano"
 cn_orhaneli: "Orhaneli"
 cn_orhaneli_adj: "orhaneliano"
 cn_bursa: "Bursa"
 cn_bursa_adj: "bursano"
 cn_tahtali: "Tahtalı"
 cn_tahtali_adj: "tahtalıano"
 cn_ahmetler: "Ahmetler"
 cn_ahmetler_adj: "ahmetlerio"
 cn_frigya: "Frigia"
 cn_frigya_adj: "frigio"
 cn_gordiyon: "Gordiyon"
 cn_gordiyon_adj: "gordiyonio"
 cn_harmanlar: "Harmanlar"
 cn_harmanlar_adj: "harmanlario"
 cn_sarhoyuk: "Şarhöyük"
 cn_sarhoyuk_adj: "Şarhöyükio"
 cn_ballihisar: "Ballıhisar"
 cn_ballihisar_adj: "ballıhisario"
 cn_ephesos: "Éfeso"
 cn_ephesos_adj: "efesio"
 cn_efes: "Efes"
 cn_efes_adj: "de Efes"
 cn_iyonya: "İyonya"
 cn_iyonya_adj: "iyonio"
 cn_izmir: "İzmir"
 cn_izmir_adj: "izmirí"
 cn_halikarnas: "Halikarnas"
 cn_halikarnas_adj: "halikarnasio"
 cn_iasos: "Iasos"
 cn_iasos_adj: "iasosiano"
 cn_kiyikislacik: "Kıyıkışlacık"
 cn_kiyikislacik_adj: "kıyıkışlacıkio"
 cn_milet: "Milet"
 cn_milet_adj: "miletio"
 cn_lebedos: "Lebedos"
 cn_lebedos_adj: "lebedosiano"
 cn_aiolis: "Aiolis"
 cn_aiolis_adj: "aiolisio"
 cn_foca: "Foça"
 cn_foca_adj: "foçano"
 cn_bergama: "Bergama"
 cn_bergama_adj: "bergamano"
 cn_adramyttion: "Adramyttion"
 cn_adramyttion_adj: "adramyttionio"
 cn_oren: "Ören"
 cn_oren_adj: "Örenio"
 cn_thrakesion: "Thrakesion"
 cn_thrakesion_adj: "thrakesioniano"
 cn_trakya: "Trakya"
 cn_trakya_adj: "trakyano"
 cn_lidya: "Lidya"
 cn_lidya_adj: "lidyano"
 cn_alasehir: "Alaşehir"
 cn_alasehir_adj: "alaşehirio"
 cn_sardis: "Sardis"
 cn_sardis_adj: "sardisio"
 cn_bage: "Bage"
 cn_bage_adj: "bageano"
 cn_sivasli: "Sivaslı"
 cn_sivasli_adj: "sivaslıano"
 cn_akhisar: "Akhisar"
 cn_akhisar_adj: "akhisario"
 cn_antalya: "Antalya"
 cn_antalya_adj: "anatolio"
 cn_diskaya: "Dışkaya"
 cn_diskaya_adj: "dışkayano"
 cn_dursunbey: "Dursunbey"
 cn_dursunbey_adj: "dursunbeyano"
 cn_akcaalan: "Akçaalan"
 cn_akcaalan_adj: "akçaalaniano"
 cn_honaz: "Honaz"
 cn_honaz_adj: "honazio"
 cn_laodikeia: "Laodikeia"
 cn_laodikeia_adj: "laodikeiano"
 cn_milas: "Milas"
 cn_milas_adj: "milasio"
 cn_apameia_kibotos: "Apameia Kibotos"
 cn_apameia_kibotos_adj: "apameiakibotosio"
 cn_optimatoi: "Optimatoi"
 cn_optimatoi_adj: "optimatoiano"
 cn_bitinya: "Bitinya"
 cn_bitinya_adj: "bitinio"
 cn_kalkedon: "Kalkedon"
 cn_kalkedon_adj: "kalkedonio"
 cn_sile: "Şile"
 cn_sile_adj: "sileano"
 cn_izmit: "İzmit"
 cn_izmit_adj: "izmitio"
 cn_tarsiye: "Tarsiye"
 cn_tarsiye_adj: "tarsiyeano"
 cn_konuralp: "Konuralp"
 cn_konuralp_adj: "konuralpio"
 cn_mudurnu: "Mudurnu"
 cn_mudurnu_adj: "mudurnuano"
 cn_boukellarion: "Boukellarion"
 cn_boukellarion_adj: "boukellarioniano"
 cn_bukellarion: "Bukellarion"
 cn_bukellarion_adj: "bukellarionio"
 cn_karadeniz_eregli: "Karadeniz Ereğli"
 cn_karadeniz_eregli_adj: "karadenizereğliano"
 cn_bolu: "Bolu"
 cn_bolu_adj: "boluano"
 cn_krateia: "Krateia"
 cn_krateia_adj: "krateiano"
 cn_gerede: "Gerede"
 cn_gerede_adj: "geredeano"
 cn_galatlar: "Galatlar"
 cn_galatlar_adj: "galatlario"
 cn_ankara: "Ankara"
 cn_ankara_adj: "angorino"
 cn_yassihuyuk: "Yassıhüyük"
 cn_yassihuyuk_adj: "yassıhüyükio"
 cn_balikuyumcu: "Balıkuyumcu"
 cn_balikuyumcu_adj: "balıkuyumcuano"
 cn_cankiri: "Çankırı"
 cn_cankiri_adj: "Çankırıano"
 cn_sorsovus: "Sorsovus"
 cn_sorsovus_adj: "sorsovusio"
 cn_buyuk_nefes: "Büyük Nefes"
 cn_buyuk_nefes_adj: "büyüknefesí"
 cn_edirne: "Edirne"
 cn_edirne_adj: "edirneano"
 cn_sarilar: "Sarılar"
 cn_sarilar_adj: "sarılario"
 cn_beypazari: "Beypazarı"
 cn_beypazari_adj: "beypazarıano"
 cn_anatolikon: "Anatolikon"
 cn_anatolikon_adj: "anatolikoniano"
 cn_anadolu: "Anadolu"
 cn_anadolu_adj: "anadoluano"
 cn_kilikia: "Kilikia"
 cn_kilikia_adj: "Kilikian"
 cn_kilikya: "Kilikya"
 cn_kilikya_adj: "Kilikyan"
 cn_tarsus: "Tarsus"
 cn_tarsus_adj: "tarsusio"
 cn_adana: "Adana"
 cn_adana_adj: "adanano"
 cn_karatas: "Karataş"
 cn_karatas_adj: "karataşio"
 cn_anavarza: "Anavarza"
 cn_anavarza_adj: "anavarzano"
 cn_basmakci: "Başmakçı"
 cn_basmakci_adj: "başmakçıano"
 cn_pozanti: "Pozantı"
 cn_pozanti_adj: "pozantıano"
 cn_seleukia: "Seleukia"
 cn_seleukia_adj: "seleukiano"
 cn_silifke: "Silifke"
 cn_silifke_adj: "silifkeano"
 cn_kiz_kalesi: "Kız Kalesi"
 cn_kiz_kalesi_adj: "kızkalesiano"
 cn_ninica: "Ninica"
 cn_ninica_adj: "ninicano"
 cn_lykandos: "Lykandos"
 cn_lykandos_adj: "lykandosio"
 cn_sar: "Şar"
 cn_sar_adj: "Şario"
 cn_afsin: "Afşin"
 cn_afsin_adj: "afşinio"
 cn_goksun: "Göksun"
 cn_goksun_adj: "göksunio"
 cn_issus: "Issus"
 cn_issus_adj: "issusiano"
 cn_issos: "İssos"
 cn_issos_adj: "issosio"
 cn_hierapolis: "Hierápolis"
 cn_hierapolis_adj: "hierapolitano"
 cn_castabala: "Castabala"
 cn_castabala_adj: "castabalano"
 cn_aegeae: "Aegeae"
 cn_aegeae_adj: "egeo"
 cn_yumurtalik: "Yumurtalık"
 cn_yumurtalik_adj: "yumurtalıkio"
 cn_kibyrrhaiotai: "Kibyrrhaiotai"
 cn_kibyrrhaiotai_adj: "kibyrrhaiotaiano"
 cn_kibirreoton: "Kibirreoton"
 cn_kibirreoton_adj: "kibirreotoniano"
 cn_lykia: "Lykía"
 cn_lykia_adj: "lykíano"
 cn_likya: "Likya"
 cn_likya_adj: "likyano"
 cn_faselis: "Faselis"
 cn_faselis_adj: "faselisio"
 cn_limira: "Limira"
 cn_limira_adj: "limirano"
 cn_oura: "Oura"
 cn_oura_adj: "ourano"
 cn_karia: "Karia"
 cn_karia_adj: "kariano"
 cn_karya: "Karya"
 cn_karya_adj: "karyano"
 cn_fethiye: "Fethiye"
 cn_fethiye_adj: "fethiyeano"
 cn_golhisar: "Gölhisar"
 cn_golhisar_adj: "gölhisariano"
 cn_afrodisias: "Afrodisias"
 cn_afrodisias_adj: "afrodisio"
 cn_pamfilya: "Pamfilya"
 cn_pamfilya_adj: "Pamfilyan"
 cn_anamur: "Anamur"
 cn_anamur_adj: "anamuriano"
 cn_selinunte: "Selinunte"
 cn_selinunte_adj: "selinunteano"
 cn_alanya: "Alanya"
 cn_alanya_adj: "alanyano"
 cn_lykaonia: "Lykaonia"
 cn_lykaonia_adj: "lykaoniano"
 cn_likaonya: "Likaonya"
 cn_likaonya_adj: "likaonyano"
 cn_konya: "Konya"
 cn_konya_adj: "konyano"
 cn_hatunsaray: "Hatunsaray"
 cn_hatunsaray_adj: "hatunsarayano"
 cn_yunuslar: "Yunuslar"
 cn_yunuslar_adj: "yunuslario"
 cn_ladik: "Ladik"
 cn_ladik_adj: "ladikiano"
 cn_cavdarhisar: "Çavdarhisar"
 cn_cavdarhisar_adj: "çavdarhisario"
 cn_seyitgazi: "Seyitgazi"
 cn_seyitgazi_adj: "seyitgaziano"
 cn_midaion: "Midaion"
 cn_midaion_adj: "midaioniano"
 cn_karahuyuk: "Karahüyük"
 cn_karahuyuk_adj: "karahüyükio"
 cn_dorylaion: "Dorylaion"
 cn_dorylaion_adj: "dorilaionio"
 cn_simav: "Simav"
 cn_simav_adj: "simavio"
 cn_pisidya: "Pisidya"
 cn_pisidya_adj: "pisidyano"
 cn_uluborlu: "Uluborlu"
 cn_uluborlu_adj: "uluborluano"
 cn_aglasun: "Ağlasun"
 cn_aglasun_adj: "ağlasunio"
 cn_barla: "Barla"
 cn_barla_adj: "barlano"
 cn_altinkaya: "Altınkaya"
 cn_altinkaya_adj: "altınkayano"
 cn_sagrak: "Sağrak"
 cn_sagrak_adj: "sağrakio"
 cn_dalayman: "Dalayman"
 cn_dalayman_adj: "dalaymano"
 cn_bostandere: "Bostandere"
 cn_bostandere_adj: "bostandereano"
 cn_beysehir: "Beyşehir"
 cn_beysehir_adj: "beyşehirio"
 cn_bati_galatya: "Batı Galatya"
 cn_bati_galatya_adj: "batıgalatyano"
 cn_bolvadin: "Bolvadin"
 cn_bolvadin_adj: "bolvadinio"
 cn_ilgin: "Ilgın"
 cn_ilgin_adj: "ilgınio"
 cn_hisarkoy: "Hisarköy"
 cn_hisarkoy_adj: "hisarköyiano"
 cn_yalvac: "Yalvaç"
 cn_yalvac_adj: "yalvaçio"
 cn_kiyakdede: "Kıyakdede"
 cn_kiyakdede_adj: "kıyakdedeano"
 cn_bozkir: "Bozkır"
 cn_bozkir_adj: "bozkırio"
 cn_karaman: "Karaman"
 cn_karaman_adj: "karamanio"
 cn_kerti_huruk: "Kerti Hüyük"
 cn_kerti_huruk_adj: "kertihüyükio"
 cn_kizilkale: "Kızılkale"
 cn_kizilkale_adj: "kızılkaleano"
 cn_kappadokia: "Kappadokia"
 cn_kappadokia_adj: "capadocio"
 cn_kapadokya: "Kapadokya"
 cn_kapadokya_adj: "kapadokyano"
 cn_kemerhisar: "Kemerhisar"
 cn_kemerhisar_adj: "kemerhisario"
 cn_ortakuyu: "Ortakuyu"
 cn_ortakuyu_adj: "ortakuyuano"
 cn_aksaray: "Aksaray"
 cn_aksaray_adj: "aksarayano"
 cn_nenizi: "Nenizi"
 cn_nenizi_adj: "neniziano"
 cn_eregli: "Ereğli"
 cn_eregli_adj: "Ereğliano"
 cn_alt_galatya: "Alt Galatya"
 cn_alt_galatya_adj: "altgalatyano"
 cn_degirmenyolu: "Değirmenyolu"
 cn_degirmenyolu_adj: "değirmenyoluano"
 cn_karahamzili: "Karahamzılı"
 cn_karahamzili_adj: "karahamzılıano"
 cn_paflagonya: "Paflagonya"
 cn_paflagonya_adj: "paflagonyanio"
 cn_amasra: "Amasra"
 cn_amasra_adj: "amasranio"
 cn_karaagac_limani: "Karaağaç Limanı"
 cn_karaagac_limani_adj: "karaağaçlimanıanio"
 cn_inebolu: "İnebolu"
 cn_inebolu_adj: "İneboluiano"
 cn_istifan: "Istifan"
 cn_istifan_adj: "istifaniano"
 cn_taskopru: "Taşköprü"
 cn_taskopru_adj: "taşköprüiano"
 cn_kastamonu: "Kastamonu"
 cn_kastamonu_adj: "kastamonuiano"
 cn_aday: "Aday"
 cn_aday_adj: "adayano"
 cn_candere: "Candere"
 cn_candere_adj: "candereano"
 cn_pervane: "Pervane"
 cn_pervane_adj: "pervaneano"
 cn_amasya: "Amasya"
 cn_amasya_adj: "amasyano"
 cn_bafra: "Bafra"
 cn_bafra_adj: "bafrano"
 cn_samsun: "Samsun"
 cn_samsun_adj: "samsunio"
 cn_kale: "Kale"
 cn_kale_adj: "kaleano"
 cn_elvan_celebi: "Elvan Çelebi"
 cn_elvan_celebi_adj: "elvançelebiano"
 cn_sinop: "Sinop"
 cn_sinop_adj: "sinopio"
 cn_cayagzi: "Çayağzı"
 cn_cayagzi_adj: "Çayağzıano"
 cn_vezirkopru: "Vezirköprü"
 cn_vezirkopru_adj: "vezirköprüio"
 cn_beyozu: "Beyözü"
 cn_beyozu_adj: "beyözüio"
 cn_osmancik: "Osmancık"
 cn_osmancik_adj: "osmancıkio"
 cn_kerkenes_dag: "Kerkenes Dağ"
 cn_kerkenes_dag_adj: "kerkenesdağio"
 cn_zile: "Zile"
 cn_zile_adj: "zileano"
 cn_kilicli: "Kılıçlı"
 cn_kilicli_adj: "kılıçlıano"
 cn_musalim_kalesi: "Muşalım Kalesi"
 cn_musalim_kalesi_adj: "muşalımkalesiano"
 cn_sivas: "Sivas"
 cn_sivas_adj: "sivasio"
 cn_sulusaray: "Sulusaray"
 cn_sulusaray_adj: "sulusarayo"
 cn_aksehir: "Akşehir"
 cn_aksehir_adj: "akşehirio"
 cn_sarkisla: "Şarkışla"
 cn_sarkisla_adj: "Şarkışlano"
 cn_viransehir: "Viranşehir"
 cn_viransehir_adj: "viranşehirio"
 cn_kangal: "Kangal"
 cn_kangal_adj: "kangalio"
 cn_gurun: "Gürün"
 cn_gurun_adj: "gürünio"
 cn_tanir: "Tanir"
 cn_tanir_adj: "tanirio"
 cn_kuskalesi: "Kuşkalesi"
 cn_kuskalesi_adj: "kuşkalesiano"
 cn_elbistan: "Elbistan"
 cn_elbistan_adj: "elbistanio"
 cn_darende: "Darende"
 cn_darende_adj: "darendeano"
 cn_demircilik: "Demircilik"
 cn_demircilik_adj: "demircilikio"
 cn_rum: "Rum"
 cn_rum_adj: "rumí"
 cn_harsianon: "Harsianon"
 cn_harsianon_adj: "harsianonio"
 cn_yerkoy_kaplica: "Yerköy Kaplıca"
 cn_yerkoy_kaplica_adj: "yerköykaplıcano"
 cn_yogunhisar: "Yoğunhisar"
 cn_yogunhisar_adj: "yoğunhisario"
 cn_mocissus: "Mocissus"
 cn_mocissus_adj: "mocissusio"
 cn_kirsehir: "Kırşehir"
 cn_kirsehir_adj: "kırşehirio"
 cn_kusakli_huyuk: "Kuşaklı Hüyük"
 cn_kusakli_huyuk_adj: "kuşaklıhüyükio"
 cn_sarihuyuk: "Sarıhüyük"
 cn_sarihuyuk_adj: "sarıhüyükio"
 cn_kayseri: "Kayseri"
 cn_kayseri_adj: "kayseriano"
 cn_karmalas: "Karmalas"
 cn_karmalas_adj: "karmalasio"
 cn_gemerek: "Gemerek"
 cn_gemerek_adj: "gemerekio"
 cn_zengibar_kalesi: "Zengibar Kalesi"
 cn_zengibar_kalesi_adj: "zengibarkalesiano"
 cn_akmescit: "Akmescit"
 cn_akmescit_adj: "akmescitio"
 cn_khaldia: "Khaldia"
 cn_khaldia_adj: "khaldiano"
 cn_kerasous: "Kerasous"
 cn_kerasous_adj: "kerasousiano"
 cn_giresun: "Giresun"
 cn_giresun_adj: "giresunio"
 cn_unye: "Ünye"
 cn_unye_adj: "unyeano"
 cn_fatsa: "Fatsa"
 cn_fatsa_adj: "fatsano"
 cn_gorele: "Görele"
 cn_gorele_adj: "göreleano"
 cn_trapezous: "Trapezous"
 cn_trapezous_adj: "trapezousiano"
 cn_trabzon: "Trabzon"
 cn_trabzon_adj: "trabzonio"
 cn_rizunda: "Rizunda"
 cn_rizunda_adj: "rizundano"
 cn_rize: "Rize"
 cn_rize_adj: "rizeano"
 cn_acilisene: "Acilisene"
 cn_acilisene_adj: "aciliseno"
 cn_erzincan: "Erzincan"
 cn_erzincan_adj: "Erzincanio"
 cn_koloneia: "Koloneia"
 cn_koloneia_adj: "koloneiano"
 cn_sebinkarahisar: "Şebinkarahisar"
 cn_sebinkarahisar_adj: "sebinkarahisario"
 cn_neokaisareia: "Neokaisareia"
 cn_neokaisareia_adj: "neokaisareiano"
 cn_niksar: "Niksar"
 cn_niksar_adj: "niksario"
 cn_yaglidere: "Yağlıdere"
 cn_yaglidere_adj: "yağlıdereano"
 cn_koyulhisar: "Koyulhisar"
 cn_koyulhisar_adj: "koyulhisario"
 cn_sadak: "Sadak"
 cn_sadak_adj: "sadakio"
 #Armenia
 cn_hayastan: "Hayastan"
 cn_hayastan_adj: "hayastanio"
 cn_malatya: "Malatya"
 cn_malatya_adj: "malatyano"
 cn_malat_ya: "Malat'ya"
 cn_malat_ya_adj: "malat'yano"
 cn_elazig: "Elazığ"
 cn_elazig_adj: "elazığio"
 cn_arsamasat: "Aršamašat"
 cn_arsamasat_adj: "arsamasatí"
 cn_akcadag: "Akcadağ"
 cn_akcadag_adj: "akcadağio"
 cn_erzurum: "Erzurum"
 cn_erzurum_adj: "Erzurumio"
 cn_karin: "Karin"
 cn_karin_adj: "kariniano"
 cn_ispir: "İspir"
 cn_ispir_adj: "ispirio"
 cn_sper: "Sper"
 cn_sper_adj: "speriano"
 cn_meyafarikin: "Meyafarikîn"
 cn_meyafarikin_adj: "meyafarikînio"
 cn_np_rkert: "Np'rkert"
 cn_np_rkert_adj: "np'rkertio"
 cn_vasburagan: "Vasburagan"
 cn_vasburagan_adj: "vasburaganio"
 cn_mus: "Muş"
 cn_mus_adj: "muşio"
 cn_datvan: "Datvan"
 cn_datvan_adj: "datvanio"
 cn_ahlat: "Ahlat"
 cn_ahlat_adj: "ahlatiano"
 cn_malazgirt: "Malazgirt"
 cn_malazgirt_adj: "malazgirtio"
 cn_ercis: "Erciş"
 cn_ercis_adj: "Ercişio"
 cn_eua: "Eua"
 cn_eua_adj: "Euano"
 cn_muradiye: "Muradiye"
 cn_muradiye_adj: "muradiyeano"
 cn_akdamar: "Akdamar"
 cn_akdamar_adj: "akdamario"
 cn_baskale: "Başkale"
 cn_baskale_adj: "başkaleano"
 cn_mets_hayk_: "Mets Hayk'"
 cn_mets_hayk__adj: "metshaykio"
 cn_anion: "Ánion"
 cn_anion_adj: "anionio"
 cn_ani: "Anı"
 cn_ani_adj: "anıano"
 cn_erivan: "Erivan"
 cn_erivan_adj: "Erivanio"
 #Italy
 cn_sardenya_i_corsega: "Sardenya i Còrsega"
 cn_sardenya_i_corsega_adj: "corsosardenyés"
 cn_sardhnia_kai_thn_korsikn: "Sardo kai Korsiki"
 cn_sardhnia_kai_thn_korsikn_adj: "korsosardo"
 cn_sardegna_e_corsica: "Sardegna e Corsica"
 cn_sardegna_e_corsica_adj: "corsosardo"
 cn_ravenna: "Ravenna"
 cn_ravenna_adj: "ravennano"
 #Estonia & closeby
 cn_reval: "Reval"
 cn_reval_adj: "revaliano"
 cn_rafala: "Rafala"
 cn_rafala_adj: "rafalense"
 cn_laanemaa: "Läänemaa"
 cn_laanemaa_adj: "läänemaano"
 cn_fellin: "Fellin"
 cn_fellin_adj: "de Fellin"
 cn_karkus: "Karkus"
 cn_karkus_adj: "de Karkus"
 cn_nevanlinna: "Nevanlinna"
 cn_nevanlinna_adj: "nevanlinnano"
 cn_arensborg: "Arensborg"
 cn_arensborg_adj: "de Arensborg"
 cn_arensburg: "Arensburg"
 cn_arensburg_adj: "de Arensburg"
 cn_moon: "Moon"
 cn_moon_adj: "de Moon"
 cn_narva: "Narva"
 cn_narva_adj: "narviano"
 cn_osel: "Ösel"
 cn_osel_adj: "oseliano"
 cn_poide: "Pöide"
 cn_mohu: "Mõhu"
 cn_voro: "Võro"
 cn_wesenburg: "Wesenburg"
 #Lithuania
 cn_dobeln: "Dobeln"
 cn_dobeln_adj: "de Dobeln"
 cn_wolmar: "Wolmar"
 cn_wolmar_adj: "de Wolmar"
 cn_wenden: "Wenden"
 cn_wenden_adj: "de Wenden"
 cn_ronneburg: "Ronneburg"
 cn_ronneburg_adj: "de Ronneburg"
 cn_sesswegen: "Seßwegen"
 cn_sesswegen_adj: "de Seßwegen"
 cn_jakobstadt: "Jakobstadt"
 cn_jakobstadt_adj: "de Jakobstadt"
 cn_dunaburg: "Dünaburg"
 cn_dunaburg_adj: "de Dünaburg"
 cn_rositten: "Rositten"
 cn_rositten_adj: "de Rositten"
 cn_schwanenburg: "Schwanenburg"
 cn_schwanenburg_adj: "de Schwanenburg"
 cn_raseinen: "Raseinen"
 cn_raseinen_adj: "de Raseinen"
 cn_georgenburg: "Georgenburg"
 cn_georgenburg_adj: "de Georgenburg"
 cn_georgsborg: "Georgsborg"
 cn_georgsborg_adj: "de Georgsborg"
 cn_ragneta: "Ragneta"
 cn_ragneta_adj: "ragnetano"
 cn_ragnita: "Ragnita"
 cn_ragnita_adj: "ragnitano"
 cn_ragaine: "Ragaine"
 cn_ragaine_adj: "ragaineano"
 #Dzungaria
 cn_qocho: "Qocho"
 cn_qocho_adj: "qochoano"
 cn_xinjiang: "Xinjiang"
 cn_xinjiang_adj: "xinjiangiano"
 cn_gaochan: "Gaochan"
 cn_gaochan_adj: "gaochanio"
 cn_jiaohe: "Jiaohe"
 cn_jiaohe_adj: "Jiaoheano"
 cn_tulufan: "Tulufan"
 cn_tulufan_adj: "tulufanio"
 cn_yizhou: "Yizhou"
 cn_yizhou_adj: "yizhouano"
 cn_qumul: "Qumul"
 cn_qumul_adj: "qumulio"
 cn_urumqi: "Ürümqi"
 cn_urumqi_adj: "urümqiano"
 cn_beiting: "Beiting"
 cn_beiting_adj: "beitingiano"
 cn_tingzhou: "Tingzhou"
 cn_tingzhou_adj: "tingzhouano"
 cn_yulishi: "Yulishi"
 cn_yulishi_adj: "yulishiano"
 cn_changji: "Changji"
 cn_changji_adj: "changjiano"
 cn_luntai: "Luntai"
 cn_luntai_adj: "luntaiano"
 cn_bu_gu_r: "Bügür"
 cn_bu_gu_r_adj: "bügürio"
 cn_qinghe: "Qinghe"
 cn_qinghe_adj: "qingheano"
 cn_kaer_jiaozhen: "Kaer Jiaozhen"
 cn_kaer_jiaozhen_adj: "kaerjiaozhenio"
 cn_jumi: "Jumi"
 cn_jumi_adj: "Jumiano"
 #Brittany
 cn_gwened: "Gwened"
 cn_gwened_adj: "gwenediano"
 cn_guened: "Guened"
 cn_guened_adj: "guenediano"
 cn_naoned: "Naoned"
 cn_naoned_adj: "naonediano"
 cn_kemper: "Kemper"
 cn_kemper_adj: "kemperiano"
 cn_kastell_paol: "Kastell-Paoll"
 cn_kastell_paol_adj: "kastell-Paolliano"
 cn_saint_brieg: "Sant-Brieg"
 cn_saint_brieg_adj: "briegiano"
 cn_sant_malou: "Sant-Maloù"
 cn_sant_malou_adj: "maluense"
 cn_roazhon: "Roazhon"
 cn_roazhon_adj: "roazhoniano"
 #Iberia
 cn_carthaginensis: "Carthaginensis"
 cn_carthaginensis_adj: "carthaginensisiano"
 cn_isbaniya: "Isbāniyā"
 cn_al_andalus: "al-Ándalus"
 cn_xenxir: "Xenxir"
 cn_castalla: "Castalla"
 cn_liyyun: "Liyyun"
 cn_burtughal: "Burtughal"
 cn_yilliqiyya: "Yilliqiya"
 cn_al_sarq: "al-Sarq"
 cn_al_gharb: "al-Gharb"
 cn_batalyaws: "Batalyaws"
 cn_barshiluna: "Barshaluna"
 cn_baya: "Baya"
 cn_al_quila: "al-Quila"
 cn_kulumriyya: "Kulumriyya"
 cn_qurtubah: "Qurtuba"
 cn_garnatah: "Garnata"
 cn_mayurqa: "Mayurqa"
 cn_mursiyyah: "Mursiya"
 cn_isbiliyyah: "Isbiliya"
 cn_tulaytulah: "Tulaytula"
 cn_balansiyyah: "Balansiya"
 cn_saraqustah: "Saraqusta"
 cn_al_urqub: "al-Urqub"
 cn_al_banu_razin: "al-Banu Razin"
 cn_qasr_abi_danis: "Qasr Abi Danis"
 cn_al_qannis: "al-Qannis"
 cn_al_karas: "al-Karas"
 cn_al_gazirah_al_hadra: "al-Yazira al-Jadra"
 cn_al_laqant: "al-Laqant"
 cn_al_mariyyah: "al-Mariya"
 cn_yaiyan: "Yaiyyan"
 cn_ubaydah: "Ubayda"
 cn_yaburah: "Yabura"
 cn_burgus: "Burġus"
 cn_qabra: "Qabra"
 cn_hisn_qasras: "hisn Qasras"
 cn_qadis: "Qadis"
 cn_qalat_ayyub: "Qalat Ayyub"
 cn_qalat_rabah: "Qalat Rabah"
 cn_burjanna: "Burjanna"
 cn_itanyia: "Itanyia"
 cn_qaruniyah: "Qaruniya"
 cn_siqubiyyah: "Siqubiya"
 cn_qunkah: "Qunka"
 cn_daniyyah: "Daniya"
 cn_al_bash: "al-Bash"
 cn_santa_mariya_ibn_harun: "Santa Mariya ibn Harun"
 cn_afraga: "Afraga"
 cn_harundah: "harundah"
 cn_yabisa: "Yabisa"
 cn_sabtah: "Sebta"
 cn_al_ishbuna: "al-Ushbuna"
 cn_laridah: "Larida"
 cn_al_magrit: "al-Magrit"
 cn_malaqah: "Malaqa"
 cn_malilah: "Maliya"
 cn_manurqa: "Manurqa"
 cn_maridah: "Marida"
 cn_mulina: "Mulina"
 cn_uqlish: "Uqlish"
 cn_al_manijah: "al-Manija"
 cn_nagirah: "Nagira"
 cn_banbalunah: "Banbaluna"
 cn_labla: "Labla"
 cn_salamanqa: "Salamanqa"
 cn_yant_yaqub: "Yant Yaqub"
 cn_silb: "Silb"
 cn_turtusah: "Turtusa"
 cn_al_bunt: "al-Bunt"
 cn_tutilah: "Tutila"
 cn_balad_al_walid: "Balad al-Walīd"
 cn_sammurah: "Sammura"
 cn_al_mariyyat_bayyana: "al-Mariyyāt Baŷŷāna"
 cn_muassassat_batalyaws: "Mu'assassat Batalyaws"
 cn_madinat_qunka: "Madīnat Qunka"
 cn_madinat_mayurqa: "Madīnat Mayurqa"
 cn_madinat_al_muluk: "Madīnat al-Mulūk"
 cn_gothia: "Gothia"
 #Jerusalem
 cn_iskandarun: "Iskandarun"
 cn_iskandarun_adj: "iskandaruniano"
 #Silesia
 cn_oppeln: "Oppeln"
 cn_oppeln_adj: "de Oppeln"
 cn_kluczbork: "Kluczbork"
 cn_kluczbork_adj: "kluczborkiano"
 cn_strzelce: "Strzelce"
 cn_strzelce_adj: "strzelceano"
 cn_brieg: "Brieg"
 cn_brieg_adj: "briegiano"
 cn_ohlau: "Ohlau"
 cn_ohlau_adj: "de Ohlau"
 cn_ottmachau: "Ottmachau"
 cn_ottmachau_adj: "de Ottmachau"
 cn_neisse: "Neisse"
 cn_neisse_adj: "de Neisse"
 cn_oberglogau: "Klein Glogau"
 cn_oberglogau_adj: "de Klein Glogau"
 cn_zabkowice: "Ząbkowice"
 cn_zabkowice_adj: "zabkowiceano"
 cn_teschen: "Teschen"
 cn_teschen_adj: "de Teschen"
 cn_bielitz: "Bielitz"
 cn_bielitz_adj: "de Bielitz"
 cn_raciborz: "Racibórz"
 cn_raciborz_adj: "racibórziano"
 cn_rybnick: "Rybnick"
 cn_rybnick_adj: "ribniqués"
 cn_bytom: "Bytom"
 cn_bytom_adj: "bytomiano"
 cn_lublinitz: "Lublinitz"
 cn_lublinitz_adj: "de Lublinitz"
 cn_wroclaw: "Wrocław"
 cn_wroclaw_adj: "breslavo"
 cn_vratislav: "Vratislav"
 cn_vratislav_adj: "vratislaviano"
 cn_wartha: "Wartha"
 cn_wartha_adj: "warthano"
 cn_militsch: "Militsch"
 cn_militsch_adj: "de Militsch"
 cn_oels: "Oels"
 cn_oels_adj: "de Oels"
 cn_swiebodzin: "Świebodzin"
 cn_swiebodzin_adj: "swiebodzinio"
 cn_carolath: "Carolath"
 cn_carolath_adj: "de Carolath"
 cn_niederbeuthen: "Niederbeuthen"
 cn_niederbeuthen_adj: "de Niederbeuthen"
 cn_zielona_gora: "Zielona Góra"
 cn_zielona_gora_adj: "zielonagórano"
 cn_zelena_hora: "Zelená Hora"
 cn_zelena_hora_adj: "zelenáhorano"
 cn_krosno: "Krosno"
 cn_krosno_adj: "krosnoano"
 cn_szprotawa: "Szprotawa"
 cn_szprotawa_adj: "szprotawano"
 cn_sagan: "Sagan"
 cn_sagan_adj: "saganés"
 cn_naumburg: "Naumburg"
 cn_naumburg_adj: "naumburgués"
 cn_primkenau: "Primkenau"
 cn_primkenau_adj: "primkenaués"
 cn_lahn: "Lähn"
 cn_lahn_adj: "lahnés"
 cn_schweinhausburg: "Schweinhausburg"
 cn_schweinhausburg_adj: "de Schweinhausburg"
 cn_lehnice: "Lehnice"
 cn_lehnice_adj: "lehniceano"
 cn_liegnitz: "Liegnitz"
 cn_liegnitz_adj: "de Liegnitz"
 cn_hlohov: "Hlohov"
 cn_hlohov_adj: "hlohoviano"
 cn_glogau: "Glogau"
 cn_glogau_adj: "de Glogau"
 cn_sandelswalde: "Sandelswalde"
 cn_sandelswalde_adj: "de Sandelswalde"
 cn_guben: "Guben"
 cn_guben_adj: "de Guben"
 cn_lingchu: "Lingchu"
 cn_lingchu_adj: "de Lingchu"
 #Western Balkans
 cn_zara: "Zara"
 cn_zara_adj: "zarense"
 cn_dalmatia: "Dalmacia"
 cn_dalmatia_adh: "dálmata"
 cn_diadora: "Diadora"
 cn_diadora_adj: "diadorio"
 cn_spalato: "Spalato"
 cn_spalato_adj: "spalatense"
 cn_spalathos: "Spalathos"
 cn_spalathos_adj: "spalatosio"
 cn_salines: "Salines"
 cn_salines_adj: "salinense"
 cn_tuzla: "Tuzla"
 cn_tuzla_adj: "tuzlano"
 cn_so: "So"
 cn_so_adj: "soano"
 cn_zahumlje: "Zahumlje"
 cn_zahumlje_adj: "zahumljeano"
 cn_emotha: "Emotha"
 cn_emotha_adj: "emotano"
 cn_pannonia: "Panonia"
 cn_pannonia_adj: "panonio"
 cn_andautonia: "Andautonia"
 cn_andautonia_adj: "andautonio"
 #Polabia
 cn_veletia: "Veletia"
 cn_veletia_adj: "veleto"
 cn_obotritia: "Obotritia"
 cn_obotritia_adj: "obotritio"
 cn_racisburg: "Racisburg"
 cn_racisburg_adj: "racisburgués"
 cn_zwierzyn: "Zwierzyn"
 cn_zwierzyn_adj: "zwierzynio"
 cn_circipania: "Circipania"
 cn_circipania_adj: "circipanio"
 cn_rana: "Rana"
 cn_rana_adj: "ranés"
 cn_arkona: "Arkona"
 cn_arkona_adj: "arkonio"
 cn_kissinia: "Kissinia"
 cn_kissinia_adj: "kissinio"
 cn_roztoc: "Roztoc"
 cn_roztoc_adj: "roztociano"
 cn_guscerov: "Gušcerov"
 cn_guscerov_adj: "gueceroviano"
 cn_warnabia: "Warnabia"
 cn_warnabia_adj: "warnabiano"
 cn_luticia: "Luticia"
 cn_luticia_adj: "luticiano"
 cn_brenna: "Brenna"
 cn_brenna_adj: "brennense"
 cn_podstupim: "Podstupim"
 cn_podstupim_adj: "podstupimiano"
 cn_wilzia: "Wilzia"
 cn_wilzia_adj: "wilziano"
 cn_ukria: "Ukria"
 cn_ukria_adj: "ukriano"
 cn_hevellia: "Hevellia"
 cn_hevellia_adj: "hevelliano"
 cn_redaria: "Redaria"
 cn_redaria_adj: "redariano"
 cn_rethra: "Rethra"
 cn_rethra_adj: "rethro"
 cn_misni: "Misni"
 cn_misni_adj: "misnio"
 cn_wulki_hojn: "Wulki Hojn"
 cn_wulki_hojn_adj: "wulkihojni"
 cn_drezdany: "Dreždany"
 cn_drezdany_adj: "drezdanio"
 cn_biskopicy: "Biskopicy"
 cn_biskopicy_adj: "biskopiciano"
 cn_jilobor: "Jilobor"
 cn_jilobor_adj: "jiloboriano"
 cn_cholidistcha: "Cholidistcha"
 cn_cholidistcha_adj: "cholidistchano"
 cn_plawe: "Plawe"
 cn_plawe_adj: "plawenio"
 cn_kamjenc: "Kamjenc"
 cn_kamjenc_adj: "kamjencés"
 cn_lubin: "Lubin"
 cn_lubin_adj: "lubinio"
 cn_gorelic: "Gorelic"
 cn_gorelic_adj: "gorelicés"
 cn_budysin: "Budyšin"
 cn_budysin_adj: "budysinio"
 cn_grodk: "Grodk"
 cn_grodk_adj: "grodkiano"
 cn_luzyca: "Lužyca"
 cn_luzyca_adj: "luzycano"
 cn_jutriboc: "Jutriboc"
 cn_jutriboc_adj: "jutribociano"
 cn_turguo: "Turguo"
 cn_turguo_adj: "turguo"
 cn_zemrje: "Zemrje"
 cn_zemrje_adj: "zemrjés"
 #Pomerania
 cn_ucramund: "Ucramund"
 cn_ucramund_adj: "ucramundés"
 cn_pyritz: "Pyritz"
 cn_pyritz_adj: "pyritzés"
 cn_wollin: "Wollin"
 cn_wollin_adj: "wollinés"
 cn_cammin: "Cammin"
 cn_cammin_adj: "camminés"
 cn_gollnow: "Gollnow"
 cn_gollnow_adj: "gollnowés"
 cn_naugard: "Naugard"
 cn_naugard_adj: "naugardés"
 cn_zehden: "Zehden"
 cn_zehden_adj: "zehdenés"
 cn_kustrin: "Kustrin"
 cn_kustrin_adj: "kustrinés"
 cn_tempelburg: "Templerburg"
 cn_tempelburg_adj: "tempelburgués"
 cn_belgard: "Belgard"
 cn_belgard_adj: "belgardense"
 cn_deutsch_krone: "Deutsch Krone"
 cn_deutsch_krone_adj: "kronés"
 cn_neustettin: "Neustettin"
 cn_neustettin_adj: "neustettinés"
 cn_zantoch: "Zantoch"
 cn_zantoch_adj: "zantochés"
 cn_filehne: "Filehne"
 cn_filehne_adj: "filenés"
 cn_arnswalde: "Arnswalde"
 cn_arnswalde_adj: "arnswaldés"
 cn_putzig: "Putzig"
 cn_putzig_adj: "putzigués"
 cn_lauenburg: "Lauenburg"
 cn_lauenburg_adj: "lauenburgués"
 cn_ziethen: "Ziethen"
 cn_ziethen_adj: "ziethenés"
 cn_schwetz: "Schwetz"
 cn_schwetz_adj: "schwetzés"
 cn_berent: "Berent"
 cn_berent_adj: "berentés"
 cn_konitz: "Konitz"
 cn_konitz_adj: "konizés"
 #Prussia
 cn_elblag: "Elbląg"
 cn_elblag_adj: "elblagio"
 cn_elbingas: "Elbingas"
 cn_elbingas_adj: "elbingas"
 cn_marienwerder: "Marienwésdés"
 cn_marienwerder_adj: "marienwesdés"
 cn_kwidzyn: "Kwidzyn"
 cn_kwidzyn_adj: "kwidzynio"
 cn_kvidzynas: "Kvidzynas"
 cn_kvidzynas_adj: "kvidzynasio"
 cn_stuttof: "Stutthof"
 cn_stuttof_adj: "stutthofés"
 cn_sztutowo: "Sztutowo"
 cn_sztutowo_adj: "sztutowio"
 cn_wormditt: "Wormditt"
 cn_wormditt_adj: "wormdittés"
 cn_mohrungen: "Mohrungen"
 cn_mohrungen_adj: "mohrungenés"
 cn_morongas: "Morongas"
 cn_morongas_adj: "morongasio"
 cn_braunberg: "Braunberg"
 cn_braunberg_adj: "braunbergués"
 cn_prusa: "Prusa"
 cn_prusa_adj: "prusano"
 cn_brandenburg_PRUS: "Brandemburgo"
 cn_brandenburg_PRUS_adj: "brandemburgués"
 cn_pokarmin: "Pokarmin"
 cn_pokarmin_adj: "pokarminio"
 cn_pokariviai: "Pokariviai"
 cn_pokariviai_adj: "pokariviaiano"
 cn_wehlau: "Wehlau"
 cn_wehlau_adj: "wehlaués"
 cn_welawa: "Welawa"
 cn_welawa_adj: "welawano"
 cn_veluva: "Vėluva"
 cn_veluva_adj: "veluvano"
 cn_karaliaucius: "Karaliaučius"
 cn_karaliaucius_adj: "karaliauciusiano"
 cn_heilsberg: "Heilsberg"
 cn_heilsberg_adj: "heilsbergués"
 cn_lidzbark: "Lidzbark"
 cn_lidzbark_adj: "lidzbarkiano"
 cn_lidzbarkas: "Lidzbarkas"
 cn_lidzbarkas_adj: "lidzbarkasiano"
 cn_bartenstein: "Bartenstein"
 cn_bartenstein_adj: "bartensteinés"
 cn_barstynas: "Barstynas"
 cn_barstynas_adj: "barstinasio"
 cn_insterburg: "Insterburg"
 cn_insterburg_adj: "insterburgués"
 cn_rastenburg: "Rastenburg"
 cn_rastenburg_adj: "rastenburgués"
 cn_rastembork: "Rastembork"
 cn_rastembork_adj: "rastemborqués"
 cn_kentsynas: "Kentsynas"
 cn_kentsynas_adj: "kentsynasiano"
 #Masuria
 cn_kulmas: "Kulmas"
 cn_kulmas_adj: "kulmasiano"
 cn_kulm: "Kulm"
 cn_kulm_adj: "kulmés"
 cn_torune: "Torunė"
 cn_torune_adj: "torunés"
 cn_thorn: "Thorn"
 cn_thorn_adj: "thornés"
 cn_briesen_PRUS: "Briesen"
 cn_briesen_PRUS_adj: "briesenés"
 cn_ylava: "Ylava"
 cn_ylava_adj: "ylaviano"
 cn_eylau: "Eylau"
 cn_eylau_adj: "eylaués"
 cn_brodnica: "Brodnica"
 cn_brodnica_adj: "brodnicense"
 cn_ostruda: "Ostruda"
 cn_ostruda_adj: "ostrudano"
 cn_osterode: "Osterode"
 cn_osterode_adj: "osterodés"
 cn_olstynas: "Olstynas"
 cn_olstynas_adj: "olstynasiano"
 cn_allenstein: "Allenstein"
 cn_allenstein_adj: "allensteinés"
 cn_szczytno: "Szczytno"
 cn_szczytno_adj: "szczytno"
 cn_sctnas: "Ščytnas"
 cn_sctnas_adj: "scytnasio"
 cn_ortulfsburg: "Ortulfsburg"
 cn_ortulfsburg_adj: "ortulfsburgués"
 cn_nibork: "Nibork"
 cn_nibork_adj: "niborkiano"
 cn_nidzica: "Nidzica"
 cn_nidzica_adj: "nidzico"
 cn_neidenburg: "Neidenburg"
 cn_neidenburg_adj: "neidenburgués"
 cn_leiciu_pilis: "Leičių pilis"
 cn_leiciu_pilis_adj: "leiciuano"
 cn_lotzen: "Lötzen"
 cn_lotzen_adj: "lötzenés"
 cn_lukas: "Lukas"
 cn_lukas_adj: "lukasiano"
 cn_lyck: "Lyck"
 cn_lyck_adj: "lyckés"
 cn_ungura: "Ungura"
 cn_ungura_adj: "ungurano"
 cn_angirburg: "Angirburg"
 cn_angirburg_adj: "angirburgués"
 #Tibet & Xia
 cn_karpoyul: "Karpoyül"
 cn_karpoyul_adj: "karpoyül"
 cn_tsongonpo: "Tsongönpo"
 cn_tsongonpo_adj: "tsongönpo"
 cn_qingtang: "Qingtang"
 cn_qingtang_adj: "Qingtang"
 cn_tsongkha: "Tsongkha"
 cn_tsongkha_adj: "tsongkha"
 cn_drotsang: "Drotsang"
 cn_drotsang_adj: "drotsang"
 cn_serkhok: "Serkhok"
 cn_serkhok_adj: "serkhok"
 cn_bairi: "Bairi"
 cn_bairi_adj: "bairi"
 cn_ud: "Ud"
 cn_ud_adj: "ud"
 cn_bayannayur: "Bayannayur"
 cn_bayannayur_adj: "bayannayur"
 cn_uyuvan: "Üyuvan"
 cn_uyuvan_adj: "üyuvan"
 cn_denkeu: "Dėŋkėü"
 cn_denkeu_adj: "dėŋkėü"
 cn_sogo_khoto: "Sogo Khoto"
 cn_sogo_khoto_adj: "sogokhoto"
 cn_tengger: "Tengger"
 cn_tengger_adj: "tengger"
 cn_alashan: "Alashan"
 cn_alashan_adj: "alashan"
 cn_bayanhot: "Bayanhot"
 cn_bayanhot_adj: "bayanhot"
 cn_iryai: "Iryai"
 cn_iryai_adj: "iryai"
 cn_tangyud: "Tangyud"
 cn_tangyud_adj: "tangyud"
 cn_minyak: "Minyak"
 cn_minyak_adj: "minyak"
 cn_xixia: "Xi Xia"
 cn_xixia_adj: "xixia"
 cn_mjinjaa: "Mjinjaa"
 cn_mjinjaa_adj: "mjinjaa"
 cn_miniah: "Miniah"
 cn_miniah_adj: "miniah"
 cn_qinghai: "Qinghai"
 cn_qinghai_adj: "qinghai"
 cn_koke_nayur: "Köke Nayur"
 cn_koke_nayur_adj: "kokenayur"
 cn_huhu_noor: "Huhu Noor"
 cn_huhu_noor_adj: "huhunoor"
 cn_zongge: "Zongge"
 cn_zongge_adj: "zongge"
 cn_huzhu: "Huzhu"
 cn_huzhu_adj: "huzhu"
 cn_jishi: "Jishi"
 cn_jishi_adj: "jishi"
 cn_tianjun: "Tianjun"
 cn_tianjun_adj: "tianjun"
 cn_yangkang: "Yangkang"
 cn_yangkang_adj: "yangkang"
 cn_haiyan: "haiyan"
 cn_haiyan_adj: "haiyan"
 cn_gangcha: "Gangcha"
 cn_gangcha_adj: "gangcha"
 cn_gonghe: "Gonghe"
 cn_gonghe_adj: "gonghe"
 cn_qiabuqia: "Qiabuqia"
 cn_qiabuqia_adj: "qiabuqia"
 cn_jiangxigou: "Jiangxigou"
 cn_jiangxigou_adj: "jiangxigou"
 cn_xinghai: "Xinghai"
 cn_xinghai_adj: "xinghai"
 cn_heyuan: "Heyuan"
 cn_heyuan_adj: "heyuan"
 cn_hekou: "Hekou"
 cn_hekou_adj: "hekou"
 cn_gannan: "Gannan"
 cn_gannan_adj: "gannan"
 cn_zhouni: "Zhouni"
 cn_zhouni_adj: "zhouni"
 cn_lintan: "Lintan"
 cn_lintan_adj: "lintan"
 cn_hezuo: "Hezuo"
 cn_hezuo_adj: "hezuo"
 cn_xiahe: "Xiahe"
 cn_xiahe_adj: "xiahe"
 cn_luqu: "Luqu"
 cn_luqu_adj: "luqu"
 cn_diebu: "Diebu"
 cn_diebu_adj: "diebu"
 cn_zhouqu: "Zhouqu"
 cn_zhouqu_adj: "zhouqu"
 cn_maqu: "Maqu"
 cn_maqu_adj: "maqu"
 cn_muxihe: "Muxihe"
 cn_muxihe_adj: "muxihe"
 cn_jiarong: "Jiarong"
 cn_jiarong_adj: "jiarong"
 cn_ryarong: "Ryarong"
 cn_ryarong_adj: "ryarong"
 cn_huangnan: "Huangnan"
 cn_huangnan_adj: "huangnan"
 cn_tongren: "Tongren"
 cn_tongren_adj: "tongren"
 cn_jainzha: "Jainzha"
 cn_jainzha_adj: "jainzio"
 cn_guide: "Guide"
 cn_guide_adj: "guide"
 cn_guinan: "Guinan"
 cn_guinan_adj: "guinan"
 cn_tongde: "Tongde"
 cn_tongde_adj: "tongde"
 cn_zeku: "Zeku"
 cn_zeku_adj: "zeku"
 cn_henan_yegainnyin: "Henan"
 cn_henan_yegainnyin_adj: "henan"
 cn_guoluo: "Guoluo"
 cn_guoluo_adj: "guoluo"
 cn_maqin: "Maqin"
 cn_maqin_adj: "maqin"
 cn_gande: "Gande"
 cn_gande_adj: "gande"
 cn_maduo: "Maduo"
 cn_maduo_adj: "maduo"
 cn_donggei: "Donggei"
 cn_donggei_adj: "donggei"
 cn_banma: "Banma"
 cn_banma_adj: "banma"
 cn_sailaitang: "Sailaitang"
 cn_sailaitang_adj: "sailaitang"
 cn_jimai: "Jimai"
 cn_jimai_adj: "jimai"
 cn_jiuzhi: "Jiuzhi"
 cn_jiuzhi_adj: "jiuzhi"
 cn_mingzheng: "Mingzheng"
 cn_mingzheng_adj: "mingzheng"
 cn_dajianlu: "Dajianlu"
 cn_dajianlu_adj: "dajianlu"
 cn_luqiao: "Luqiao"
 cn_luqiao_adj: "luqiao"
 cn_tagong: "Tagong"
 cn_tagong_adj: "tagong"
 cn_danba: "Danba"
 cn_danba_adj: "danba"
 cn_jiulong: "Jiulong"
 cn_jiulong_adj: "jiulong"
 cn_daofu: "Daofu"
 cn_daofu_adj: "daofu"
 cn_niazuo: "Niazuo"
 cn_niazuo_adj: "niazuo"
 cn_luhuo: "Luhuo"
 cn_luhuo_adj: "luhuo"
 cn_ganzi: "Ganzi"
 cn_ganzi_adj: "ganzi"
 cn_seda: "Seda"
 cn_seda_adj: "seda"
 cn_luoruo: "Luoruo"
 cn_luoruo_adj: "luoruo"
 cn_aba: "Aba"
 cn_aba_adj: "aba"
 cn_ggabba: "Ggabba"
 cn_ggabba_adj: "ggabba"
 cn_hezhi: "Hezhi"
 cn_hezhi_adj: "hezhi"
 cn_hongyuan: "Hongyuan"
 cn_hongyuan_adj: "hongyuan"
 cn_ruoergai: "Ruo'ergai"
 cn_ruoergai_adj: "ruoergai"
 cn_jiuzhaigou: "Jiuzhaigou"
 cn_jiuzhaigou_adj: "jiuzhaigou"
 cn_songpan: "Songpan"
 cn_songpan_adj: "songpan"
 cn_heishui: "Heishui"
 cn_heishui_adj: "heishui"
 cn_kezheb: "Kezheb"
 cn_kezheb_adj: "kezheb"
 cn_maerkang: "Ma'erkang"
 cn_maerkang_adj: "ma'erkang"
 cn_muerkvua: "Muerkvua"
 cn_muerkvua_adj: "muerkvua"
 cn_ribu: "Ribu"
 cn_ribu_adj: "ribu"
 cn_rangtang: "Rangtang"
 cn_rangtang_adj: "rangtang"
 cn_mao: "Mao"
 cn_mao_adj: "mao"
 cn_shgvini: "Shgvini"
 cn_shgvini_adj: "shgvini"
 cn_diexi: "Diexi"
 cn_diexi_adj: "diexi"
 cn_ddihi: "Ddihi"
 cn_ddihi_adj: "ddihi"
 cn_wenchuan: "Wenchuan"
 cn_wenchuan_adj: "wenchuan"
 cn_gvhvusu: "Gvhvusu"
 cn_gvhvusu_adj: "gvhvusu"
 cn_jinchuan: "Jinchuan"
 cn_jinchuan_adj: "jinchuan"
 cn_kasa: "Kasa"
 cn_kasa_adj: "kasa"
 cn_gvugvean: "Gvugvean"
 cn_gvugvean_adj: "gvugvean"
 cn_xiaojin: "Xiaojin"
 cn_xiaojin_adj: "xiaojin"
 cn_xilhva: "Xilhva"
 cn_xilhva_adj: "xilhva"
 cn_zagunao: "zagu'nao"
 cn_zagunao_adj: "Zagu'nao"
 cn_pauxugv: "Pauxugv"
 cn_pauxugv_adj: "pauxugv"
 cn_ecina: "Eçina"
 cn_ecina_adj: "eçina"
 cn_heicheng: "Heicheng"
 cn_heicheng_adj: "heicheng"
 cn_khara_khoto: "Khara Khoto"
 cn_khara_khoto_adj: "kharakhoto"
 cn_uraqai: "Uraqai"
 cn_uraqai_adj: "uraqai"
 cn_qilian: "Qilian"
 cn_qilian_adj: "qilian"
 cn_menyuan: "Menyuan"
 cn_menyuan_adj: "menyuan"
 cn_dukhan: "Dukhan"
 cn_dukhan_adj: "dukhan"
 cn_akqi: "Akqi"
 cn_akqi_adj: "akqi"
 cn_aqsai: "Aqsai"
 cn_aqsai_adj: "aqsai"
 cn_akesai: "Akesai"
 cn_akesai_adj: "akesai"
 cn_alteng: "Alteng"
 cn_alteng_adj: "alteng"
 cn_dahaleteng: "Dahaleteng"
 cn_dahaleteng_adj: "dahaleteng"
 cn_jianshe: "jianshe"
 cn_jianshe_adj: "Jianshe"
 #Aachen
 cn_aix_la_chapelle: "Aix-la-Chapelle"
 cn_aix_la_chapelle_adj: "aixiense"
 cn_aquisgrana: "Aquisgrán"
 cn_aquisgrana_adj: "aquisgranense"
 cn_great_liao: "Gran Liao"
 cn_great_liao_adj: "liao"
 #Northern Hungary in CZ & SL
 cn_nitra: "Nitra"
 cn_nitra_adj: "nitrio"
 cn_bojnice: "Bojnice"
 cn_bojnice_adj: "bojnicio"
 cn_sastin: "Šaštín"
 cn_sastin_adj: "sastínio"
 cn_gomor: "Gömör"
 cn_gomor_adj: "gomoriano"
 cn_muran: "Muráň"
 cn_muran_adj: "muranio"
 cn_rimavska_sobota: "Rimavská Sobota"
 cn_rimavska_sobota_adj: "rimavskano"
 cn_sendrov: "Sendrov"
 cn_sendrov_adj: "sendrovio"
 cn_tvrdosin: "Tvrdošín"
 cn_tvrdosin_adj: "tvrdošínio"
 cn_turdossin: "Turdossin"
 cn_turdossin_adj: "turdosinio"
 cn_presporok: "Prešporok"
 cn_presporok_adj: "prešporokiano"
 cn_trencin: "Trenčín"
 cn_trencin_adj: "trencínio"
 cn_puchov: "Púchov"
 cn_puchov_adj: "púchoviano"
 cn_zilina: "Žilina"
 cn_zilina_adj: "zilino"
 cn_turiec: "Turiec"
 cn_turiec_adj: "turiecio"
 cn_liptov: "Liptov"
 cn_liptov_adj: "liptoviano"
 cn_zvolen: "Zvolen"
 cn_zvolen_adj: "zvoleno"
 cn_brezno: "Brezno"
 cn_brezno_adj: "breznano"
 cn_tekov: "Tekov"
 cn_tekov_adj: "tekoviano"
 cn_novohrad: "Novohrad"
 cn_novohrad_adj: "novohradiano"
 cn_balazske_darmoty: "Balážske"
 cn_balazske_darmoty_adj: "balazqués"
 cn_lucenec: "Lučenec"
 cn_lucenec_adj: "lucenecés"
 cn_banska_stiavnica: "Štiavnica"
 cn_banska_stiavnica_adj: "stiavnico"
 cn_samorin: "Šamorín"
 cn_samorin_adj: "samorínio"
 cn_uzhorod: "Užhorod"
 cn_uzhorod_adj: "uzhorodiano"
 cn_zemplin: "Zemplín"
 cn_zemplin_adj: "zemplínio"
 cn_szepesseg: "Szepesség"
 cn_szepesseg_adj: "szepességio"
 cn_saros: "Sáros"
 cn_saros_adj: "sárosiano"
 cn_abov: "Abov"
 cn_abov_adj: "aboviano"
 cn_kosice: "Košice"
 cn_kosice_adj: "kosicés"
 cn_turna: "Turňa"
 cn_turna_adj: "turnio"
 #Principality of Balaton (western Hungary)
 cn_balaton: "Balaton"
 cn_balaton_adj: "balatonio"
 cn_blatnozero: "Blatnozero"
 cn_blatnozero_adj: "blatnozeron"
 cn_blatnohrad: "Blatnohrad"
 cn_blatnohrad_adj: "blatnohradense"
 cn_dudleb: "Dudleb"
 cn_dudleb_adj: "dudlebano"
 cn_etgar: "Etgar"
 cn_etgar_adj: "etgariano"
 cn_rab: "Ráb"
 cn_rab_adj: "rábiano"
 cn_vesprim: "Vesprim"
 cn_vesprim_adj: "vesprimano"
 cn_komarno: "Komárno"
 cn_komarno_adj: "komárno"
 cn_ostrihom: "Ostrihom"
 cn_ostrihom_adj: "ostrihomio"
 cn_stolicny_belehrad: "Stoličný Bělehrad"
 cn_stolicny_belehrad_adj: "belehradense"
 cn_bialogrod_stoleczny: "Białogród Stołeczny"
 cn_bialogrod_stoleczny_adj: "bialogródense"
 cn_stolni_biograd: "Stolni Biograd"
 cn_stolni_biograd_adj: "biogradense"
 cn_tricciana: "Tricciana"
 cn_tricciana_adj: "tricciano"
 cn_mogentiana: "Mogentiana"
 cn_mogentiana_adj: "mogentiano"
 cn_petikosteli: "Petikosteli"
 cn_petikosteli_adj: "petikosteliano"
 cn_iovia: "Iovia"
 cn_iovia_adj: "ioviano"
 cn_kysak: "Kysak"
 cn_kysak_adj: "kysakiano"
 cn_kiseg: "Kiseg"
 cn_kiseg_adj: "kiseguiano"
 cn_kermendin: "Kermendin"
 cn_kermendin_adj: "kermendinio"
 cn_monoster: "Monoster"
 cn_monoster_adj: "monosteriano"
 cn_siget: "Siget"
 cn_siget_adj: "sigetano"
 #Additional polabian cultural names
 cn_milcenia: "Milcenia"
 cn_milcenia_adj: "milcenio"
 cn_drjezdzany: "Drježdźany"
 cn_drjezdzany_adj: "drježdźano"
 cn_chosebuz: "Chóśebuz"
 cn_chosebuz_adj: "Chóśebuzian"
 cn_nizizia: "Nizizia"
 cn_nizizia_adj: "niziziano"
 cn_lusatia: "Lusacia"
 cn_lusatia_adj: "lusaciano"
 cn_ciervisti: "Ciervisti"
 cn_ciervisti_adj: "ciervistano"
 cn_plisnia: "Plisnia"
 cn_plisnia_adj: "plisnio"
 cn_zeiz: "Zeiz"
 cn_zeiz_adj: "zeizio"
 cn_voligost: "Voligost"
 cn_voligost_adj: "voligostés"
 cn_veligrad: "Veligrad"
 cn_veligrad_adj: "veligradense"
 cn_brizania: "Brizania"
 cn_brizania_adj: "brizanio"
 #Additional Slovak-Hungarian cultural names
 cn_klodzko: "Kłodzko"
 cn_klodzko_adj: "kłodzkano"
 cn_trencsen: "Trencsén"
 cn_trencsen_adj: "trencsénio"
 cn_nyitra: "Nyitra"
 cn_nyitra_adj: "nyitrano"
 cn_arva: "Árva"
 cn_arva_adj: "árvano"
 cn_lipto: "Liptó"
 cn_lipto_adj: "liptonio"
 cn_liptovsky_hradok: "Liptovský Hrádok"
 cn_liptovsky_hradok_adj: "liptovskeño"
 cn_poprad_HUN: "Poprád"
 cn_poprad_HUN_adj: "poprádiano"
 cn_kesmark: "Késmárk"
 cn_kesmark_adj: "kesmarkiano"
 cn_ui_maine: "Uí Maine"
 cn_ui_maine_adj: "uí mainés"
 cn_vasterbotten: "Vestrobotnia"
 cn_vasterbotten_adj: "vestrobotniense"
 cn_kola: "Kola"
 cn_kola_adj: "kolano"
 cn_kuola: "Kuola"
 cn_kuola_adj: "kuolano"
 cn_ruija: "Ruija"
 cn_ruija_adj: "ruijano"
 cn_leporie: "Leporia"
 cn_leporie_adj: "leporiano"
 #HRE
 cn_lubsko: "Lubsko"
 cn_lubsko_adj: "lubskoano"
 cn_zemr: "Žemŕ"
 #Slovenia
 cn_gorz: "Gorizia"
 cn_gorz_adj: "goriziano"
 #Sicily
 cn_balarm: "Balarm"
 cn_balarm_adj: "balarmí"
 cn_qasriyana: "Qasriyana"
 cn_qasriyana_adj: "qasriyaní"
 cn_enna: "Enna"
 cn_enna_adj: "ennense"
 cn_sarqusa: "Sarqusa"
 cn_sarqusa_adj: "sarqusí"
 cn_siqilliya: "Siqilliya"
 cn_siqilliya_adj: "siqilliyaní"
 cn_sezer: "Sezer"
 cn_sezer_adj: "sezerano"
 cn_nis: "Niš"
 cn_nis_adj: "nisano"
 cn_liubice: "Liubice"
 cn_liubice_adj: "liubiciano"
 cn_curonia: "Curonia"
 cn_curonia_adj: "curonio"
 cn_kurland: "Curlandia"
 cn_kurland_adj: "curlandés"
 #Semigallia, after much debate
 cn_zemgale: "Zemgale"
 cn_ziemgala: "Žiemgala"
 cn_semgallen: "Semgallen"
 #Iberian names for Canary Islands
 cn_tenerife: "Tenerife"
 cn_canaria: "Gran Canaria"
 cn_fuerteventura: "Fuerteventura"
 cn_lanzarote: "Lanzarote"
 #Guanche collective name for the Canaries (translated from the word people/state)
 cn_guanac: "Al-Guañac"
 cn_krain: "Krain"
 cn_krain_adj: "krainés"
 cn_krainburg: "Krainburgo"
 cn_krainburg_adj: "krainburgués"
 cn_lower_lorraine: "Baja Lorena"
 cn_lower_lorraine_adj: "bajolorenés"
 cn_upper_lorraine: "Alta Lorena"
 cn_upper_lorraine_adj: "altolorenés"
 cn_sirista: "Sirista"
 cn_candia: "Candía"
 cn_candia_adj: "candio"
 cn_la_canea: "La Canea"
 cn_kara_khitai: "Kara-Kitai"
 cn_kara_khitai_adj: "karakitano"
 #Crimea
 cn_kerkinitis: "Kerkinitis"
 cn_kerkinitis_adj: "kerkinitano"
 cn_kozlov: "Kozlov"
 cn_kozlov_adj: "kozlovano"
 cn_scythian_neapolis: "Neápolis escita"
 cn_scythian_neapolis_adj: "escita"
 cn_taphros: "Taphros"
 cn_taphros_adj: "tafrosano"
 #Azov
 cn_tmutarakan: "Tamatarcha"
 cn_tmutarakan_adj: "tamatarcano"
 cn_labrys: "Labris"
 cn_labrys_adj: "labrisano"
 cn_azara: "Azara"
 cn_azara_adj: "azarense"
 cn_pataroue: "Pataroue"
 cn_pataroue_adj: "patarouense"
 cn_paniardis: "Paniardis"
 cn_paniardis_adj: "paniardino"
 #Don Valley
 cn_tanais: "Tanais"
 cn_tanais_adj: "tanaisano"
 #Levedia
 cn_scythia: "Escitia"
 cn_scythia_adj: "escita"
 cn_southscythia: "Escitia del Sur"
 cn_southscythia_adj: "surescita"
 cn_hygreis: "Higreis"
 cn_hygreis_adj: "higreisano"
 cn_oleshia: "Oleshia"
 cn_oleshia_adj: "oliesiano"
 #Yedisan
 cn_olbia: "Olbia"
 cn_olbia_adj: "olbiense"
 cn_borysthenes: "Borístenes"
 cn_borysthenes_adj: "boristiano"
 #Bugeac
 cn_tyras: "Tiras"
 cn_tyras_adj: "tirasiano"
 cn_aepolium: "Aepolia"
 cn_aepolium_adj: "aepolio"
 #Alania
 cn_gorgippia: "Gorgipia"
 cn_gorgippia_adj: "gorgipiano"
 cn_torikos: "Torikos"
 cn_torikos_adj: "toricano"
 #Dobrudja
 cn_scythia_minor: "Escitia Menor"
 cn_scythia_minor_adj: "escita"
 cn_south_jedisan: "Jedisan del Sur"
 cn_south_jedysan: "surjedisano"
 cn_south_edisan: "Edisan del Sur"
 cn_south_borysthenes: "Borístenes del Sur"
 cn_bo_ro_: "Börö"
 cn_cumania: "Cumania"
 cn_black_cumania: "Cumania Negra"
 #Tai
 cn_moeng_lu: "Moeng Lü"
 #Han
 cn_jinglong: "Jinglong"
 cn_mengla: "Mengla"
 cn_mengling: "Mengling"
 cn_menglong: "Menglong"
 cn_mengpeng: "Mengpeng"
 cn_mengyang: "Mengyang"
 ###Korean
 #baronies
 cn_sanggyeong: "Sanggyeong" #上京 (상경)
 cn_junggyeong: "Junggyeong" #中京 (중경)
 cn_donggyeong: "Donggyeong" #東京 (동경)
 cn_namgyeong: "Namgyeong" #南京 (남경)
 cn_seogyeong: "Seoggyeong" #西京 (서경)
 cn_buyeoseong: "Buyeoseong" #扶餘京 (부여경)
 cn_deongnijin: "Deongnijin" #德里鎮 (덕리진)
 cn_haju: "Haju" #瑕州 (하주)
 cn_hwaju: "Hwaju" #華州 (화주)
 cn_jeongju: "Jeongju" #定州 (정주)
 cn_anju: "Anju" #安州 (안주)
 cn_iju: "Yiju" #伊州 (이주)
 cn_okju: "Okju" #沃州 (옥주)
 #counties+
 cn_jeoju: "Jeoju" #宁州 (저주)
 cn_jeoju_adj: "jeoju"
 cn_buyeo: "Buyeo" #扶餘 (부여)
 cn_buyeo_adj: "buyeo"
 cn_yodong: "Yodong" #遼東 (요동)
 cn_yodong_adj: "yodong"
 cn_yongju: "Yongju" #龍州 (용주)
 cn_yongju_adj: "yongju"
 cn_gyeongju: "Gyeongju" #庆州 (경주)
 cn_gyeongju_adj: "gyeongju"
 cn_hyeonju: "Hyeonju" #顯州 (현주)
 cn_hyeonju_adj: "hyeonju"
 cn_sinju: "Sinju" #神州 (신주)
 cn_sinju_adj: "sinju"
 cn_buju: "Buju" #扶州 (부주)
 cn_buju_adj: "buju"
 cn_solbin: "Solbin" #率賓 (솔빈)
 cn_solbin_adj: "solbin"
 cn_dalju: "Dalju" #達州 (달주)
 cn_dalju_adj: "dalju"
 cn_anwon: "Anwon" #安遠 (안원)
 cn_anwon_adj: "anwon"
 cn_solbin_anwon: "Solbin-Anwon" #率賓 (솔빈) - 安遠 (안원)
 cn_solbin_anwon_adj: "solbin-anwon"
 cn_north_anwon: "Anwon Norte" #安遠 (안원)
 cn_north_anwon_adj: "anwon norte"
 cn_anbyeon: "Anbyeon" #安邊 (안변)
 cn_anbyeon_adj: "anbyeon"
 cn_north_anbyeon: "Anbyeon Norte" #安邊 (안변)
 cn_north_anbyeon_adj: "anbyeon norte"
 cn_jeongni: "Jeongni" #定理 (정리)
 cn_jeongni_adj: "jeongni"
 cn_south_yongwon: "Yongwon Sur" #龍原 (용원)
 cn_south_yongwon_adj: "yongwon sur"
 cn_north_yongwon: "Yongwon Norte" #龍原 (용원)
 cn_north_yongwon_adj: "yongwon"
 cn_namhae: "Namhae" #南海 (남해)
 cn_namhae_adj: "namhae"
 cn_east_jangryeong: "Jangryeong Este" #長嶺 (장령)
 cn_east_jangryeong_adj: "angryeong este"
 cn_west_jangryeong: "Jangyeong Oeste" #長嶺 (장령)
 cn_west_jangryeong_adj: "jangryeong oeste"
 cn_east_amnok: "Amnok Este" #鴨綠 (압녹)
 cn_east_amnok_adj: "amnok este"
 cn_west_amnok: "Amnok Oeste" #鴨綠 (압녹)
 cn_wast_amnok_adj: "amnok oeste"
 cn_east_hyeondeok: "Hyeondeok Este" #顯德 (현덕)
 cn_east_hyeondeok_adj: "hyeondeok"
 cn_west_hyeondeok: "Hyeondeok Oeste" #顯德 (현덕)
 cn_west_hyeondeok_adj: "hyeondeok oeste"
 cn_amnok_jangryeong: "Amnok-Jangryeong" #鴨綠 (압녹)-長嶺 (장령)
 cn_amnok_jangryeong_adj: "amnok-jangryeong"
 cn_yongcheon: "Yongcheon" #龍泉 (용천)
 cn_yongcheon_adj: "yongcheon"
 cn_balhae: "Balhae" #渤海 (발해)
 cn_balhae_adj: "balhae"
 cn_west_cheolli: "Cheolli Oeste" #鐵利 (철리)
 cn_west_cheolli_adj: "cheolli oeste"
 cn_yeongju: "Yeongju" #郢州 (영주)
 cn_yeongju_adj: "yeongju"
 cn_dongju: "Dongju" #銅州 (동주)
 cn_dongju_adj: "dongju"
 cn_hoewon: "Hoewon" #懷遠 (회원)
 cn_hoewon_adj: "hoewon"
 cn_west_hoewon: "Hoewon Oeste" #懷遠 (회원)
 cn_west_hoewon_adj: "hoewon"
 cn_central_hoewon: "Hoewon Central" #懷遠 (회원)
 cn_central_hoewon_adj: "hoewon central"
 cn_east_hoewon: "Hoewon Este" #懷遠 (회원)
 cn_east_hoewon_adj: "hoewon este"
 cn_south_hoewon: "Hoewon Sur" #懷遠 (회원)
 cn_south_hoewon_adj: "hoewon sur"
 cn_dongpyeong: "Dongpyeong" #東平 (동평)
 cn_dongpyeong_adj: "dongpyeong"
 cn_cheolli: "Cheolli" #鐵利 (철리)
 cn_cheolli_adj: "cheolli"
 cn_jeonghwa: "Jeonghwa" #鄭颉 (정화)
 cn_jeonghwa_adj: "jeonghwa"
 cn_jeongju_2: "Jeongju" #鄭州 (정주)
 cn_jeongju_adj: "jeongju"
 cn_jinju: "Jinju" #陳州 (진주)
 cn_jinju_adj: "jinju"
 cn_okjeo: "Okjeo" #沃沮 (옥저)
 cn_okjeo_adj: "okjeo"
 cn_pungju: "Pungju" #豐州 (풍주)
 cn_pungju_adj: "pungju"
 #Japan
 cn_east_hokkaido: "Hokkaidō Este"
 cn_east_hokkaido_adj: "hokkaido oriental"
 cn_west_hokkaido: "Hokkaidō Oeste"
 cn_west_hokkaido_adj: "hokkaido occidental"
 cn_matsumae: "Matsumae" #松前
 cn_kameda: "Kameda" #亀田
 cn_nishi: "Nishi" #爾志
 cn_kayabe: "Kayabe" #茅部
 cn_otaru: "Otaru" #小樽
 cn_setana: "«Setana»# 瀬棚"
 cn_abuta: "Abuta" #虻田
 cn_yoichi: "Yoichi" #余市
 cn_oshima: "Oshima" #渡島
 cn_rumoi: "Rumoi" #留萌
 cn_sorachi: "Sorachi" #空知
 cn_shiribeshi: "Shiribeshi" #後志
 cn_ishikari: "Ishikari" #石狩
 cn_asahikawa: "Asahikawa" #旭川
 cn_yufutsu: "Yūfutsu" #勇払
 cn_saru: "Saru" #沙流
 cn_shizunai: "Shizunai" #静内
 cn_muroran: "Muroran" #室蘭
 cn_iburi: "Iburi" #胆振
 cn_kitami: "Kitami" #北見
 cn_monbetsu: "Monbetsu" #紋別
 cn_soya: "Sōya" #宗谷
 cn_kamikawa: "Kamikawa" #上川
 cn_teshio: "Teshio" #天塩
 cn_tokachi: "Tokachi" #十勝
 cn_hiro_o: "Hiro'o" #広尾
 cn_obihiro: "Obihiro" #帯広
 cn_kushiro: "Kushiro" #釧路
 cn_abashiri: "Abashiri" #網走
 cn_nemuro: "Nemuro" #根室
 cn_shiretoko: "Shiretoko" #知床
 cn_shisuka: "Shisuka" #敷香
 cn_esutoru: "Esutoru" #恵須取
 cn_keton: "Keton" #気屯
 cn_hokobe: "Hokobe" #鉾部
 cn_chishima: "Chishima" #千島
 cn_kunashiri: "Kunashiri" #国後
 cn_etorofu: "Etorofu" #択捉
 cn_honto: "Honto" #本斗
 cn_kushunnai: "Kushunnai" #久春内
 cn_tsuimu: "Tsuimu" #対毛
 cn_otchishi: "Otchishi" #落石
 cn_kusunkotan: "Kushunkotan" #久春古丹
 cn_okinawa: "Okinawa" #沖縄
 cn_okinawa_adj: "okinawa"
 cn_taga: "Taga" #多賀
 cn_taga_adj: "taga"
 cn_dewa: "Dewa" #出羽
 cn_dewa_adj: "dewa"
 cn_akita: "Akita" #秋田
 cn_akita_adj: "akita"
 cn_mutsu: "Mutsu" #陸奥
 cn_mutsu_adj: "mutsu"
 cn_ryukyu: "Ryūkyū" #琉球
 cn_ryukyu_adj: "ryukyués"
 cn_east_oshima: "Oshima Este" #渡島
 cn_east_oshima_adj: "oshima oriental"
 cn_west_oshima: "Oshima Oeste" #渡島
 cn_west_oshima_adj: "oshima occidental"
 cn_ezo: "Ezo" #蝦夷
 cn_ezo_adj: "ezo"
 cn_kuye: "Kuye" #库页
 cn_kuye_adj: "kuye"
 cn_sahaliyan: "Sahaliyan" #萨哈林
 cn_ygh_mif: "Ygh-mif"
 cn_ygh_mif_adj: "ygh-mif"
 cn_sahaliyan_adj: "sahaliyan"
 cn_karafuto: "Karafuto" #樺太
 cn_karafuto_adj: "karafuto"
 cn_yankemosir: "Yankemosir"
 cn_yankemosir_adj: "yankemosir"
 cn_boluo: "Boluo" #波羅
 cn_guohuo: "Guohuo" #果夥
 cn_nanghaer: "Nanghaer" #嚢哈儿
 cn_yidui: "Yidui" #伊対
 cn_wulie: "Wulie" #兀烈
 cn_shimajiri: "Shimajiri" #島尻
 cn_shimajiri_adj: "shimajiri"
 cn_nakagami: "Nakagami" #中頭
 cn_nakagami_adj: "nakagami"
 cn_kunigami: "Kunijiri" #国頭
 cn_kunigami_adj: "kunijiri"
 cn_kunohe: "Kunohe" #九戸
 cn_kurihara: "Kurihara" #栗原
 cn_kita: "Kita" #北
 cn_sannohe: "Sannohe" #三戸
 cn_ninohe: "Ninohe" #二戸
 cn_hiyama: "Hiyama" #檜山
 cn_yamamoto: "Yamamoto" #山本
 cn_ogachi: "Ogachi" #雄勝
 cn_akumi: "Akumi" #飽海
 cn_haguro: "Haguro" #羽黒山
 cn_motoyoshi: "Motoyoshi" #本吉
 cn_michinoku: "Michinoku" #陸奥
 cn_michinoku_adj: "michinoku"
 cn_koma: "Koma" #高麗
 cn_shiragi: "Shiragi" #新羅
 cn_kudara: "Kudara" #百済
 #Champa
 cn_champa_indrapura: "Indrapura"
 cn_champa_mahaparvata: "Mahaparvata"
 cn_champa_bingi: "Bingi"
 cn_champa_kandarapura: "Kandarapura"
 cn_champa_rajatagopurani: "Rajatagopurani"
 #Khitan
 cn_dan_gur: "Dan Gur" #東丹
 #Chinese
 cn_bohai: "Bóhai" #渤海 (Bóhǎi)
 cn_jiaozhi: "Jiāozhi" #交趾 (Jiāozhǐ)
 cn_jiuzhen: "Jiuzhēn" #九真 (Jiǔzhēn)
 cn_rinan: "Rìnán" #日南
 cn_longquan: "Lóngquán" #龍泉
 cn_longzhou: "Lóngzhōu" #龍州
 cn_nanhai: "Nánhai" #南海 (Nánhǎi)
 cn_wozhou: "Wòzhōu" #沃州
 cn_woju: "Wòju" #沃沮 (Wòjǔ)
 cn_qingzhou: "Qìngzhōu" #庆州
 cn_xianzhou: "Xianzhōu" #顯州 (Xiǎnzhōu)
 cn_shenzhou: "Shénzhōu" #神州
 cn_xiazhou: "Xiázhōu" #瑕州
 cn_zhengjie: "Zhèngjié" #鄭颉
 cn_zhengjie_adj: "zhèngjié"
 cn_zhengzhou: "Zhèngzhōu" #鄭颉
 cn_zhengzhou_adj: "zhèngzhōu"
 cn_annan: "Annan" #安南
 cn_jiaozhou: "Jiaozhou" #交州
 cn_songping: "Songping" #宋平
 cn_longbian: "Longbian" #龙编
 cn_taiping: "Taiping" #太平
 cn_wue: "Wue" #武峨
 cn_changshang: "Changshang" #长上
 cn_junzhou: "Junzhou" #郡州
 cn_junkou: "Junkou" #郡口
 cn_anle: "Anle" #安乐
 cn_wuan: "Wuan" #武安
 cn_sumao: "Sumao" #苏茂
 cn_guihua: "Guihua" #归化
 cn_wenliang: "Wenliang" #文谅
 cn_guangyuan: "Guangyuan" #广源
 cn_huanzhou: "Huanzhou" #驩州
 cn_jiude: "Jiude" #九德
 cn_huaihuan: "Huaihuan" #怀驩
 cn_tanglin: "Tanglin" #唐林
 cn_riluo: "Riluo" #日落
 cn_changzhou: "Changzhou" #长州
 cn_wenyang: "Wenyang" #文阳
 cn_xupu: "Xupu" #胥浦
 cn_changshan: "Changshan" #长山
 cn_dujin: "Dujin" #都金
 cn_jianing: "Jianing" #嘉宁
 cn_gantang: "Gantang" #甘棠
 #Jurchen
 cn_dazhen: "Dàzhēn" #大真
 #Viet
 cn_linh_nam: "Lĩnh Nam" #嶺南
 cn_nam_viet: "Nam Viet" #南越
 cn_dong_duong: "Dong Duong" #同陽 (Đồng Dương)
 cn_do_ban: "Do Bàn" #阇槃 (Đồ Bàn)
 #Korea
 cn_goryeo: "Goryeo"
 cn_silla_throne: "Trono de Silla"
 cn_shangjing: "Shangjing"
 cn_dongjing: "Dongjing"
 cn_zhongjing: "Zhongjing"
 cn_xingqing: "Xingqing"
 cn_wamo: "Wamo"
 cn_gemen: "Gemen" #閤门
 cn_michuan: "Michuan" #米川
 cn_juyan: "Juyan" #居延
 cn_tongcheng: "Tongcheng" #同城
