l_russian:
 cn_konstantiniyye: "Константинийе"
 cn_konstantiniyye_adj: "Константинийск"
 cn_bratislava: "Братислава"
 cn_bratislava_adj: "Братиславск"
 cn_pressburg: "Пресбург"
 cn_pressburg_adj: "Пресбургск"
 cn_waithali: "Вайшали"
 cn_waithali_adj: "Вайшалийск"
 cn_danzig: "Данциг"
 cn_danzig_adj: "Данцигск"
 cn_konigsberg: "Кенигсберг"
 cn_konigsberg_adj: "Кенигсбергск"
 cn_dorpat: "Дорпат"
 cn_dorpat_adj: "Дорпатск"
 cn_pernau: "Пернау"
 cn_pernau_adj: "Пернауск"
 cn_parnawa: "Парнава"
 cn_parnawa_adj: "Парнавск"
 cn_pernu: "Перну"
 cn_pernu_adj: "Пернуск"
 cn_U_xkU_ll: "Икскюли"
 cn_U_xkU_ll_adj: "Икскюльск"
 cn_yxkull: "Икскулль"
 cn_yxkull_adj: "Икскулльск"
 cn_ikS_kila: "Икшкила"
 cn_ikS_kila_adj: "Икшкильск"
 cn_ikS_kile: "Икшкиле"
 cn_ikS_kile_adj: "Икшкильск"
 cn_lemsahl: "Лемзаль"
 cn_lemsahl_adj: "Лемзальск"
 cn_salismunde: "Залисмюнде"
 cn_salismunde_adj: "Залисмюндск"
 cn_lemsal: "Лемзаль"
 cn_lemsal_adj: "Лемзальск"
 cn_kokenhusen: "Кокенхузен"
 cn_kokenhusen_adj: "Кокенхузенск"
 cn_kukeinos: "Кукейнос"
 cn_kukeinos_adj: "Кукейносск"
 cn_koknese: "Кокнесе"
 cn_koknese_adj: "Кокнесск"
 cn_gerzika: "Герцика"
 cn_gerzika_adj: "Герцикск"
 cn_gardinas: "Гардинас"
 cn_gardinas_adj: "Гардинасск"
 cn_krolewiec: "Крулевец"
 cn_krolewiec_adj: "Крулевецк"
 #Britain
 cn_alba: "Альба"
 cn_alba_adj: "Альбск"
 cn_pictland: "Пиктавия"
 cn_pictland_adj: "Пиктск"
 cn_pictavia: "Пиктавия"
 cn_pictavia_adj: "Пиктавийск"
 cn_jorvik: "Йорвик"
 cn_jorvik_adj: "Йорвикск"
 cn_jarnamoda: "Ярнамода"
 cn_jarnamoda_adj: "Ярнамодск"
 cn_linn: "Лин"
 cn_linn_adj: "Линск"
 cn_lindsey: "Линдси"
 cn_lindsey_adj: "Линдсийск"
 cn_deira: "Дейра"
 cn_deira_adj: "Дейрск"
 cn_deifr: "Дейвр"
 cn_deifr_adj: "Дейврск"
 cn_rheged: "Регед"
 cn_rheged_adj: "Регедск"
 cn_bernicia: "Берниция"
 cn_bernicia_adj: "Берницийск"
 cn_bryneich: "Бринейх"
 cn_bryneich_adj: "Бринейхск"
 cn_gododdin: "Гододин"
 cn_gododdin_adj: "Гододинск"
 cn_galloway: "Гэллоуэй"
 cn_galloway_adj: "Гэллоуэйск"
 cn_alclud: "Алклид"
 cn_alclud_adj: "Алклидск"
 cn_alt_clut: "Алт Клит"
 cn_norroy: "Норруа"
 cn_norroy_adj: "Норруаск"
 cn_aeron: "Айрон"
 cn_aeron_adj: "Айрон"
 cn_galwyddel: "Галуидел"
 cn_galwyddel_adj: "Галуидельск"
 cn_galvei: "Гальвей"
 cn_galvei_adj: "Гальвейск"
 cn_circinn: "Киркинн"
 cn_circinn_adj: "Киркиннск"
 cn_eryri: "Эрири"
 cn_eryri_adj: "Эририйск"
 cn_east_seaxe: "Эссекс"
 cn_east_seaxe_adj: "Эссекск"
 cn_middle_seaxe: "Мидлсекс"
 cn_middle_seaxe_adj: "Мидлсекск"
 cn_south_seaxe: "Суссекс"
 cn_south_seaxe_adj: "Южносаксонск"
 cn_llundein: "Ллиндейн"
 cn_llundein_adj: "Ллиндейнск"
 cn_londinium: "Лондиниум"
 cn_londinium_adj: "Лондиниумск"
 cn_lunden: "Лунден"
 cn_lunden_adj: "Лунденск"
 cn_londres: "Лондр"
 cn_londres_adj: "Лондрск"
 cn_lunnon: "Ланнон"
 cn_lunnon_adj: "Ланнонск"
 cn_suthweorc: "Сутвеорк"
 cn_suthweorc_adj: "Сутвеоркск"
 cn_colenceaster: "Коленчестер"
 cn_colenceaster_adj: "Коленчестерск"
 cn_bedanford: "Беданфорд"
 cn_bedanford_adj: "Беданфордск"
 cn_herutford: "Херутфорд"
 cn_herutford_adj: "Херутфордск"
 cn_buccingahamm: "Буккингахамм"
 cn_buccingahamm_adj: "Буккингахаммск"
 cn_bebbanburg: "Беббанбург"
 cn_bebbanburg_adj: "Беббанбургск"
 cn_dunholm: "Дунхольм"
 cn_dunholm_adj: "Дунхольмск"
 cn_duresm: "Дюрем"
 cn_duresm_adj: "Дюремск"
 cn_cumbraland: "Кумбраланд"
 cn_caer_luel: "Кар-Луэл"
 cn_caer_luel_adj: "Кар-Луэльск"
 cn_cathair_luail: "Кахир-Луал"
 cn_cathair_luail_adj: "Кахир-Луальск"
 cn_carleol: "Карлеоль"
 cn_carleol_adj: "Карлеольск"
 cn_ulfreksfjordr: "Ульврексфьерд"
 cn_ulfreksfjordr_adj: "Ульврексфьердск"
 cn_din_guarie: "Дин-Гуари"
 cn_din_guarie_adj: "Дин-Гуарийск"
 cn_medcaut: "Медкайт"
 cn_medcaut_adj: "Медкайтск"
 cn_efrog: "Эврог"
 cn_efrog_adj: "Эврогск"
 cn_eoforwic: "Эофорвик"
 cn_eoforwic_adj: "Эофорвикск"
 cn_poclintun: "Поклинтун"
 cn_poclintun_adj: "Поклинтунск"
 cn_leodis: "Леодис"
 cn_leodis_adj: "Леодисск"
 cn_ladenses: "Ладенсес"
 cn_ladenses_adj: "Ладенсесск"
 cn_elmet: "Елмет"
 cn_elmet_adj: "Элметск"
 cn_cardiganshire: "Кардиганшир"
 cn_cardigan: "Кардиган"
 cn_merionethshire: "Мерионетшир"
 cn_caernarvonshire: "Карнарвоншир"
 cn_anglesey: "Англси"
 cn_holyhead: "Холихед"
 cn_denbighshire: "Денбишир"
 cn_denbigh: "Денби"
 cn_wrexham: "Рексем"
 cn_ruthin: "Ратин"
 cn_montgomeryshire: "Монтгомеришир"
 cn_welshpool: "Уэлшпул"
 cn_newtown: "Ньютаун"
 cn_radnorshire: "Радноршир"
 cn_llandrindod_wells: "Лландриндод-Уэллс"
 cn_rhayader: "Раяйдер"
 cn_arcenefelde: "Аркеневелде"
 cn_hennffordd: "Хеннфорд"
 cn_carmarthenshire: "Кармартеншир"
 cn_carmarthen: "Кармартен"
 cn_llandovery: "Лландовери"
 cn_pembrokeshire: "Пембрукшир"
 cn_pembroke: "Пембрук"
 cn_st_davids: "Сент-Дейвидс"
 cn_fiscard: "Фискард"
 cn_glamorgan: "Гламорган"
 cn_cardiff: "Кардифф"
 cn_swansea: "Суонси"
 cn_caerphilly: "Кайрфилли"
 cn_monmouthshire: "Монмутшир"
 cn_caerleon: "Карлеон"
 cn_monmouth: "Монмут"
 cn_brecknockshire: "Брекнокшир"
 cn_brecknock: "Брекнок"
 #Pomerania
 cn_szczecin: "Щецин"
 cn_szczecin_adj: "Щецинск"
 cn_wkryujscie: "Вкрыуйсьце"
 cn_wkryujscie_adj: "Вкрыуйсьценск"
 cn_mysliborz: "Мыслибуж"
 cn_mysliborz_adj: "Мыслибужск"
 cn_drezdenko: "Дрезденко"
 cn_drezdenko_adj: "Дрезденецк"
 cn_choszczno: "Хощно"
 cn_choszczno_adj: "Хощненск"
 cn_krzyz: "Кшиж"
 cn_krzyz_adj: "Кшижск"
 cn_gdansk: "Гданьск"
 cn_gdansk_adj: "Гданьск"
 cn_lebno: "Лебно"
 cn_lebno_adj: "Лебненск"
 cn_czarne: "Чарне"
 cn_czarne_adj: "Чарненск"
 cn_stettin: "Штеттин"
 cn_stettin_adj: "Штеттинск"
 cn_greifenhagen: "Грейфенхаген"
 cn_greifenhagen_adj: "Грейфенхагенск"
 cn_kolberg: "Кольберг"
 cn_kolberg_adj: "Кольбергск"
 cn_swinemunde: "Свинемюнде"
 cn_swinemunde_adj: "Свинемюндск"
 cn_labes: "Лабес"
 cn_labes_adj: "Лабесск"
 cn_schneidemuhl: "Шнейдемюль"
 cn_schneidemuhl_adj: "Шнейдемюльск"
 cn_zoppot: "Цоппот"
 cn_zoppot_adj: "Цоппотск"
 cn_grossendorf: "Гроссендорф"
 cn_grossendorf_adj: "Гроссендорфск"
 cn_dirschau: "Диршау"
 cn_dirschau_adj: "Диршауск"
 cn_stolp: "Штольп"
 cn_stolp_adj: "Штольпск"
 cn_koslin: "Кеслин"
 cn_koslin_adj: "Кеслинск"
 cn_butow: "Бютов"
 cn_butow_adj: "Бютовск"
 cn_rummelsburg: "Руммельсбург"
 cn_rummelsburg_adj: "Руммельсбургск"
 #Prussia
 cn_braniewo: "Бранево"
 cn_braniewo_adj: "Браневск"
 cn_holstin: "Хольстин"
 cn_holstin_adj: "Хольстинск"
 cn_orneta: "Орнета"
 cn_orneta_adj: "Орнетск"
 cn_morag: "Моронг"
 cn_morag_adj: "Моронгск"
 cn_bartoszyce: "Бартошице"
 cn_bartoszyce_adj: "Бартошицк"
 cn_wystruc: "Выструць"
 cn_wystruc_adj: "Выструцк"
 cn_ketrzyn: "Кентшин"
 cn_ketrzyn_adj: "Кентшинск"
 cn_chelm: "Хелм"
 cn_chelm_adj: "Хелмск"
 cn_grudziadz: "Грудзендз"
 cn_grudziadz_adj: "Грудзендзск"
 cn_ostroda: "Оструда"
 cn_ostroda_adj: "Острудск"
 cn_ilawa: "Илава"
 cn_ilawa_adj: "Илавск"
 cn_wegobork: "Венгоборк"
 cn_wegobork_adj: "Венгоборкск"
 cn_lec: "Лец"
 cn_lec_adj: "Лецк"
 cn_lek: "Лек"
 cn_lek_adj: "Лекск"
 cn_marienburg: "Мариенбург"
 cn_marienburg_adj: "Мариенбургск"
 cn_elbing: "Эльбинг"
 cn_elbing_adj: "Эльбингск"
 cn_brodnica_strasburg: "Штрасбург"
 cn_brodnica_strasburg_adj: "Штрасбургск"
 #Italy
 cn_merano: "Мерано"
 cn_merano_adj: "Меранск"
 #Polabia & Lubusz
 cn_polabia: "Полабия"
 cn_polabia_adj: "Полабск"
 cn_lebus: "Лебус"
 cn_lebus_adj: "Лебусск"
 cn_oderfrankfurt: "Франкфурт-на-Одере"
 cn_oderfrankfurt_adj: "Франкфуртск"
 cn_zielenzig: "Циленциг"
 cn_zielenzig_adj: "Циленцигск"
 cn_reppen: "Реппен"
 cn_reppen_adj: "Реппенск"
 cn_barsc: "Баршч"
 cn_barsc_adj: "Баршчск"
 cn_blota: "Блота"
 cn_blota_adj: "Блотск"
 #Greater Poland to German
 cn_grosspolen: "Гросполен"
 cn_grosspolen_adj: "Гросполенск"
 cn_posen: "Позен"
 cn_posen_adj: "Позенск"
 cn_meseritz: "Мезериц"
 cn_meseritz_adj: "Мезерицк"
 cn_scharnikau: "Шарникау"
 cn_scharnikau_adj: "Шарникауск"
 cn_wronke: "Вронке"
 cn_wronke_adj: "Вронкск"
 cn_wollstein: "Волльштейн"
 cn_wollstein_adj: "Волльштейнск"
 cn_gnesen: "Гнезен"
 cn_gnesen_adj: "Гнезенск"
 cn_schroda: "Шрода"
 cn_schroda_adj: "Шродск"
 cn_peisern: "Пейзерн"
 cn_peisern_adj: "Пейзернск"
 cn_kalisch: "Калиш"
 cn_kalisch_adj: "Калишск"
 cn_koschmin: "Кошмин"
 cn_koschmin_adj: "Кошминск"
 cn_fraustadt: "Фрауштадт"
 cn_fraustadt_adj: "Фрауштадтск"
 cn_kosten: "Костен"
 cn_kosten_adj: "Костенск"
 cn_schrimm: "Шримм"
 cn_schrimm_adj: "Шриммск"
 cn_nakel: "Накель"
 cn_nakel_adj: "Накельск"
 cn_flatow: "Флатов"
 cn_flatow_adj: "Флатовск"
 cn_znin: "Цнин"
 cn_znin_adj: "Цнинск"
 #Rus
 cn_hrodna: "Гродна"
 cn_hrodna_adj: "Гродзенск"
 cn_gardariki: "Гардарики"
 cn_gardariki_adj: "Гардарикск"
 cn_wolyn: "Волынь"
 cn_wolyn_adj: "Волынск"
 cn_wlodzimierz: "Влодзимеж"
 cn_wlodzimierz_adj: "Влодзимежск"
 cn_luck: "Луцк"
 cn_luck_adj: "Луцк"
 cn_kowel: "Ковель"
 cn_kowel_adj: "Ковельск"
 cn_rozyszcze: "Рожище"
 cn_rozyszcze_adj: "Рожищенск"
 cn_peresopnica: "Пересопница"
 cn_peresopnica_adj: "Пересопницк"
 cn_rowne: "Рувне"
 cn_rowne_adj: "Рувненск"
 cn_klewan: "Клевань"
 cn_klewan_adj: "Клеванск"
 cn_brzesc: "Бжесць"
 cn_brzesc_adj: "Бжесцк"
 cn_kamieniec: "Каменец"
 cn_kamieniec_adj: "Каменецк"
 cn_siemiatycze: "Семятыче"
 cn_siemiatycze_adj: "Семятыченск"
 cn_drohiczyn: "Дорогичин"
 cn_drohiczyn_adj: "Дрохичинск"
 cn_drohicinas: "Дрохичинас"
 cn_drohicinas_adj: "Дрохичинасск"
 cn_kobryn: "Кобрынь"
 cn_kobryn_adj: "Кобрынск"
 cn_kobrynas: "Кобринас"
 cn_kobrynas_adj: "Кобринасск"
 cn_halicz: "Халич"
 cn_halicz_adj: "Халичск"
 cn_halytsch: "Халич"
 cn_halytsch_adj: "Халичск"
 cn_halici: "Халич"
 cn_halici_adj: "Халичск"
 cn_sambor: "Самбор"
 cn_sambor_adj: "Самборск"
 cn_kolomyja: "Коломыя"
 cn_kolomyja_adj: "Коломыйск"
 cn_kolomea: "Коломеа"
 cn_kolomea_adj: "Коломейск"
 cn_colomeea: "Коломея"
 cn_colomeea_adj: "Коломейск"
 cn_lwow: "Львув"
 cn_lwow_adj: "Львувск"
 cn_lemberg: "Лемберг"
 cn_lemberg_adj: "Лембергск"
 cn_liov: "Льов"
 cn_liov_adj: "Льовск"
 cn_dzwinogrod: "Дзвиногруд"
 cn_dzwinogrod_adj: "Дзвиногрудск"
 cn_zvenihorod: "Звеныхород"
 cn_zvenihorod_adj: "Звеныхородск"
 cn_buczacz: "Бучач"
 cn_buczacz_adj: "Бучачск"
 cn_trembowla: "Трембовля"
 cn_trembowla_adj: "Трембовлянск"
 cn_grodek: "Грудек"
 cn_grodek_adj: "Грудекск"
 cn_czortkow: "Чорткув"
 cn_czortkow_adj: "Чорткувск"
 cn_zaslaw: "Заслав"
 cn_zaslaw_adj: "Заславск"
 cn_ostrog: "Оструг"
 cn_ostrog_adj: "Остружск"
 cn_czerwien: "Червень"
 cn_czerwien_adj: "Червенск"
 cn_chervenwolyn: "Волин"
 cn_chervenwolyn_adj: "Волинск"
 cn_chervenchelm: "Хелм"
 cn_chervenchelm_adj: "Хелмск"
 cn_belz: "Белз"
 cn_belz_adj: "Белзск"
 cn_lubycza: "Любыча"
 cn_lubycza_adj: "Любычск"
 cn_przemysl: "Пшемысль"
 cn_przemysl_adj: "Пшемысльск"
 cn_jaroslaw: "Ярослав"
 cn_jaroslaw_adj: "Ярославск"
 cn_lezajsk: "Лежайск"
 cn_lezajsk_adj: "Лежайск"
 cn_konugardr_NORSE: "Кенугард"
 cn_konugardr_NORSE_adj: "Кенугардск"
 cn_konugard_SWE: "Кенугорд"
 cn_konugard_SWE_adj: "Кенугордск"
 cn_konugard_NORDAN: "Кенугорд"
 cn_konugard_NORDAN_adj: "Кенугордск"
 cn_kijow: "Киюв"
 cn_kijow_adj: "Киювск"
 cn_kijevas: "Киевас"
 cn_kijevas_adj: "Киевасск"
 cn_zytomierz: "Житомеж"
 cn_zytomierz_adj: "Житомежск"
 cn_zwiahel: "Звяхель"
 cn_zwiahel_adj: "Звяхельск"
 cn_czarnobyl: "Чарнобыль"
 cn_czarnobyl_adj: "Чарнобыльск"
 cn_uszyca: "Ушица"
 cn_uszyca_adj: "Ушицк"
 cn_usita: "Ушица"
 cn_usita_adj: "Ушицк"
 cn_korsun: "Корсунь"
 cn_korsun_adj: "Корсунск"
 cn_turow: "Турув"
 cn_turow_adj: "Турувск"
 cn_turava: "Турава"
 cn_turava_adj: "Туравск"
 cn_korosten: "Коростень"
 cn_korosten_adj: "Коростенск"
 cn_korostenis: "Коростенис"
 cn_korostenis_adj: "Коростенисск"
 cn_owrucz: "Овруч"
 cn_owrucz_adj: "Овручск"
 cn_dabrowica: "Домбровица"
 cn_dabrowica_adj: "Домбровицк"
 cn_dubrovicja: "Дубровицья"
 cn_dubrovicja_adj: "Дубровицк"
 cn_holmgardr: "Хольмгард"
 cn_holmgardr_adj: "Хольмгардск"
 cn_naugardas: "Наугардас"
 cn_naugardas_adj: "Наугардасск"
 cn_aldeigjuborg: "Альдейгьюборг"
 cn_aldeigjuborg_adj: "Альдейгьюборгск"
 cn_laatokka: "Лаатокка"
 cn_laatokka_adj: "Лаатоккск"
 cn_pskovas: "Псковас"
 cn_pskovas_adj: "Псковасск"
 cn_pihkova: "Пихкова"
 cn_pihkova_adj: "Пихковск"
 cn_sebez: "Себеж"
 cn_sebez_adj: "Себежск"
 cn_sebezas: "Себежас"
 cn_sebezas_adj: "Себежасск"
 cn_noteborg_SWENORSE: "Нетеборг"
 cn_noteborg_SWENORSE_adj: "Нетеборгск"
 cn_noteborg_DANNOR: "Нетеборг"
 cn_noteborg_DANNOR_adj: "Нетеборгск"
 cn_schlusselburg: "Шлюссельбург"
 cn_schlusselburg_adj: "Шлюссельбургск"
 cn_oreshek: "Орешек"
 cn_oreshek_adj: "Орешкинск"
 cn_tihvina: "Тихвиня"
 cn_tihvina_adj: "Тихвинск"
 cn_lyda: "Лида"
 cn_lyda_adj: "Лидск"
 cn_valkaviskas: "Валкавискас"
 cn_valkaviskas_adj: "Валкавискасск"
 cn_wolkowysk: "Волковыск"
 cn_wolkowysk_adj: "Волковысск"
 cn_sokulka: "Сокулка"
 cn_sokulka_adj: "Сокулкск"
 cn_sokolka_PLN: "Сокулка"
 cn_sokolka_PLN_adj: "Сокулкск"
 cn_balstoge: "Балстоге"
 cn_balstoge_adj: "Балстогск"
 cn_bialystok: "Бялысток"
 cn_bialystok_adj: "Бялыстокск"
 cn_naugardukas: "Наугардукас"
 cn_naugardukas_adj: "Наугардукасск"
 cn_nowogrodek: "Новогрудек"
 cn_nowogrodek_adj: "Новогрудск"
 cn_slanimas: "Сланимас"
 cn_slanimas_adj: "Сланимасск"
 cn_slonim_PLN: "Слоним"
 cn_slonim_PLN_adj: "Слонимск"
 cn_pinskas: "Пинскас"
 cn_pinskas_adj: "Пинскасск"
 cn_pinsk_PLN: "Пиньск"
 cn_pinsk_PLN_adj: "Пиньск"
 cn_luniecas: "Лулинецас"
 cn_luniecas_adj: "Лулинецасск"
 cn_luniniec: "Лулинец"
 cn_luniniec_adj: "Лулинецк"
 cn_sluckas: "Слуцкас"
 cn_sluckas_adj: "Слуцкасск"
 cn_sluck: "Слуцк"
 cn_sluck_adj: "Слуцк"
 cn_zytkavicai: "Житкавичай"
 cn_zytkavicai_adj: "Житкавичайск"
 cn_zydkowicze: "Жидковиче"
 cn_zydkowicze_adj: "Жидковичск"
 cn_mikasevicai: "Микашевичай"
 cn_mikasevicai_adj: "Микашевичайск"
 cn_mikaszewicze: "Микашевиче"
 cn_mikaszewicze_adj: "Микашевичск"
 cn_kleckas: "Клецкас"
 cn_kleckas_adj: "Клецкасск"
 cn_kleck: "Клецк"
 cn_kleck_adj: "Клецк"
 cn_baranoviciai: "Барановичяй"
 cn_baranoviciai_adj: "Барановичяйск"
 cn_baranowicze: "Барановиче"
 cn_baranowicze_adj: "Барановичск"
 cn_babruiskas: "Бабруйскас"
 cn_babruiskas_adj: "Бабруйскасск"
 cn_bobrujsk: "Бобруйск"
 cn_bobrujsk_adj: "Бобруйск"
 cn_zlobinas: "Жлобинас"
 cn_zlobinas_adj: "Жлобинасск"
 cn_zlobin: "Жлобин"
 cn_zlobin_adj: "Жлобинск"
 cn_kalinkavicai: "Калинкавичай"
 cn_kalinkavicai_adj: "Калинкавичайск"
 cn_kalinkowicze: "Калинковиче"
 cn_kalinkowicze_adj: "Калинковичск"
 cn_recyca: "Речица"
 cn_recyca_adj: "Речицк"
 cn_reczyca: "Жечица"
 cn_reczyca_adj: "Жечицк"
 cn_minskas: "Менскас"
 cn_minskas_adj: "Менскасск"
 cn_minsk_PLN: "Миньск"
 cn_minsk_PLN_adj: "Миньск"
 cn_lahoiskas: "Лахойскас"
 cn_lahoiskas_adj: "Лахойскасск"
 cn_lohojsk: "Лохойск"
 cn_lohojsk_adj: "Лохойск"
 cn_zaslavlis: "Заславлис"
 cn_zaslavlis_adj: "Заславлисск"
 cn_maladecina: "Маладечина"
 cn_maladecina_adj: "Маладечинск"
 cn_molodeczno: "Молодечно"
 cn_molodeczno_adj: "Молодечненск"
 cn_barysavas: "Барисавас"
 cn_barysavas_adj: "Барисавасск"
 cn_borysow: "Борысув"
 cn_borysow_adj: "Борысувск"
 cn_orsa_LIT: "Орша"
 cn_orsa_LIT_adj: "Оршанск"
 cn_orsza: "Орша"
 cn_orsza_adj: "Оршанск"
 cn_druckas: "Друцкас"
 cn_druckas_adj: "Друцкасск"
 cn_druck: "Друцк"
 cn_druck_adj: "Друцк"
 cn_polockas: "Полоцкас"
 cn_polockas_adj: "Полоцкасск"
 cn_polock: "Полоцк"
 cn_polock_adj: "Полоцк"
 cn_pallteskja: "Пальтеша"
 cn_pallteskja_adj: "Пальтешск"
 cn_drisa: "Дриса"
 cn_drisa_adj: "Дрисск"
 cn_dryssa: "Дрысса"
 cn_dryssa_adj: "Дрысск"
 cn_merai: "Мерай"
 cn_merai_adj: "Мерайск"
 cn_miory: "Миоры"
 cn_miory_adj: "Мерск"
 cn_lukoml: "Лукомль"
 cn_lukoml_adj: "Лукомльск"
 cn_glubokas: "Глубокас"
 cn_glubokas_adj: "Глубокасск"
 cn_glebokie: "Глембоке"
 cn_glebokie_adj: "Глембокск"
 cn_vitebskas: "Витебскас"
 cn_vitebskas_adj: "Витебскасск"
 cn_witebsk: "Витебск"
 cn_witebsk_adj: "Витебск"
 cn_haradokas: "Харадокас"
 cn_haradokas_adj: "Харадокасск"
 cn_horodek: "Хородек"
 cn_horodek_adj: "Хородекск"
 cn_timerovo: "Тимерово"
 cn_timerovo_adj: "Тимеровск"
 cn_sarskoye_gorodishche: "Сарское городище"
 cn_sarskoye_gorodishche_adj: "Городищенск"
 cn_nizhny_novgorod: "Нижний Новгород"
 cn_nizhny_novgorod_adj: "Нижегородск"
 #Caspian-Pontic steppe
 cn_zaporizhia: "Запорожье"
 cn_zaporizhia_adj: "Запорожск"
 cn_dzikie_pola: "Дикое Поле"
 cn_dzikie_pola_adj: "Дикопольск"
 cn_dykra: "Дикра"
 cn_dykra_adj: "Дикрск"
 cn_etelkoz: "Этелькез"
 cn_etelkoz_adj: "Этелькезск"
 cn_new_england: "Новая Англия"
 cn_new_england_adj: "Новоанглийск"
 cn_jedisan: "Едизан"
 cn_jedisan_adj: "Едизанск"
 cn_jedysan: "Едысан"
 cn_jedysan_adj: "Едысанск"
 cn_edisan: "Едисан"
 cn_edisan_adj: "Едисанск"
 #Volga-Ural
 #Many of those are fictional flavour names to avoid "too russian sounding" names for some settlements when held by volga-finnic or turkic mostly
 cn_sirevel_e: "Сиревеле"
 cn_sirevel_e_adj: "Сиревельск"
 cn_tumolaj: "Тумоляй"
 cn_tumolaj_adj: "Тумоляйск"
 cn_sedvel: "Седвель"
 cn_sedvel_adj: "Седвельск"
 cn_vernakuzo: "Вернакузо"
 cn_vernakuzo_adj: "Вернакузенск"
 cn_voronej: "Вороней"
 cn_voronej_adj: "Воронейск"
 cn_varakavir: "Варакавир"
 cn_varakavir_adj: "Варакавирск"
 cn_tundokev: "Тундокев"
 cn_tundokev_adj: "Тундокевск"
 cn_burtasia: "Буртасская земля"
 cn_burtasia_adj: "Буртасск"
 cn_saratau: "Саратау"
 cn_saratau_adj: "Саратауск"
 cn_burtas: "Буртас"
 cn_burtas_adj: "Буртасск"
 cn_insaravar: "Инсаравяр"
 cn_insaravar_adj: "Инсаравярск"
 cn_sijabije: "Сиябие"
 cn_sijabije_adj: "Сиябиейск"
 cn_krasnan: "Краснан"
 cn_krasnan_adj: "Краснанск"
 cn_okhan: "Охань"
 cn_okhan_adj: "Оханск"
 cn_bisserk: "Биссерк"
 cn_bisserk_adj: "Биссеркск"
 cn_kleno: "Клено"
 cn_kleno_adj: "Кленойск"
 cn_gichans: "Гичанс"
 cn_gichans_adj: "Гичансск"
 cn_solika: "Солика"
 cn_solika_adj: "Соликск"
 cn_votkhar: "Вотка Кар"
 cn_votkhar_adj: "Вотка-Карск"
 cn_krasnok: "Краснок"
 cn_krasnok_adj: "Краснокск"
 cn_kirov: "Вятка"
 cn_kirov_adj: "Вятск"
 cn_yeldia: "Ельдия"
 cn_yeldia_adj: "Ельдийск"
 cn_tabyn: "Табын"
 cn_tabyn_adj: "Табынск"
 cn_malaurala: "Малаурала"
 cn_malaurala_adj: "Малауральск"
 cn_yuldyba: "Юлдыба"
 cn_yuldyba_adj: "Юлдыбск"
 cn_achich: "Ачич"
 cn_achich_adj: "Ачичск"
 cn_zlat: "Злат"
 cn_zlat_adj: "Златск"
 cn_yuman: "Юман"
 cn_yuman_adj: "Юманск"
 cn_ozera: "Озера"
 cn_ozera_adj: "Озерск"
 cn_alapa: "Алапа"
 cn_alapa_adj: "Алапск"
 cn_kamyk: "Камык"
 cn_kamyk_adj: "Камыкск"
 cn_chadra: "Шадра"
 cn_chadra_adj: "Шадрск"
 cn_baklana: "Баклана"
 cn_baklana_adj: "Бакланск"
 cn_chelab: "Челяб"
 cn_chelab_adj: "Челябск"
 #Mongolia
 cn_kuznetsk: "Кузнецк"
 cn_udinsk: "Удинск"
 cn_irkutsk: "Иркутск"
 cn_gorlog: "Горлог"
 cn_kim_sug: "Ким Суг"
 cn_krasnoyarsk: "Красноярск"
 cn_kansk: "Канск"
 cn_chuna_valley: "Чунская долина"
 cn_chuna: "Чуна"
 cn_bratsk: "Братск"
 cn_eulkhe: "Еюлхе"
 cn_lena: "Лена"
 cn_angar: "Ангар"
 #Northern Isles
 cn_nordreyjar_article: ""
 cn_nordreyjar: "Нордрейяр"
 cn_nordreyjar_adj: "Нордрейярск"
 cn_kirkuvag: "Киркьюваг"
 cn_kirkuvag_adj: "Киркьювагск"
 cn_kyrkovik: "Кюрковик"
 cn_kyrkovik_adj: "Кюрковикск"
 cn_icluasctreh: "Иклуасктрех"
 cn_icluasctreh_adj: "Иклуасктрехск"
 cn_eglwystref: "Эглуистрев"
 cn_eglwystref_adj: "Эглуистревск"
 cn_baile_na_h_eaglais: "Бале на х-Аглаш"
 cn_baile_na_h_eaglais_adj: "Аглашск"
 cn_torshavn: "Торсхавн"
 cn_torshavn_adj: "Торсхавнск"
 cn_pirth_taran: "Пирт-Таран"
 cn_pirth_taran_adj: "Пирт-Таранск"
 cn_porth_taran: "Порт-Таран"
 cn_porth_taran_adj: "Порт-Таранск"
 cn_port_turenn: "Порт-Туренн"
 cn_port_turenn_adj: "Порт-Туреннск"
 cn_skalavagr: "Скалаваг"
 cn_skalavagr_adj: "Скалавагск"
 cn_bachuuon_maurt: "Бахууон-Маурт"
 cn_bachuuon_maurt_adj: "Бахууон-Мауртск"
 cn_bachwyon_mawrty: "Бахвион-Маурти"
 cn_bachwyon_mawrty_adj: "Бахвион-Мауртинск"
 cn_batin_mortaigh: "Батин-Морти"
 cn_batin_mortaigh_adj: "Батин-Мортинск"
 cn_hjaltland: "Хьяльтланд"
 cn_hjaltland_adj: "Хьяльтландск"
 cn_orkneyjar: "Оркнейяр"
 cn_orkneyjar_adj: "Оркнейярск"
 #Finland
 cn_raseborg: "Расеборг"
 cn_raseborg_adj: "Расеборгск"
 cn_veckelax: "Векелакс"
 cn_veckelax_adj: "Векелакск"
 cn_satakunda: "Сатакунда"
 cn_satakunda_adj: "Сатакундск"
 cn_aland_SWE: "Оланд"
 cn_aland_SWE_adj: "Аландск"
 cn_ahvenanmaa: "Ахвенанмаа"
 cn_ahvenanmaa_adj: "Ахвенанмааск"
 cn_olofsborg: "Олофсборг"
 cn_olofsborg_adj: "Олофсборгск"
 cn_olavsborg: "Олавсборг"
 cn_olavsborg_adj: "Олавсборгск"
 cn_st_michel: "Санкт-Микель"
 cn_st_michel_adj: "Санкт-Микельск"
 cn_pedersore: "Педерсере"
 cn_pedersore_adj: "Педерсерск"
 cn_korsholm: "Корсхольм"
 cn_korsholm_adj: "Корсхольмск"
 cn_kexholm: "Кексгольм"
 cn_kexholm_adj: "Кексгольмск"
 cn_korela: "Корела"
 cn_korela_adj: "Корельск"
 cn_bjorko: "Бьерке"
 cn_bjorko_adj: "Бьеркейск"
 cn_beryozovskoye: "Березовское"
 cn_beryozovskoye_adj: "Березовск"
 cn_viborg: "Виборг"
 cn_viborg_adj: "Виборгск"
 cn_wiborg: "Виборг"
 cn_wiborg_adj: "Виборгск"
 cn_viiburi: "Виибури"
 cn_viiburi_adj: "Виибурийск"
 cn_sordavala: "Сордавала"
 cn_sordavala_adj: "Сордавальск"
 cn_serdovol: "Сердоволь"
 cn_serdovol_adj: "Сердовольск"
 cn_onegaborg: "Онегаборг"
 cn_onegaborg_adj: "Онегаборгск"
 #Sweden
 cn_enkoping: "Энчепинг"
 cn_enkoping_adj: "Энчепингск"
 cn_enkobing: "Энкебинг"
 cn_enkobing_adj: "Энкебингск"
 cn_nyokoping: "Нючепинг"
 cn_nyokoping_adj: "Нючепингск"
 cn_nyokobing: "Нюкебинг"
 cn_nyokobing_adj: "Нюкебингск"
 cn_vesteras: "Вестерос"
 cn_vesteras_adj: "Вестеросск"
 cn_lodose_NORWDAN: "Ледесе"
 cn_lodose_NORWDAN_adj: "Ледесенск"
 cn_falkoping_NORW: "Фальчепинг"
 cn_falkoping_NORW_adj: "Фальчепингск"
 cn_falkobing: "Фалькебинг"
 cn_falkobing_adj: "Фалькебингск"
 cn_soderkoping: "Седерчепинг"
 cn_soderkoping_adj: "Седерчепингск"
 cn_soderkobing: "Седеркебинг"
 cn_soderkobing_adj: "Седеркебингск"
 cn_linkoping: "Линчепинг"
 cn_linkoping_adj: "Линчепингск"
 cn_linkobing: "Линкебинг"
 cn_linkobing_adj: "Линкебингск"
 cn_skaenninge: "Шеннинге"
 cn_skaenninge_adj: "Шеннингск"
 cn_vexjo: "Векше"
 cn_vexjo_adj: "Векшеск"
 #Sapmi
 cn_lapland: "Лапландия"
 cn_lapland_adj: "Лапландск"
 cn_lappland: "Лапландия"
 cn_lappland_adj: "Лапландск"
 cn_jokkmokk: "Йоккмокк"
 cn_jokkmokk_adj: "Йоккмоккск"
 cn_asele: "Оселе"
 cn_asele_adj: "Осельск"
 cn_kultsjon: "Культшен"
 cn_kultsjon_adj: "Культшенск"
 cn_volgsjo: "Вольгше"
 cn_volgsjo_adj: "Вольгшеск"
 cn_umea: "Умео"
 cn_umea_adj: "Умеоск"
 cn_storuman: "Стуруман"
 cn_storuman_adj: "Стуруманск"
 cn_pitea: "Питео"
 cn_pitea_adj: "Питеоск"
 cn_arvidsjaur: "Арвидсъяур"
 cn_arvidsjaur_adj: "Арвидсъяурск"
 cn_lulea: "Лулео"
 cn_lulea_adj: "Лулеоск"
 cn_kalix: "Каликс"
 cn_kalix_adj: "Каликсск"
 cn_tornea: "Турнео"
 cn_tornea_adj: "Турнеоск"
 cn_tornio: "Торнио"
 cn_tornio_adj: "Торниоск"
 cn_kittila: "Киттиля"
 cn_kittila_adj: "Киттильск"
 cn_enare_trask: "Энаре Треск"
 cn_enare_trask_adj: "Энарск"
 cn_inarijarvi: "Инариярви"
 cn_inarijarvi_adj: "Инариярвск"
 cn_sodankyla: "Соданкюля"
 cn_sodankyla_adj: "Соданкюльск"
 cn_kemijarvi: "Кемиярви"
 cn_kemijarvi_adj: "Кемиярвск"
 cn_koulajarvi: "Куолаярви"
 cn_koulajarvi_adj: "Куолаярвск"
 cn_kemi: "Кеми"
 cn_kemi_adj: "Кемийск"
 cn_kildin: "Кильдин"
 cn_kildin_adj: "Кильдинск"
 cn_voronye: "Воронье"
 cn_voronye_adj: "Воронск"
 cn_pulozero: "Пулозеро"
 cn_pulozero_adj: "Пулозерск"
 cn_maaselka: "Мааселькя"
 cn_maaselka_adj: "Мааселькяск"
 cn_pechengsky: "Печенга"
 cn_pechengsky_adj: "Печенгск"
 cn_petsamo: "Петсамо"
 cn_petsamo_adj: "Петсамск"
 cn_priretjnyj: "Приречный"
 cn_priretjnyj_adj: "Приреченск"
 cn_suonikyla: "Суоникюля"
 cn_suonikyla_adj: "Суоникюльск"
 cn_motovsky: "Мотовский"
 cn_motovsky_adj: "Мотовск"
 cn_muotka: "Муотка"
 cn_muotka_adj: "Муоткинск"
 cn_notozero: "Нотозеро"
 cn_notozero_adj: "Нотозерск"
 cn_nourtijarvi: "Ноуртиярви"
 cn_nourtijarvi_adj: "Ноуртиярвск"
 cn_babinsky: "Бабинский"
 cn_babinsky_adj: "Бабинск"
 cn_akkala: "Аккала"
 cn_akkala_adj: "Аккальск"
 cn_ekostrovsky: "Экостровский"
 cn_ekostrovsky_adj: "Экостровск"
 cn_girvasozero: "Гирвасозеро"
 cn_girvasozero_adj: "Гирвасозерск"
 cn_hirvas_jarvi: "Хирвасъярви"
 cn_hirvas_jarvi_adj: "Хирвасъярвск"
 cn_lovozero: "Ловозеро"
 cn_lovozero_adj: "Ловозерск"
 cn_lyavozero: "Лявозеро"
 cn_lyavozero_adj: "Лявозерск"
 cn_varzino: "Варзино"
 cn_varzino_adj: "Варзиновск"
 cn_yokanga: "Йоканга"
 cn_yokanga_adj: "Йокангск"
 cn_kuroptevsky: "Куроптевский"
 cn_kuroptevsky_adj: "Куроптевск"
 cn_kamensky: "Каменский"
 cn_kamensky_adj: "Каменск"
 cn_ponoy: "Поной"
 cn_ponoy_adj: "Понойск"
 cn_sosnovka: "Сосновка"
 cn_sosnovka_adj: "Сосновск"
 #Norway and Iceland
 cn_noregr: "Норвегия"
 cn_noregr_adj: "Норвежск"
 cn_alfheimar: "Альвхеймар"
 cn_alfheimar_adj: "Альвхеймарск"
 cn_jamtland: "Емтланд"
 cn_jamtland_adj: "Емтландск"
 cn_trums: "Трумс"
 cn_trums_adj: "Трумсск"
 cn_b_trums: "Трумс"
 cn_oksfjord: "Икснафьерд"
 cn_rafsbotn: "Равсботн"
 cn_vardo: "Вардей"
 cn_vardo_adj: "Вардейск"
 cn_vargo: "Варгей"
 cn_vargo_adj: "Варгейск"
 cn_porsanger: "Воссанг"
 cn_kollefjord: "Кюллифьерд"
 cn_b_vargo: "Варгей"
 cn_b_vardo: "Вардей"
 cn_finnmork: "Финмерк"
 cn_island: "Исланд"
 #Southern Isles & Norse Scotland
 cn_katanes: "Катанес"
 cn_katanes_adj: "Катанесск"
 cn_c_katanes: "Катанес"
 cn_c_katanes_adj: "Катанесск"
 cn_vik: "Вик"
 cn_thorsa: "Торса"
 cn_sudrland: "Судланд"
 cn_sudrland_adj: "Судландск"
 cn_hjalmundalr: "Хьяльмундаль"
 cn_dyrnes: "Дюрнес"
 cn_sudreyjar_article: ""
 cn_sudreyjar: "Судрейяр"
 cn_sudreyjar_adj: "Судрейярск"
 cn_innri_sudreyjar_article: ""
 cn_innri_sudreyjar: "Инри-Судрейяр"
 cn_innri_sudreyjar_adj: "Внутреннесудрейярск"
 cn_il: "Иль"
 cn_myl: "Мюль"
 cn_hereyjar: "Херейяр"
 cn_ytri_sudreyjar_article: ""
 cn_ytri_sudreyjar: "Итри-Судрейяр"
 cn_ytri_sudreyjar_adj: "Внешнесудрейярск"
 cn_skid: "Скид"
 cn_ljodhus: "Льодхус"
 cn_vist_article: ""
 cn_vist: "Ивист"
 cn_argjall: "Аргьяль"
 cn_argjall_adj: "Аргьяльск"
 cn_mylarsund: "Мюларсунд"
 cn_kjarbarey: "Кьярбарей"
 cn_lokolofni: "Локоловни"
 cn_dysjarstadr: "Дюсьярстад"
 cn_mon_article: ""
 cn_mon: "Мен"
 cn_mon_adj: "Менск"
 cn_c_mon_article: ""
 cn_c_mon: "Мен"
 cn_c_mon_adj: "Менск"
 cn_hramsa: "Храмса"
 cn_holmatun: "Хольматун"
 cn_ros: "Рос"
 cn_ros_adj: "Росск"
 cn_husavik: "Хусавик"
 cn_husavik_adj: "Хусавикск"
 #Denmark
 cn_nastved: "Нествед"
 cn_nastved_adj: "Нестведск"
 cn_naestved: "Нествед"
 cn_naestved_adj: "Нестведск"
 cn_ahus: "Охус"
 cn_ahus_adj: "Охусск"
 cn_avaskaer: "Аваскер"
 cn_avaskaer_adj: "Аваскерск"
 cn_arhus: "Орхус"
 cn_arhus_adj: "Орхусск"
 cn_alborg: "Ольборг"
 cn_alborg_adj: "Ольборгск"
 cn_heidabyr: "Хейдабюр"
 cn_heidabyr_adj: "Хейдабюрск"
 cn_abenra: "Обенро"
 cn_abenra_adj: "Обенроск"
 cn_apenrade: "Апенраде"
 cn_apenrade_adj: "Апенрадск"
 #Britannia
 cn_bamborg: "Бамборг"
 cn_bamborg_adj: "Бамборгск"
 cn_djuraby: "Дьюрабю"
 cn_djuraby_adj: "Дьюрабюск"
 cn_clun: "Клин"
 cn_clun_adj: "Клинск"
 cn_caer_gybi: "Кайр-Гиби"
 cn_caer_gybi_adj: "Кайр-Гибск"
 cn_dinbych: "Динбих"
 cn_dinbych_adj: "Динбихск"
 cn_wrecsam: "Урексам"
 cn_wrecsam_adj: "Урексамск"
 cn_rhuthun: "Ритин"
 cn_rhuthun_adj: "Ритинск"
 cn_y_trallwng: "И-Траллунг"
 cn_y_trallwng_adj: "И-Траллунгск"
 cn_machynlleth: "Махинллет"
 cn_machynlleth_adj: "Махинллетск"
 cn_caerfyrddin: "Кайрвиртин"
 cn_caerfyrddin_adj: "Кайрвиртинск"
 cn_llanymddyfri: "Лланимтиври"
 cn_llanymddyfri_adj: "Лланимтиврийск"
 cn_penfro: "Пенвро"
 cn_penfro_adj: "Пенвроск"
 cn_tyddewi: "Титеуи"
 cn_tyddewi_adj: "Титеуиск"
 cn_abergwaun: "Абергуайн"
 cn_abergwaun_adj: "Абергуайнск"
 cn_abertawe: "Абертаве"
 cn_abertawe_adj: "Абертавеск"
 cn_dyflinn: "Дювлинн"
 cn_dyflinn_adj: "Дювлиннск"
 cn_dubhlinn: "Дувлинн"
 cn_dubhlinn_adj: "Дувлиннск"
 cn_dulyn: "Дилин"
 cn_dulyn_adj: "Дилинск"
 cn_cill_mhantain: "Килл-Вантан"
 cn_cill_mhantain_adj: "Килл-Вантанск"
 cn_cill_dara: "Килл-Дара"
 cn_cill_dara_adj: "Килл-Дарск"
 cn_baile_atha_troim: "Бале-Оха-Тром"
 cn_baile_atha_troim_adj: "Бале-Оха-Тромск"
 cn_droichead_atha: "Дрохад-Оха"
 cn_droichead_atha_adj: "Дрохад-Охск"
 cn_strangfjord: "Странгфьорд"
 cn_strangfjord_adj: "Странгфьордск"
 cn_strangfjordr: "Странгфьерд"
 cn_strangfjordr_adj: "Странгфьердск"
 cn_dun_padraig: "Дун-Подраг"
 cn_dun_padraig_adj: "Дун-Подрагск"
 cn_carraig_fhearghais: "Карраг-Эйргас"
 cn_carraig_fhearghais_adj: "Карраг-Эйргасск"
 cn_kerlingfjord: "Керлингфьорд"
 cn_kerlingfjord_adj: "Керлингфьордск"
 cn_kerlingfrjordr: "Керлингафьерд"
 cn_kerlingfrjordr_adj: "Керлингафьердск"
 cn_dun_dealgan: "Дун-Дейлган"
 cn_dun_dealgan_adj: "Дун-Дейлганск"
 cn_ard_mhacha: "Ард-Ваха"
 cn_ard_mhacha_adj: "Ард-Вахск"
 cn_baile_atha_fhirdhia: "Бале-Оха-Ирия"
 cn_baile_atha_fhirdhia_adj: "Бале-Оха-Ирийск"
 cn_dun_na_ngall: "Дун-на-Налл"
 cn_dun_na_ngall_adj: "Дун-на-Налльск"
 cn_rath_bhoth: "Ро-Во"
 cn_rath_bhoth_adj: "Ро-Воск"
 cn_fathain: "Фахан"
 cn_fathain_adj: "Фаханск"
 cn_daire_coluimb_chille: "Даре-Колумб-Хилле"
 cn_daire_coluimb_chille_adj: "Даре-Колумб-Хилльск"
 cn_ulfkelsfjordr: "Ульвкельсфьерд"
 cn_ulfkelsfjordr_adj: "Ульвкельсфьердск"
 cn_dun_bhun_na_gaillimhe: "Дун-Вун-на-Галливе"
 cn_dun_bhun_na_gaillimhe_adj: "Дун-Вун-на-Галливск"
 cn_droim_ath_thiar: "Дром-О-Хир"
 cn_droim_ath_thiar_adj: "Дром-О-Хирск"
 cn_an_longphort: "Ан-Лонгфорт"
 cn_an_longphort_adj: "Ан-Лонгфортск"
 cn_an_cabhan: "Ан-Кавон"
 cn_an_cabhan_adj: "Ан-Кавонск"
 cn_veisafjord: "Вейсафьорд"
 cn_veisafjord_adj: "Вейсафьордск"
 cn_veisafjordr: "Вейсафьерд"
 cn_veisafjordr_adj: "Вейсафьердск"
 cn_loch_garman: "Лох-Гарман"
 cn_loch_garman_adj: "Лох-Гарманск"
 cn_inis_corthaidh: "Иниш-Корха"
 cn_inis_corthaidh_adj: "Иниш-Корхаск"
 cn_fearna_mor_maedhog: "Фейрна-Мор-Мейдог"
 cn_fearna_mor_maedhog_adj: "Фейрна-Мор-Мейдогск"
 cn_ceatharlach: "Кейхарлах"
 cn_ceatharlach_adj: "Кейхарлахск"
 cn_gabhran: "Гаврон"
 cn_gabhran_adj: "Гавронск"
 cn_cill_chainnigh: "Килл-Ханни"
 cn_cill_chainnigh_adj: "Килл-Ханнийск"
 cn_hlymrek: "Хлюмрек"
 cn_hlymrek_adj: "Хлюмрекск"
 cn_lymrek: "Люмрек"
 cn_lymrek_adj: "Люмрекск"
 cn_luimneach: "Люмнах"
 cn_luimneach_adj: "Люмнахск"
 cn_inis: "Иниш"
 cn_inis_adj: "Инишск"
 cn_aonach_urmhumhan: "Инах-Урвуван"
 cn_aonach_urmhumhan_adj: "Инах-Урвуванск"
 cn_ros_cre: "Рос-Кре"
 cn_ros_cre_adj: "Рос-Креск"
 cn_vedrafjord: "Ведрафьорд"
 cn_vedrafjord_adj: "Ведрафьордск"
 cn_vedrafjordr: "Ведрафьерд"
 cn_vedrafjordr_adj: "Ведрафьердск"
 cn_port_lairge: "Порт-Ларге"
 cn_port_lairge_adj: "Порт-Ларгеск"
 cn_imleach_iubhair: "Имлейх-Юр"
 cn_imleach_iubhair_adj: "Имлейх-Юрск"
 cn_cluain_meala: "Клуан-Мейла"
 cn_cluain_meala_adj: "Клуан-Мейльск"
 cn_corcaigh: "Корка"
 cn_corcaigh_adj: "Коркск"
 cn_amwythig: "Амуитиг"
 cn_amwythig_adj: "Амуитигск"
 #Cyprus
 cn_kibris: "Кыбрыс"
 cn_kibris_adj: "Кыбрысск"
 cn_lefkosa: "Лефкоша"
 cn_lefkosa_adj: "Лефкошск"
 cn_leymosun: "Леймосун"
 cn_leymosun_adj: "Леймосунск"
 cn_baf: "Баф"
 cn_baf_adj: "Бафск"
 cn_magusa: "Магуса"
 cn_magusa_adj: "Магусск"
 cn_kyrenia: "Кирения"
 cn_kyrenia_adj: "Киренийск"
 cn_girne: "Гирне"
 cn_girne_adj: "Гирнск"
 #Anatolia
 cn_iznik: "Изник"
 cn_iznik_adj: "Изникск"
 cn_aydincik: "Айдынджик"
 cn_aydincik_adj: "Айдынджикск"
 cn_uluabat: "Улуабат"
 cn_uluabat_adj: "Улуабатск"
 cn_misya: "Мисья"
 cn_misya_adj: "Мисийск"
 cn_mihalic: "Михалич"
 cn_mihalic_adj: "Михаличск"
 cn_alexa: "Алеxа"
 cn_alexa_adj: "Алеxск"
 cn_golyazi: "Гельязы"
 cn_golyazi_adj: "Гельязск"
 cn_orhaneli: "Орханели"
 cn_orhaneli_adj: "Орханелийск"
 cn_bursa: "Бурса"
 cn_bursa_adj: "Бурсск"
 cn_tahtali: "Тахталы"
 cn_tahtali_adj: "Тахтальск"
 cn_ahmetler: "Ахметлер"
 cn_ahmetler_adj: "Ахметлерск"
 cn_frigya: "Фригья"
 cn_frigya_adj: "Фригийск"
 cn_gordiyon: "Гордий"
 cn_gordiyon_adj: "Гордийск"
 cn_harmanlar: "Харманлар"
 cn_harmanlar_adj: "Харманларск"
 cn_sarhoyuk: "Шархеюк"
 cn_sarhoyuk_adj: "Шархеюкск"
 cn_ballihisar: "Баллыхисар"
 cn_ballihisar_adj: "Баллыхисарск"
 cn_ephesos: "Эфес"
 cn_ephesos_adj: "Эфесск"
 cn_efes: "Эфес"
 cn_efes_adj: "Эфесск"
 cn_iyonya: "Ийонья"
 cn_iyonya_adj: "Ийонийск"
 cn_izmir: "Измир"
 cn_izmir_adj: "Измирск"
 cn_halikarnas: "Галикарнас"
 cn_halikarnas_adj: "Галикарнасск"
 cn_iasos: "Ясос"
 cn_iasos_adj: "Ясосск"
 cn_kiyikislacik: "Кыйыкышладжик"
 cn_kiyikislacik_adj: "Кыйыкышладжикск"
 cn_milet: "Милет"
 cn_milet_adj: "Милетск"
 cn_lebedos: "Лебедос"
 cn_lebedos_adj: "Лебедосск"
 cn_aiolis: "Эолис"
 cn_aiolis_adj: "Эолисск"
 cn_foca: "Фоча"
 cn_foca_adj: "Фочск"
 cn_bergama: "Бергама"
 cn_bergama_adj: "Бергамск"
 cn_adramyttion: "Адрамиттий"
 cn_adramyttion_adj: "Адрамиттск"
 cn_oren: "Орен"
 cn_oren_adj: "Оренск"
 cn_thrakesion: "Фракесий"
 cn_thrakesion_adj: "Фракесийск"
 cn_trakya: "Тракья"
 cn_trakya_adj: "Тракийск"
 cn_lidya: "Лидья"
 cn_lidya_adj: "Лидийск"
 cn_alasehir: "Алашехир"
 cn_alasehir_adj: "Алашехирск"
 cn_sardis: "Сарды"
 cn_sardis_adj: "Сардск"
 cn_bage: "Баге"
 cn_bage_adj: "Багск"
 cn_sivasli: "Сиваслы"
 cn_sivasli_adj: "Сиваслийск"
 cn_akhisar: "Акхисар"
 cn_akhisar_adj: "Акхисарск"
 cn_antalya: "Анталья"
 cn_antalya_adj: "Антальск"
 cn_diskaya: "Дышкая"
 cn_diskaya_adj: "Дышкайск"
 cn_dursunbey: "Дурсунбей"
 cn_dursunbey_adj: "Дурсунбейск"
 cn_akcaalan: "Акчаалан"
 cn_akcaalan_adj: "Акчааланск"
 cn_honaz: "Хоназ"
 cn_honaz_adj: "Хоназск"
 cn_laodikeia: "Лаодикея"
 cn_laodikeia_adj: "Лаодикейск"
 cn_milas: "Милас"
 cn_milas_adj: "Миласск"
 cn_apameia_kibotos: "Апамея-Кибот"
 cn_apameia_kibotos_adj: "Апамея-Киботск"
 cn_optimatoi: "Оптиматы"
 cn_optimatoi_adj: "Оптиматск"
 cn_bitinya: "Битинья"
 cn_bitinya_adj: "Битинск"
 cn_kalkedon: "Калкедон"
 cn_kalkedon_adj: "Калкедонск"
 cn_sile: "Шиле"
 cn_sile_adj: "Шильск"
 cn_izmit: "Измит"
 cn_izmit_adj: "Измитск"
 cn_tarsiye: "Тарсие"
 cn_tarsiye_adj: "Тарсийск"
 cn_konuralp: "Конуралп"
 cn_konuralp_adj: "Конуралпск"
 cn_mudurnu: "Мудурну"
 cn_mudurnu_adj: "Мудурнуйск"
 cn_boukellarion: "Вукелларии"
 cn_boukellarion_adj: "Вукелларийск"
 cn_bukellarion: "Букелларион"
 cn_bukellarion_adj: "Букелларионск"
 cn_karadeniz_eregli: "Карадениз-Эрегли"
 cn_karadeniz_eregli_adj: "Карадениз-Эреглийск"
 cn_bolu: "Болу"
 cn_bolu_adj: "Больск"
 cn_krateia: "Кратея"
 cn_krateia_adj: "Кратейск"
 cn_gerede: "Гереде"
 cn_gerede_adj: "Гередск"
 cn_galatlar: "Галатлар"
 cn_galatlar_adj: "Галатларск"
 cn_ankara: "Анкара"
 cn_ankara_adj: "Анкарск"
 cn_yassihuyuk: "Яссыхююк"
 cn_yassihuyuk_adj: "Яссыхююкск"
 cn_balikuyumcu: "Балыкуюмджу"
 cn_balikuyumcu_adj: "Балыкуюмджуск"
 cn_cankiri: "Чанкыры"
 cn_cankiri_adj: "Чанкырск"
 cn_sorsovus: "Сорсавуш"
 cn_sorsovus_adj: "Сорсавушск"
 cn_buyuk_nefes: "Бююк-Нефес"
 cn_buyuk_nefes_adj: "Бююк-Нефесск"
 cn_edirne: "Эдирне"
 cn_edirne_adj: "Эдирнск"
 cn_sarilar: "Сарылар"
 cn_sarilar_adj: "Сарыларск"
 cn_beypazari: "Бейпазары"
 cn_beypazari_adj: "Бейпазарск"
 cn_anatolikon: "Анатолик"
 cn_anatolikon_adj: "Анатоликск"
 cn_anadolu: "Анадолу"
 cn_anadolu_adj: "Анадольск"
 cn_kilikia: "Киликия"
 cn_kilikia_adj: "Киликийск"
 cn_kilikya: "Киликья"
 cn_kilikya_adj: "Киликийск"
 cn_tarsus: "Тарсус"
 cn_tarsus_adj: "Тарсусск"
 cn_adana: "Адана"
 cn_adana_adj: "Аданск"
 cn_karatas: "Караташ"
 cn_karatas_adj: "Караташск"
 cn_anavarza: "Анаварза"
 cn_anavarza_adj: "Анаварзск"
 cn_basmakci: "Башмакчи"
 cn_basmakci_adj: "Башмакчийск"
 cn_pozanti: "Позанты"
 cn_pozanti_adj: "Позантск"
 cn_seleukia: "Селевкия"
 cn_seleukia_adj: "Селевкийск"
 cn_silifke: "Силифке"
 cn_silifke_adj: "Силифкск"
 cn_kiz_kalesi: "Кыз-Калеси"
 cn_kiz_kalesi_adj: "Кыз-Калесийск"
 cn_ninica: "Ниниджа"
 cn_ninica_adj: "Ниниджск"
 cn_lykandos: "Ликанд"
 cn_lykandos_adj: "Ликандск"
 cn_sar: "Шар"
 cn_sar_adj: "Шарск"
 cn_afsin: "Афшин"
 cn_afsin_adj: "Афшинск"
 cn_goksun: "Гексун"
 cn_goksun_adj: "Гексунск"
 cn_issus: "Исс"
 cn_issus_adj: "Иссийск"
 cn_issos: "Иссос"
 cn_issos_adj: "Иссосск"
 cn_hierapolis: "Иераполь"
 cn_hierapolis_adj: "Иерапольск"
 cn_castabala: "Кастабала"
 cn_castabala_adj: "Кастабальск"
 cn_aegeae: "Эги"
 cn_aegeae_adj: "Эгийск"
 cn_yumurtalik: "Юмурталык"
 cn_yumurtalik_adj: "Юмурталыкск"
 cn_kibyrrhaiotai: "Кивирреоты"
 cn_kibyrrhaiotai_adj: "Кивирреотск"
 cn_kibirreoton: "Кибирреотон"
 cn_kibirreoton_adj: "Кибирреотонск"
 cn_lykia: "Ликия"
 cn_lykia_adj: "Ликийск"
 cn_likya: "Ликья"
 cn_likya_adj: "Ликийск"
 cn_faselis: "Фаселис"
 cn_faselis_adj: "Фаселисск"
 cn_limira: "Лимира"
 cn_limira_adj: "Лимирск"
 cn_oura: "Оура"
 cn_oura_adj: "Оурск"
 cn_karia: "Кария"
 cn_karia_adj: "Карийск"
 cn_karya: "Карья"
 cn_karya_adj: "Карийск"
 cn_fethiye: "Фетхие"
 cn_fethiye_adj: "Фетхийск"
 cn_golhisar: "Гельхисар"
 cn_golhisar_adj: "Гельхисарск"
 cn_afrodisias: "Афродисиас"
 cn_afrodisias_adj: "Афродисиасск"
 cn_pamfilya: "Памфилья"
 cn_pamfilya_adj: "Памфилийск"
 cn_anamur: "Анамур"
 cn_anamur_adj: "Анамурск"
 cn_selinunte: "Селинунте"
 cn_selinunte_adj: "Селинунтск"
 cn_alanya: "Аланья"
 cn_alanya_adj: "Аланск"
 cn_lykaonia: "Ликаония"
 cn_lykaonia_adj: "Ликаонийск"
 cn_likaonya: "Ликаонья"
 cn_likaonya_adj: "Ликаонийск"
 cn_konya: "Конья"
 cn_konya_adj: "Конийск"
 cn_hatunsaray: "Хатунсарай"
 cn_hatunsaray_adj: "Хатунсарайск"
 cn_yunuslar: "Юнуслар"
 cn_yunuslar_adj: "Юнусларск"
 cn_ladik: "Ладик"
 cn_ladik_adj: "Ладикск"
 cn_cavdarhisar: "Чавдархисар"
 cn_cavdarhisar_adj: "Чавдархисарск"
 cn_seyitgazi: "Сейитгази"
 cn_seyitgazi_adj: "Сейитгазийск"
 cn_midaion: "Мидей"
 cn_midaion_adj: "Мидейск"
 cn_karahuyuk: "Карахююк"
 cn_karahuyuk_adj: "Карахююкск"
 cn_dorylaion: "Дорилей"
 cn_dorylaion_adj: "Дорилейск"
 cn_simav: "Симав"
 cn_simav_adj: "Симавск"
 cn_pisidya: "Писидья"
 cn_pisidya_adj: "Писидийск"
 cn_uluborlu: "Улуборлу"
 cn_uluborlu_adj: "Улуборлуск"
 cn_aglasun: "Агласун"
 cn_aglasun_adj: "Агласунск"
 cn_barla: "Барла"
 cn_barla_adj: "Барлинск"
 cn_altinkaya: "Алтынкая"
 cn_altinkaya_adj: "Алтынкайск"
 cn_sagrak: "Саграк"
 cn_sagrak_adj: "Сагракск"
 cn_dalayman: "Далайман"
 cn_dalayman_adj: "Далайманск"
 cn_bostandere: "Бостандере"
 cn_bostandere_adj: "Бостандерск"
 cn_beysehir: "Бейшехир"
 cn_beysehir_adj: "Бейшехирск"
 cn_bati_galatya: "Баты-Галатья"
 cn_bati_galatya_adj: "Баты-Галатск"
 cn_bolvadin: "Болвадин"
 cn_bolvadin_adj: "Болвадинск"
 cn_ilgin: "Ылгын"
 cn_ilgin_adj: "Ылгынск"
 cn_hisarkoy: "Хисаркей"
 cn_hisarkoy_adj: "Хисаркейск"
 cn_yalvac: "Ялвач"
 cn_yalvac_adj: "Ялвачск"
 cn_kiyakdede: "Кыякдеде"
 cn_kiyakdede_adj: "Кыякдедск"
 cn_bozkir: "Бозкыр"
 cn_bozkir_adj: "Бозкырск"
 cn_karaman: "Караман"
 cn_karaman_adj: "Караманск"
 cn_kerti_huruk: "Керти-Хююк"
 cn_kerti_huruk_adj: "Керти-Хююкск"
 cn_kizilkale: "Кызылкале"
 cn_kizilkale_adj: "Кызылкалинск"
 cn_kappadokia: "Каппадокия"
 cn_kappadokia_adj: "Каппадокийск"
 cn_kapadokya: "Кападокья"
 cn_kapadokya_adj: "Каппадокийск"
 cn_kemerhisar: "Кемерхисар"
 cn_kemerhisar_adj: "Кемерхисарск"
 cn_ortakuyu: "Ортакую"
 cn_ortakuyu_adj: "Ортакуюск"
 cn_aksaray: "Аксарай"
 cn_aksaray_adj: "Аксарайск"
 cn_nenizi: "Ненизи"
 cn_nenizi_adj: "Ненизийск"
 cn_eregli: "Эрегли"
 cn_eregli_adj: "Эреглийск"
 cn_alt_galatya: "Алт-Галатья"
 cn_alt_galatya_adj: "Алт-Галатск"
 cn_degirmenyolu: "Дегирменьолу"
 cn_degirmenyolu_adj: "Дегирменьольск"
 cn_karahamzili: "Карахамзылы"
 cn_karahamzili_adj: "Карахамзылск"
 cn_paflagonya: "Пафлагонья"
 cn_paflagonya_adj: "Пафлагонск"
 cn_amasra: "Амасра"
 cn_amasra_adj: "Амасрск"
 cn_karaagac_limani: "Караагач-Лиманы"
 cn_karaagac_limani_adj: "Караагач-Лиманск"
 cn_inebolu: "Инеболу"
 cn_inebolu_adj: "Инебольск"
 cn_istifan: "Истифан"
 cn_istifan_adj: "Истифанск"
 cn_taskopru: "Ташкепрю"
 cn_taskopru_adj: "Ташкепрюйск"
 cn_kastamonu: "Кастамону"
 cn_kastamonu_adj: "Кастамонск"
 cn_aday: "Адай"
 cn_aday_adj: "Адайск"
 cn_candere: "Джандере"
 cn_candere_adj: "Джандерск"
 cn_pervane: "Перване"
 cn_pervane_adj: "Перванск"
 cn_amasya: "Амасья"
 cn_amasya_adj: "Амасийск"
 cn_bafra: "Бафра"
 cn_bafra_adj: "Бафрск"
 cn_samsun: "Самсун"
 cn_samsun_adj: "Самсунск"
 cn_kale: "Кале"
 cn_kale_adj: "Калинск"
 cn_elvan_celebi: "Эльван-Челеби"
 cn_elvan_celebi_adj: "Эльван-Челебийск"
 cn_sinop: "Синоп"
 cn_sinop_adj: "Синопск"
 cn_cayagzi: "Чаягзы"
 cn_cayagzi_adj: "Чаягзийск"
 cn_vezirkopru: "Везиркепрю"
 cn_vezirkopru_adj: "Везиркепрюйск"
 cn_beyozu: "Бейезю"
 cn_beyozu_adj: "Бейезюйск"
 cn_osmancik: "Османджик"
 cn_osmancik_adj: "Османджикск"
 cn_kerkenes_dag: "Керкенес-Даг"
 cn_kerkenes_dag_adj: "Керкенес-Дагск"
 cn_zile: "Зиле"
 cn_zile_adj: "Зильск"
 cn_kilicli: "Кылычлы"
 cn_kilicli_adj: "Кылычлийск"
 cn_musalim_kalesi: "Мушалым-Калеси"
 cn_musalim_kalesi_adj: "Мушалым-Калесийск"
 cn_sivas: "Сивас"
 cn_sivas_adj: "Сивасск"
 cn_sulusaray: "Сулусарай"
 cn_sulusaray_adj: "Сулусарайск"
 cn_aksehir: "Акшехир"
 cn_aksehir_adj: "Акшехирск"
 cn_sarkisla: "Шаркышла"
 cn_sarkisla_adj: "Шаркышлийск"
 cn_viransehir: "Вираншехир"
 cn_viransehir_adj: "Вираншехирск"
 cn_kangal: "Кангал"
 cn_kangal_adj: "Кангальск"
 cn_gurun: "Гюрюн"
 cn_gurun_adj: "Гюрюнск"
 cn_tanir: "Танир"
 cn_tanir_adj: "Танирск"
 cn_kuskalesi: "Кушкалеси"
 cn_kuskalesi_adj: "Кушкалесийск"
 cn_elbistan: "Эльбистан"
 cn_elbistan_adj: "Эльбистанск"
 cn_darende: "Даренде"
 cn_darende_adj: "Дарендск"
 cn_demircilik: "Демирджилик"
 cn_demircilik_adj: "Демирджиликск"
 cn_rum: "Рум"
 cn_rum_adj: "Руми"
 cn_harsianon: "Харсианон"
 cn_harsianon_adj: "Харсианонск"
 cn_yerkoy_kaplica: "Еркей-Каплыджа"
 cn_yerkoy_kaplica_adj: "Еркей-Каплыджийск"
 cn_yogunhisar: "Йогунхисар"
 cn_yogunhisar_adj: "Йогунхисарск"
 cn_mocissus: "Мокисс"
 cn_mocissus_adj: "Мокисск"
 cn_kirsehir: "Кыршехир"
 cn_kirsehir_adj: "Кыршехирск"
 cn_kusakli_huyuk: "Кушаклы-Хююк"
 cn_kusakli_huyuk_adj: "Кушаклы-Хююкск"
 cn_sarihuyuk: "Сарыхююк"
 cn_sarihuyuk_adj: "Сарыхююкск"
 cn_kayseri: "Кайсери"
 cn_kayseri_adj: "Кайсерийск"
 cn_karmalas: "Кармалас"
 cn_karmalas_adj: "Кармаласск"
 cn_gemerek: "Гемерек"
 cn_gemerek_adj: "Гемерекск"
 cn_zengibar_kalesi: "Зенгибар-Калеси"
 cn_zengibar_kalesi_adj: "Зенгибар-Калесийск"
 cn_akmescit: "Акмесджит"
 cn_akmescit_adj: "Акмесджитск"
 cn_khaldia: "Халдия"
 cn_khaldia_adj: "Халдийск"
 cn_kerasous: "Керасунт"
 cn_kerasous_adj: "Керасунтск"
 cn_giresun: "Гиресун"
 cn_giresun_adj: "Гиресунск"
 cn_unye: "Унье"
 cn_unye_adj: "Уньейск"
 cn_fatsa: "Фатса"
 cn_fatsa_adj: "Фатсск"
 cn_gorele: "Гереле"
 cn_gorele_adj: "Герельск"
 cn_trapezous: "Трапезунт"
 cn_trapezous_adj: "Трапезунтск"
 cn_trabzon: "Трабзон"
 cn_trabzon_adj: "Трабзонск"
 cn_rizunda: "Ризунда"
 cn_rizunda_adj: "Ризундск"
 cn_rize: "Ризе"
 cn_rize_adj: "Ризск"
 cn_acilisene: "Акилисена"
 cn_acilisene_adj: "Акилисенск"
 cn_erzincan: "Эрзинджан"
 cn_erzincan_adj: "Эрзинджанск"
 cn_koloneia: "Колонея"
 cn_koloneia_adj: "Колонейск"
 cn_sebinkarahisar: "Шебинкарахисар"
 cn_sebinkarahisar_adj: "Шебинкарахисарск"
 cn_neokaisareia: "Неокесария"
 cn_neokaisareia_adj: "Неокесарийск"
 cn_niksar: "Никсар"
 cn_niksar_adj: "Никсарск"
 cn_yaglidere: "Яглыдере"
 cn_yaglidere_adj: "Яглыдерск"
 cn_koyulhisar: "Коюлхисар"
 cn_koyulhisar_adj: "Коюлхисарск"
 cn_sadak: "Садак"
 cn_sadak_adj: "Садакск"
 #Armenia
 cn_hayastan: "Айястан"
 cn_hayastan_adj: "Айястанск"
 cn_malatya: "Малатья"
 cn_malatya_adj: "Малатийск"
 cn_malat_ya: "Малатья"
 cn_malat_ya_adj: "Малатийск"
 cn_elazig: "Элязыг"
 cn_elazig_adj: "Элязыгск"
 cn_arsamasat: "Аршамашат"
 cn_arsamasat_adj: "Аршамашатск"
 cn_akcadag: "Акджадаг"
 cn_akcadag_adj: "Акджадагск"
 cn_erzurum: "Эрзурум"
 cn_erzurum_adj: "Эрзурумск"
 cn_karin: "Карин"
 cn_karin_adj: "Каринск"
 cn_ispir: "Испир"
 cn_ispir_adj: "Испирск"
 cn_sper: "Спер"
 cn_sper_adj: "Сперск"
 cn_meyafarikin: "Меяфарикин"
 cn_meyafarikin_adj: "Меяфарикинск"
 cn_np_rkert: "Неперкерт"
 cn_np_rkert_adj: "Неперкертск"
 cn_vasburagan: "Васбураган"
 cn_vasburagan_adj: "Васбураганск"
 cn_mus: "Муш"
 cn_mus_adj: "Мушск"
 cn_datvan: "Датван"
 cn_datvan_adj: "Датванск"
 cn_ahlat: "Ахлат"
 cn_ahlat_adj: "Ахлатск"
 cn_malazgirt: "Малазгирт"
 cn_malazgirt_adj: "Малазгиртск"
 cn_ercis: "Эрджиш"
 cn_ercis_adj: "Эрджишск"
 cn_eua: "Эва"
 cn_eua_adj: "Эванск"
 cn_muradiye: "Мурадие"
 cn_muradiye_adj: "Мурадийск"
 cn_akdamar: "Акдамар"
 cn_akdamar_adj: "Акдамарск"
 cn_baskale: "Башкале"
 cn_baskale_adj: "Башкальск"
 cn_mets_hayk_: "Мец-Айк"
 cn_mets_hayk__adj: "Мец-Айкск"
 cn_anion: "Аний"
 cn_anion_adj: "Анийск"
 cn_ani: "Аны"
 cn_ani_adj: "Анийск"
 cn_erivan: "Эриван"
 cn_erivan_adj: "Эриванск"
 #Italy
 cn_sardenya_i_corsega: "Сарденья-и-Корсега"
 cn_sardenya_i_corsega_adj: "Корсо-Сарденск"
 cn_sardhnia_kai_thn_korsikn: "Сардиния-ке-Корсики"
 cn_sardhnia_kai_thn_korsikn_adj: "Корсо-Сардинск"
 cn_sardegna_e_corsica: "Сарденья-э-Корсика"
 cn_sardegna_e_corsica_adj: "Корсо-Сарденск"
 cn_ravenna: "Равенна"
 cn_ravenna_adj: "Равеннск"
 #Estonia & closeby
 cn_reval: "Реваль"
 cn_reval_adj: "Ревальск"
 cn_rafala: "Рафала"
 cn_rafala_adj: "Рафальск"
 cn_laanemaa: "Ляэнемаа"
 cn_laanemaa_adj: "Ляэнемааск"
 cn_fellin: "Феллин"
 cn_fellin_adj: "Феллинск"
 cn_karkus: "Каркус"
 cn_karkus_adj: "Каркусск"
 cn_nevanlinna: "Неванлинна"
 cn_nevanlinna_adj: "Неванлиннск"
 cn_arensborg: "Аренсборг"
 cn_arensborg_adj: "Аренсборгск"
 cn_arensburg: "Аренсбург"
 cn_arensburg_adj: "Аренсбургск"
 cn_moon: "Мон"
 cn_moon_adj: "Монск"
 cn_narva: "Нарва"
 cn_narva_adj: "Нарвск"
 cn_osel: "Эзель"
 cn_osel_adj: "Эзельск"
 cn_poide: "Пейде"
 cn_mohu: "Мыху"
 cn_voro: "Выру"
 cn_wesenburg: "Везенбург"
 #Lithuania
 cn_dobeln: "Дебельн"
 cn_dobeln_adj: "Дебельнск"
 cn_wolmar: "Вольмар"
 cn_wolmar_adj: "Вольмарск"
 cn_wenden: "Венден"
 cn_wenden_adj: "Венденск"
 cn_ronneburg: "Роннебург"
 cn_ronneburg_adj: "Роннебургск"
 cn_sesswegen: "Зесвеген"
 cn_sesswegen_adj: "Зесвегенск"
 cn_jakobstadt: "Якобштадт"
 cn_jakobstadt_adj: "Якобштадтск"
 cn_dunaburg: "Дюнабург"
 cn_dunaburg_adj: "Дюнабургск"
 cn_rositten: "Розиттен"
 cn_rositten_adj: "Розиттенск"
 cn_schwanenburg: "Шваненбург"
 cn_schwanenburg_adj: "Шваненбургск"
 cn_raseinen: "Разейнен"
 cn_raseinen_adj: "Разейненск"
 cn_georgenburg: "Георгенбург"
 cn_georgenburg_adj: "Георгенбургск"
 cn_georgsborg: "Георгсборг"
 cn_georgsborg_adj: "Георгсборгск"
 cn_ragneta: "Рагнета"
 cn_ragneta_adj: "Рагнетск"
 cn_ragnita: "Рагнита"
 cn_ragnita_adj: "Рагнитск"
 cn_ragaine: "Рагаине"
 cn_ragaine_adj: "Рагаинск"
 #Dzungaria
 cn_qocho: "Кочо"
 cn_qocho_adj: "Кочоск"
 cn_xinjiang: "Синьцзян"
 cn_xinjiang_adj: "Синьцзянск"
 cn_gaochan: "Гаочань"
 cn_gaochan_adj: "Гаочаньск"
 cn_jiaohe: "Цзяохэ"
 cn_jiaohe_adj: "Цзяохэйск"
 cn_tulufan: "Тулуфань"
 cn_tulufan_adj: "Тулуфаньск"
 cn_yizhou: "Ичжоу"
 cn_yizhou_adj: "Ичжоуск"
 cn_qumul: "Кумул"
 cn_qumul_adj: "Кумульск"
 cn_urumqi: "Урумчи"
 cn_urumqi_adj: "Урумчийск"
 cn_beiting: "Бэйтин"
 cn_beiting_adj: "Бэйтинск"
 cn_tingzhou: "Тинчжоу"
 cn_tingzhou_adj: "Тинчжоуск"
 cn_yulishi: "Юйлиши"
 cn_yulishi_adj: "Юйлишийск"
 cn_changji: "Чанцзи"
 cn_changji_adj: "Чанцзийск"
 cn_luntai: "Луньтай"
 cn_luntai_adj: "Луньтайск"
 cn_bu_gu_r: "Бугур"
 cn_bu_gu_r_adj: "Бугурск"
 cn_qinghe: "Цинхэ"
 cn_qinghe_adj: "Цинхэйск"
 cn_kaer_jiaozhen: "Кар-Цзяочжэнь"
 cn_kaer_jiaozhen_adj: "Кар-Цзяочжэньск"
 cn_jumi: "Цзюйми"
 cn_jumi_adj: "Цзюймийск"
 #Brittany
 cn_gwened: "Гвенет"
 cn_gwened_adj: "Гвенетск"
 cn_guened: "Гиэнед"
 cn_guened_adj: "Гиэнедск"
 cn_naoned: "Наунет"
 cn_naoned_adj: "Наунетск"
 cn_kemper: "Кемпер"
 cn_kemper_adj: "Кемперск"
 cn_kastell_paol: "Кастель-Поль"
 cn_kastell_paol_adj: "Кастель-Польск"
 cn_saint_brieg: "Сонт-Бриек"
 cn_saint_brieg_adj: "Сонт-Бриекск"
 cn_sant_malou: "Сонт-Малоу"
 cn_sant_malou_adj: "Сонт-Малоуск"
 cn_roazhon: "Руазон"
 cn_roazhon_adj: "Руазонск"
 #Iberia
 cn_carthaginensis: "Карфагеника"
 cn_carthaginensis_adj: "Карфагеникск"
 cn_isbaniya: "Исбания"
 cn_al_andalus: "Аль-Андалус"
 cn_xenxir: "Хенхир"
 cn_castalla: "Касталла"
 cn_liyyun: "Лийюн"
 cn_burtughal: "Буртугал"
 cn_yilliqiyya: "Йилликийя"
 cn_al_sarq: "Аль-Шарк"
 cn_al_gharb: "Аль-Гарб"
 cn_batalyaws: "Батальяус"
 cn_barshiluna: "Баршилуна"
 cn_baya: "Байя"
 cn_al_quila: "Аль-Кила"
 cn_kulumriyya: "Кулумрийя"
 cn_qurtubah: "Куртуба"
 cn_garnatah: "Гарната"
 cn_mayurqa: "Маюрка"
 cn_mursiyyah: "Мурсийя"
 cn_isbiliyyah: "Ишбилийя"
 cn_tulaytulah: "Тулайтула"
 cn_balansiyyah: "Балансийя"
 cn_saraqustah: "Саракуста"
 cn_al_urqub: "Аль-Уркуб"
 cn_al_banu_razin: "Аль-Бану-Разин"
 cn_qasr_abi_danis: "Каср-Аби-Данис"
 cn_al_qannis: "Аль-Каннис"
 cn_al_karas: "Аль-Карас"
 cn_al_gazirah_al_hadra: "Аль-Газира-аль-Хадра"
 cn_al_laqant: "Аль-Лакант"
 cn_al_mariyyah: "Аль-Марийя"
 cn_yaiyan: "Яйян"
 cn_ubaydah: "Убайда"
 cn_yaburah: "Ябура"
 cn_burgus: "Бургуш"
 cn_qabra: "Кабра"
 cn_hisn_qasras: "Хисн-ас-Каср"
 cn_qadis: "Кадис"
 cn_qalat_ayyub: "Калат-Айюб"
 cn_qalat_rabah: "Калат-Раба"
 cn_burjanna: "Бурджанна"
 cn_itanyia: "Итания"
 cn_qaruniyah: "Каруния"
 cn_siqubiyyah: "Шикубийя"
 cn_qunkah: "Кунка"
 cn_daniyyah: "Данийя"
 cn_al_bash: "Аль-Баш"
 cn_santa_mariya_ibn_harun: "Санта-Мария-ибн-Харун"
 cn_afraga: "Афрага"
 cn_harundah: "Харунда"
 cn_yabisa: "Ябиса"
 cn_sabtah: "Сабта"
 cn_al_ishbuna: "Аль-Ишбуна"
 cn_laridah: "Ларида"
 cn_al_magrit: "Аль-Магрит"
 cn_malaqah: "Малака"
 cn_malilah: "Малила"
 cn_manurqa: "Манурка"
 cn_maridah: "Марида"
 cn_mulina: "Мулина"
 cn_uqlish: "Уклиш"
 cn_al_manijah: "Аль-Маниджа"
 cn_nagirah: "Нагира"
 cn_banbalunah: "Банбалуна"
 cn_labla: "Лабла"
 cn_salamanqa: "Шаламанка"
 cn_yant_yaqub: "Янт-Якуб"
 cn_silb: "Шилб"
 cn_turtusah: "Туртуша"
 cn_al_bunt: "Аль-Бунт"
 cn_tutilah: "Тутила"
 cn_balad_al_walid: "Балад-аль-Валид"
 cn_sammurah: "Саммура"
 cn_al_mariyyat_bayyana: "Аль-Марийят-Байяна"
 cn_muassassat_batalyaws: "Муассассат-Батальяус"
 cn_madinat_qunka: "Мадинат-Кунка"
 cn_madinat_mayurqa: "Мадинат-Маюрка"
 cn_madinat_al_muluk: "Мадинат-аль-Мулук"
 cn_gothia: "Готия"
 #Jerusalem
 cn_iskandarun: "Искандарун"
 cn_iskandarun_adj: "Искандарунск"
 #Silesia
 cn_oppeln: "Оппельн"
 cn_oppeln_adj: "Оппельнск"
 cn_kluczbork: "Ключборк"
 cn_kluczbork_adj: "Ключборкск"
 cn_strzelce: "Стшельце"
 cn_strzelce_adj: "Стшельцск"
 cn_brieg: "Бриг"
 cn_brieg_adj: "Бригск"
 cn_ohlau: "Олау"
 cn_ohlau_adj: "Олауск"
 cn_ottmachau: "Отмахау"
 cn_ottmachau_adj: "Отмахауск"
 cn_neisse: "Нейссе"
 cn_neisse_adj: "Нейссейск"
 cn_oberglogau: "Клейн-Глогау"
 cn_oberglogau_adj: "Клейнглогауск"
 cn_zabkowice: "Зомбковице"
 cn_zabkowice_adj: "Зомбковицк"
 cn_teschen: "Тешен"
 cn_teschen_adj: "Тешенск"
 cn_bielitz: "Билиц"
 cn_bielitz_adj: "Билицк"
 cn_raciborz: "Рацибуж"
 cn_raciborz_adj: "Рацибужск"
 cn_rybnick: "Рибникк"
 cn_rybnick_adj: "Рибниккск"
 cn_bytom: "Бытом"
 cn_bytom_adj: "Бытомск"
 cn_lublinitz: "Люблиниц"
 cn_lublinitz_adj: "Люблиницк"
 cn_wroclaw: "Вроцлав"
 cn_wroclaw_adj: "Вроцлавск"
 cn_vratislav: "Вратислав"
 cn_vratislav_adj: "Вратиславск"
 cn_wartha: "Варта"
 cn_wartha_adj: "Вартск"
 cn_militsch: "Милич"
 cn_militsch_adj: "Миличск"
 cn_oels: "Эльс"
 cn_oels_adj: "Эльсск"
 cn_swiebodzin: "Свебодзин"
 cn_swiebodzin_adj: "Свебодзинск"
 cn_carolath: "Каролат"
 cn_carolath_adj: "Каролатск"
 cn_niederbeuthen: "Нидербейтен"
 cn_niederbeuthen_adj: "Нидербейтенск"
 cn_zielona_gora: "Зелена-Гура"
 cn_zielona_gora_adj: "Зелена-Гурск"
 cn_zelena_hora: "Зелена-Гора"
 cn_zelena_hora_adj: "Зелена-Горск"
 cn_krosno: "Кросно"
 cn_krosno_adj: "Кросненск"
 cn_szprotawa: "Шпротава"
 cn_szprotawa_adj: "Шпротавск"
 cn_sagan: "Заган"
 cn_sagan_adj: "Заганск"
 cn_naumburg: "Наумбург"
 cn_naumburg_adj: "Наумбургск"
 cn_primkenau: "Примкенау"
 cn_primkenau_adj: "Примкенауск"
 cn_lahn: "Лен"
 cn_lahn_adj: "Ленск"
 cn_schweinhausburg: "Швейнхаусбург"
 cn_schweinhausburg_adj: "Швейнхаусбургск"
 cn_lehnice: "Легница"
 cn_lehnice_adj: "Легницк"
 cn_liegnitz: "Лигниц"
 cn_liegnitz_adj: "Лигницк"
 cn_hlohov: "Глогов"
 cn_hlohov_adj: "Глоговск"
 cn_glogau: "Глогау"
 cn_glogau_adj: "Глогауск"
 cn_sandelswalde: "Зандельсвальде"
 cn_sandelswalde_adj: "Зандельсвальдск"
 cn_guben: "Губен"
 cn_guben_adj: "Губенск"
 cn_lingchu: "Лингчу"
 cn_lingchu_adj: "Лингчуск"
 #Western Balkans
 cn_zara: "Зара"
 cn_zara_adj: "Зарск"
 cn_dalmatia: "Далмация"
 cn_dalmatia_adh: "Далматск"
 cn_diadora: "Диадора"
 cn_diadora_adj: "Диадорск"
 cn_spalato: "Спалато"
 cn_spalato_adj: "Спалатск"
 cn_spalathos: "Спалат"
 cn_spalathos_adj: "Спалатск"
 cn_salines: "Салин"
 cn_salines_adj: "Салинск"
 cn_tuzla: "Тузла"
 cn_tuzla_adj: "Тузланск"
 cn_so: "Со"
 cn_so_adj: "Соск"
 cn_zahumlje: "Захумье"
 cn_zahumlje_adj: "Захумск"
 cn_emotha: "Эмота"
 cn_emotha_adj: "Эмотск"
 cn_pannonia: "Паннония"
 cn_pannonia_adj: "Паннонск"
 cn_andautonia: "Андавтония"
 cn_andautonia_adj: "Андавтонск"
 #Polabia
 cn_veletia: "Велетия"
 cn_veletia_adj: "Велетск"
 cn_obotritia: "Ободрития"
 cn_obotritia_adj: "Ободритск"
 cn_racisburg: "Рацисбург"
 cn_racisburg_adj: "Рацисбургск"
 cn_zwierzyn: "Звежин"
 cn_zwierzyn_adj: "Звежинск"
 cn_circipania: "Черезпеняния"
 cn_circipania_adj: "Черезпенянск"
 cn_rana: "Рана"
 cn_rana_adj: "Ранск"
 cn_arkona: "Аркона"
 cn_arkona_adj: "Арконск"
 cn_kissinia: "Хижания"
 cn_kissinia_adj: "Хижанск"
 cn_roztoc: "Розток"
 cn_roztoc_adj: "Розтокск"
 cn_guscerov: "Гющеров"
 cn_guscerov_adj: "Гющеровск"
 cn_warnabia: "Варния"
 cn_warnabia_adj: "Варнск"
 cn_luticia: "Лютица"
 cn_luticia_adj: "Лютицк"
 cn_brenna: "Бренна"
 cn_brenna_adj: "Бреннск"
 cn_podstupim: "Подступим"
 cn_podstupim_adj: "Подступимск"
 cn_wilzia: "Вильция"
 cn_wilzia_adj: "Вильцк"
 cn_ukria: "Украния"
 cn_ukria_adj: "Укранск"
 cn_hevellia: "Гавелия"
 cn_hevellia_adj: "Гавельск"
 cn_redaria: "Ратария"
 cn_redaria_adj: "Ратарск"
 cn_rethra: "Ретра"
 cn_rethra_adj: "Ретранск"
 cn_misni: "Мишни"
 cn_misni_adj: "Мишнинск"
 cn_wulki_hojn: "Улки-Хойн"
 cn_wulki_hojn_adj: "Улки-Хойнск"
 cn_drezdany: "Дрежданы"
 cn_drezdany_adj: "Дрежданск"
 cn_biskopicy: "Бископицы"
 cn_biskopicy_adj: "Бископицк"
 cn_jilobor: "Йилобор"
 cn_jilobor_adj: "Йилоборск"
 cn_cholidistcha: "Холидистха"
 cn_cholidistcha_adj: "Холидистхск"
 cn_plawe: "Плаве"
 cn_plawe_adj: "Плавск"
 cn_kamjenc: "Камьенц"
 cn_kamjenc_adj: "Камьенцк"
 cn_lubin: "Лубин"
 cn_lubin_adj: "Лубинск"
 cn_gorelic: "Горелиц"
 cn_gorelic_adj: "Горелицк"
 cn_budysin: "Будышин"
 cn_budysin_adj: "Будышинск"
 cn_grodk: "Гродк"
 cn_grodk_adj: "Гродкск"
 cn_luzyca: "Лужица"
 cn_luzyca_adj: "Лужицк"
 cn_jutriboc: "Ютрибоц"
 cn_jutriboc_adj: "Ютрибоцк"
 cn_turguo: "Тургуо"
 cn_turguo_adj: "Тургуоск"
 cn_zemrje: "Жемрье"
 cn_zemrje_adj: "Жемрьеск"
 #Pomerania
 cn_ucramund: "Украмунд"
 cn_ucramund_adj: "Украмундск"
 cn_pyritz: "Пириц"
 cn_pyritz_adj: "Пирицк"
 cn_wollin: "Волин"
 cn_wollin_adj: "Воллинск"
 cn_cammin: "Каммин"
 cn_cammin_adj: "Камминск"
 cn_gollnow: "Голлнов"
 cn_gollnow_adj: "Голлновск"
 cn_naugard: "Наугард"
 cn_naugard_adj: "Наугардск"
 cn_zehden: "Цеден"
 cn_zehden_adj: "Цеденск"
 cn_kustrin: "Кюстрин"
 cn_kustrin_adj: "Кюстринск"
 cn_tempelburg: "Темплербург"
 cn_tempelburg_adj: "Темпельбургск"
 cn_belgard: "Белгард"
 cn_belgard_adj: "Белгардск"
 cn_deutsch_krone: "Дойч-Кроне"
 cn_deutsch_krone_adj: "Кронск"
 cn_neustettin: "Нойштеттин"
 cn_neustettin_adj: "Нойштеттинск"
 cn_zantoch: "Цантох"
 cn_zantoch_adj: "Цантохск"
 cn_filehne: "Филене"
 cn_filehne_adj: "Филенск"
 cn_arnswalde: "Арнсвальде"
 cn_arnswalde_adj: "Арнсвальдск"
 cn_putzig: "Путциг"
 cn_putzig_adj: "Путцигск"
 cn_lauenburg: "Лауэнбург"
 cn_lauenburg_adj: "Лауэнбургск"
 cn_ziethen: "Цитен"
 cn_ziethen_adj: "Цитенск"
 cn_schwetz: "Швец"
 cn_schwetz_adj: "Швецк"
 cn_berent: "Берент"
 cn_berent_adj: "Берентск"
 cn_konitz: "Кониц"
 cn_konitz_adj: "Коницк"
 #Prussia
 cn_elblag: "Эльблонг"
 cn_elblag_adj: "Эльблонгск"
 cn_elbingas: "Элбингас"
 cn_elbingas_adj: "Элбингасск"
 cn_marienwerder: "Мариенвердер"
 cn_marienwerder_adj: "Мариенвердер"
 cn_kwidzyn: "Квидзын"
 cn_kwidzyn_adj: "Квидзынск"
 cn_kvidzynas: "Квидзынас"
 cn_kvidzynas_adj: "Квидзынасск"
 cn_stuttof: "Штуттгоф"
 cn_stuttof_adj: "Штуттгофск"
 cn_sztutowo: "Штутово"
 cn_sztutowo_adj: "Штутовск"
 cn_wormditt: "Вормдитт"
 cn_wormditt_adj: "Вормдиттск"
 cn_mohrungen: "Морунген"
 cn_mohrungen_adj: "Морунгенск"
 cn_morongas: "Моронгас"
 cn_morongas_adj: "Моронгасск"
 cn_braunberg: "Браунберг"
 cn_braunberg_adj: "Браунбергск"
 cn_prusa: "Пруса"
 cn_prusa_adj: "Прусск"
 cn_brandenburg_PRUS: "Бранденбург"
 cn_brandenburg_PRUS_adj: "Бранденбургск"
 cn_pokarmin: "Покармин"
 cn_pokarmin_adj: "Покарминск"
 cn_pokariviai: "Покаривяй"
 cn_pokariviai_adj: "Покаривяйск"
 cn_wehlau: "Велау"
 cn_wehlau_adj: "Велауск"
 cn_welawa: "Велава"
 cn_welawa_adj: "Велавск"
 cn_veluva: "Велува"
 cn_veluva_adj: "Велувск"
 cn_karaliaucius: "Караляучюс"
 cn_karaliaucius_adj: "Караляучюсск"
 cn_heilsberg: "Гейльсберг"
 cn_heilsberg_adj: "Гейльсбергск"
 cn_lidzbark: "Лидзбарк"
 cn_lidzbark_adj: "Лидзбаркск"
 cn_lidzbarkas: "Лидзбаркас"
 cn_lidzbarkas_adj: "Лидзбаркасск"
 cn_bartenstein: "Бартенштайн"
 cn_bartenstein_adj: "Бартенштейнск"
 cn_barstynas: "Барстинас"
 cn_barstynas_adj: "Барстинасск"
 cn_insterburg: "Инстербург"
 cn_insterburg_adj: "Инстербургск"
 cn_rastenburg: "Растенбург"
 cn_rastenburg_adj: "Растенбургск"
 cn_rastembork: "Растемборк"
 cn_rastembork_adj: "Растемборкск"
 cn_kentsynas: "Кянцинас"
 cn_kentsynas_adj: "Кянцинасск"
 #Masuria
 cn_kulmas: "Кульмас"
 cn_kulmas_adj: "Кульмасск"
 cn_kulm: "Кульм"
 cn_kulm_adj: "Кульмск"
 cn_torune: "Торуне"
 cn_torune_adj: "Торунск"
 cn_thorn: "Торн"
 cn_thorn_adj: "Торнск"
 cn_briesen_PRUS: "Бризен"
 cn_briesen_PRUS_adj: "Бризенск"
 cn_ylava: "Илава"
 cn_ylava_adj: "Илавск"
 cn_eylau: "Эйлау"
 cn_eylau_adj: "Эйлауск"
 cn_brodnica: "Бродница"
 cn_brodnica_adj: "Бродницк"
 cn_ostruda: "Оструда"
 cn_ostruda_adj: "Острудск"
 cn_osterode: "Остероде"
 cn_osterode_adj: "Остеродск"
 cn_olstynas: "Олстинас"
 cn_olstynas_adj: "Олстинасск"
 cn_allenstein: "Алленштайн"
 cn_allenstein_adj: "Алленштейнск"
 cn_szczytno: "Щитно"
 cn_szczytno_adj: "Щитненск"
 cn_sctnas: "Щитнас"
 cn_sctnas_adj: "Щитнасск"
 cn_ortulfsburg: "Ортульфсбург"
 cn_ortulfsburg_adj: "Ортульфсбургск"
 cn_nibork: "Ниборк"
 cn_nibork_adj: "Ниборкск"
 cn_nidzica: "Нидзица"
 cn_nidzica_adj: "Нидзицк"
 cn_neidenburg: "Найденбург"
 cn_neidenburg_adj: "Нейденбургск"
 cn_leiciu_pilis: "Лейчю пилис"
 cn_leiciu_pilis_adj: "Лейчюск"
 cn_lotzen: "Летцен"
 cn_lotzen_adj: "Летценск"
 cn_lukas: "Лукас"
 cn_lukas_adj: "Лукасск"
 cn_lyck: "Ликк"
 cn_lyck_adj: "Ликкск"
 cn_ungura: "Унгура"
 cn_ungura_adj: "Унгурск"
 cn_angirburg: "Ангирбург"
 cn_angirburg_adj: "Ангирбургск"
 #Tibet & Xia
 cn_karpoyul: "Карпоюл"
 cn_karpoyul_adj: "Карпоюлск"
 cn_tsongonpo: "Цонгенпо"
 cn_tsongonpo_adj: "Цонгенпоск"
 cn_qingtang: "Цинтан"
 cn_qingtang_adj: "Цинтанск"
 cn_tsongkha: "Цонгкха"
 cn_tsongkha_adj: "Цонгкхаск"
 cn_drotsang: "Дроцанг"
 cn_drotsang_adj: "Дроцангск"
 cn_serkhok: "Серхок"
 cn_serkhok_adj: "Серхокск"
 cn_bairi: "Байри"
 cn_bairi_adj: "Байриск"
 cn_ud: "Уд"
 cn_ud_adj: "Удск"
 cn_bayannayur: "Баян-Нур"
 cn_bayannayur_adj: "Баян-Нурск"
 cn_uyuvan: "Уюань"
 cn_uyuvan_adj: "Уюаньск"
 cn_denkeu: "Дункоу"
 cn_denkeu_adj: "Дункоуск"
 cn_sogo_khoto: "Сого-Хото"
 cn_sogo_khoto_adj: "Сого-Хотоск"
 cn_tengger: "Тэнгэр"
 cn_tengger_adj: "Тэнгэрск"
 cn_alashan: "Алашань"
 cn_alashan_adj: "Алашаньск"
 cn_bayanhot: "Баян-Хото"
 cn_bayanhot_adj: "Баян-Хотоск"
 cn_iryai: "Ирьяй"
 cn_iryai_adj: "Ирьяйск"
 cn_tangyud: "Тангуд"
 cn_tangyud_adj: "Тангудск"
 cn_minyak: "Миньяк"
 cn_minyak_adj: "Миньяк"
 cn_xixia: "Си Ся"
 cn_xixia_adj: "Си-Сяск"
 cn_mjinjaa: "Мцзиньцзя"
 cn_mjinjaa_adj: "Мцзиньцзяск"
 cn_miniah: "Минья"
 cn_miniah_adj: "Миньяск"
 cn_qinghai: "Цинхай"
 cn_qinghai_adj: "Цинхайск"
 cn_koke_nayur: "Коке-Наур"
 cn_koke_nayur_adj: "Коке-Наурск"
 cn_huhu_noor: "Хуху-Нур"
 cn_huhu_noor_adj: "Хуху-Нурск"
 cn_zongge: "Сонггэ"
 cn_zongge_adj: "Сонггэ"
 cn_huzhu: "Хучжу"
 cn_huzhu_adj: "Хучжуск"
 cn_jishi: "Цзиши"
 cn_jishi_adj: "Цзишиск"
 cn_tianjun: "Тяньцзюнь"
 cn_tianjun_adj: "Тяньцзюньск"
 cn_yangkang: "Янкан"
 cn_yangkang_adj: "Янканск"
 cn_haiyan: "Хайянь"
 cn_haiyan_adj: "Хайяньск"
 cn_gangcha: "Ганча"
 cn_gangcha_adj: "Ганчск"
 cn_gonghe: "Гунхэ"
 cn_gonghe_adj: "Гунхэск"
 cn_qiabuqia: "Цябуця"
 cn_qiabuqia_adj: "Цябуцк"
 cn_jiangxigou: "Цзянсигоу"
 cn_jiangxigou_adj: "Цзянсигоуск"
 cn_xinghai: "Синхай"
 cn_xinghai_adj: "Синхайск"
 cn_heyuan: "Хэюань"
 cn_heyuan_adj: "Хэюаньск"
 cn_hekou: "Хэкоу"
 cn_hekou_adj: "Хэкоуск"
 cn_gannan: "Ганьнань"
 cn_gannan_adj: "Ганьнаньск"
 cn_zhouni: "Чжоуни"
 cn_zhouni_adj: "Чжоуниск"
 cn_lintan: "Линьтань"
 cn_lintan_adj: "Линьтаньск"
 cn_hezuo: "Хэцзо"
 cn_hezuo_adj: "Хэцзоск"
 cn_xiahe: "Сяхэ"
 cn_xiahe_adj: "Сяхэск"
 cn_luqu: "Луцюй"
 cn_luqu_adj: "Луцюйск"
 cn_diebu: "Дебу"
 cn_diebu_adj: "Дебуск"
 cn_zhouqu: "Чжоуцюй"
 cn_zhouqu_adj: "Чжоуцюйск"
 cn_maqu: "Мацюй"
 cn_maqu_adj: "Мацюйск"
 cn_muxihe: "Мусихэ"
 cn_muxihe_adj: "Мусихэск"
 cn_jiarong: "Цзяжун"
 cn_jiarong_adj: "Цзяжунск"
 cn_ryarong: "Жяжун"
 cn_ryarong_adj: "Жяжунск"
 cn_huangnan: "Хуаннань"
 cn_huangnan_adj: "Хуаннаньск"
 cn_tongren: "Тунжэнь"
 cn_tongren_adj: "Тунжэньск"
 cn_jainzha: "Цзяньчжа"
 cn_jainzha_adj: "Цзяньчжаск"
 cn_guide: "Ведийск"
 cn_guide_adj: "Ведийск"
 cn_guinan: "Гуйнань"
 cn_guinan_adj: "Гуйнаньск"
 cn_tongde: "Тундэ"
 cn_tongde_adj: "Тундэск"
 cn_zeku: "Цзэку"
 cn_zeku_adj: "Цзэкуск"
 cn_henan_yegainnyin: "Хэнань"
 cn_henan_yegainnyin_adj: "Хэнаньск"
 cn_guoluo: "Голо"
 cn_guoluo_adj: "Голоск"
 cn_maqin: "Мацинь"
 cn_maqin_adj: "Мациньск"
 cn_gande: "Ганьдэ"
 cn_gande_adj: "Ганьдэск"
 cn_maduo: "Мадо"
 cn_maduo_adj: "Мадоск"
 cn_donggei: "Дунгэй"
 cn_donggei_adj: "Дунгэйск"
 cn_banma: "Баньма"
 cn_banma_adj: "Баньмаск"
 cn_sailaitang: "Сайлайтан"
 cn_sailaitang_adj: "Сайлайтанск"
 cn_jimai: "Цзимай"
 cn_jimai_adj: "Цзимайск"
 cn_jiuzhi: "Цзючжи"
 cn_jiuzhi_adj: "Цзючжиск"
 cn_mingzheng: "Минчжэн"
 cn_mingzheng_adj: "Минчжэнск"
 cn_dajianlu: "Дацзяньлу"
 cn_dajianlu_adj: "Дацзяньлуск"
 cn_luqiao: "Луцяо"
 cn_luqiao_adj: "Луцяоск"
 cn_tagong: "Тагун"
 cn_tagong_adj: "Тагунск"
 cn_danba: "Даньба"
 cn_danba_adj: "Даньбаск"
 cn_jiulong: "Цзюлун"
 cn_jiulong_adj: "Цзюлунск"
 cn_daofu: "Даофу"
 cn_daofu_adj: "Даофуск"
 cn_niazuo: "Няцзо"
 cn_niazuo_adj: "Няцзоск"
 cn_luhuo: "Лухо"
 cn_luhuo_adj: "Лухоск"
 cn_ganzi: "Ганьцзы"
 cn_ganzi_adj: "Ганьцзыск"
 cn_seda: "Сэда"
 cn_seda_adj: "Сэдск"
 cn_luoruo: "Ложо"
 cn_luoruo_adj: "Ложоск"
 cn_aba: "Аба"
 cn_aba_adj: "Аба"
 cn_ggabba: "Ггабба"
 cn_ggabba_adj: "Ггаббск"
 cn_hezhi: "Хэчжи"
 cn_hezhi_adj: "Хэчжиск"
 cn_hongyuan: "Хунъюань"
 cn_hongyuan_adj: "Хунъюаньск"
 cn_ruoergai: "Жоэргай"
 cn_ruoergai_adj: "Жоэргайск"
 cn_jiuzhaigou: "Цзючжайгоу"
 cn_jiuzhaigou_adj: "Цзючжайгоуск"
 cn_songpan: "Сунпань"
 cn_songpan_adj: "Сунпаньск"
 cn_heishui: "Хэйшуй"
 cn_heishui_adj: "Хэйшуйск"
 cn_kezheb: "Кешеб"
 cn_kezheb_adj: "Кешебск"
 cn_maerkang: "Маэркан"
 cn_maerkang_adj: "Маэрканск"
 cn_muerkvua: "Муэрквуа"
 cn_muerkvua_adj: "Муэрквуаск"
 cn_ribu: "Жибу"
 cn_ribu_adj: "Жибуск"
 cn_rangtang: "Жантан"
 cn_rangtang_adj: "Жантанск"
 cn_mao: "Мао"
 cn_mao_adj: "Маоск"
 cn_shgvini: "Шгвини"
 cn_shgvini_adj: "Шгвиниск"
 cn_diexi: "Деси"
 cn_diexi_adj: "Десиск"
 cn_ddihi: "Ддихи"
 cn_ddihi_adj: "Ддихиск"
 cn_wenchuan: "Вэньчуань"
 cn_wenchuan_adj: "Вэньчуаньск"
 cn_gvhvusu: "Гвхвусу"
 cn_gvhvusu_adj: "Гвхвусуск"
 cn_jinchuan: "Цзиньчуань"
 cn_jinchuan_adj: "Цзиньчуаньск"
 cn_kasa: "Каса"
 cn_kasa_adj: "Каса"
 cn_gvugvean: "Гвугвеан"
 cn_gvugvean_adj: "Гвугвеанск"
 cn_xiaojin: "Сяоцзинь"
 cn_xiaojin_adj: "Сяоцзинь"
 cn_xilhva: "Синьхва"
 cn_xilhva_adj: "Синьхваск"
 cn_zagunao: "Цзагунао"
 cn_zagunao_adj: "Цзагунаоск"
 cn_pauxugv: "Паусюйгу"
 cn_pauxugv_adj: "Паусюйгуск"
 cn_ecina: "Эшина"
 cn_ecina_adj: "Эшинск"
 cn_heicheng: "Хэйчэн"
 cn_heicheng_adj: "Хэйчэнск"
 cn_khara_khoto: "Хара-Хото"
 cn_khara_khoto_adj: "Хара-Хотоск"
 cn_uraqai: "Уракай"
 cn_uraqai_adj: "Уракай"
 cn_qilian: "Цилянь"
 cn_qilian_adj: "Цилянь"
 cn_menyuan: "Мэньюань"
 cn_menyuan_adj: "Мэньюаньск"
 cn_dukhan: "Духань"
 cn_dukhan_adj: "Духаньск"
 cn_akqi: "Акчи"
 cn_akqi_adj: "Акчиск"
 cn_aqsai: "Аксай"
 cn_aqsai_adj: "Аксайск"
 cn_akesai: "Акесай"
 cn_akesai_adj: "Акесайск"
 cn_alteng: "Альтэн"
 cn_alteng_adj: "Альтэнск"
 cn_dahaleteng: "Дахалэтэн"
 cn_dahaleteng_adj: "Дахалэтэнск"
 cn_jianshe: "Цзяньшэ"
 cn_jianshe_adj: "Цзяньшэск"
 #Aachen
 cn_aix_la_chapelle: "Экс-ла-Шапель"
 cn_aix_la_chapelle_adj: "Эксск"
 cn_aquisgrana: "Аквизграна"
 cn_aquisgrana_adj: "Аквизгранск"
 cn_great_liao: "Великое Ляо"
 cn_great_liao_adj: "Ляо"
 #Northern Hungary in CZ & SL
 cn_nitra: "Нитра"
 cn_nitra_adj: "Нитранск"
 cn_bojnice: "Бойнице"
 cn_bojnice_adj: "Бойницк"
 cn_sastin: "Шаштин"
 cn_sastin_adj: "Шаштинск"
 cn_gomor: "Гемер"
 cn_gomor_adj: "Гемерск"
 cn_muran: "Мурань"
 cn_muran_adj: "Мураньск"
 cn_rimavska_sobota: "Римавска-Собота"
 cn_rimavska_sobota_adj: "Римавск"
 cn_sendrov: "Сендров"
 cn_sendrov_adj: "Сендровск"
 cn_tvrdosin: "Тврдошин"
 cn_tvrdosin_adj: "Тврдошинск"
 cn_turdossin: "Турдошшин"
 cn_turdossin_adj: "Турдошшинск"
 cn_presporok: "Прешпорок"
 cn_presporok_adj: "Прешпорокск"
 cn_trencin: "Тренчин"
 cn_trencin_adj: "Тренчинск"
 cn_puchov: "Пухов"
 cn_puchov_adj: "Пуховск"
 cn_zilina: "Жилина"
 cn_zilina_adj: "Жилинск"
 cn_turiec: "Турьец"
 cn_turiec_adj: "Турьецк"
 cn_liptov: "Липтов"
 cn_liptov_adj: "Липтовск"
 cn_zvolen: "Зволен"
 cn_zvolen_adj: "Зволенск"
 cn_brezno: "Брезно"
 cn_brezno_adj: "Брезненск"
 cn_tekov: "Теков"
 cn_tekov_adj: "Тековск"
 cn_novohrad: "Новоград"
 cn_novohrad_adj: "Новоградск"
 cn_balazske_darmoty: "Балажске-Дярмоты"
 cn_balazske_darmoty_adj: "Балажск"
 cn_lucenec: "Лученец"
 cn_lucenec_adj: "Лученецк"
 cn_banska_stiavnica: "Штьявница"
 cn_banska_stiavnica_adj: "Штьявницк"
 cn_samorin: "Шаморин"
 cn_samorin_adj: "Шаморинск"
 cn_uzhorod: "Ужгород"
 cn_uzhorod_adj: "Ужгородск"
 cn_zemplin: "Земплин"
 cn_zemplin_adj: "Земплинск"
 cn_szepesseg: "Сепешшег"
 cn_szepesseg_adj: "Сепешшегск"
 cn_saros: "Шарош"
 cn_saros_adj: "Шарошск"
 cn_abov: "Абов"
 cn_abov_adj: "Абовск"
 cn_kosice: "Кошице"
 cn_kosice_adj: "Кошицк"
 cn_turna: "Турня"
 cn_turna_adj: "Турнянск"
 #Principality of Balaton (western Hungary)
 cn_balaton: "Балатон"
 cn_balaton_adj: "Балатонск"
 cn_blatnozero: "Блатнозеро"
 cn_blatnozero_adj: "Блатнозерск"
 cn_blatnohrad: "Блатноград"
 cn_blatnohrad_adj: "Блатноградск"
 cn_dudleb: "Дудлеб"
 cn_dudleb_adj: "Дудлебск"
 cn_etgar: "Этгар"
 cn_etgar_adj: "Этгарск"
 cn_rab: "Раб"
 cn_rab_adj: "Рабск"
 cn_vesprim: "Весприм"
 cn_vesprim_adj: "Веспримск"
 cn_komarno: "Комарно"
 cn_komarno_adj: "Комарненск"
 cn_ostrihom: "Остригом"
 cn_ostrihom_adj: "Остригомск"
 cn_stolicny_belehrad: "Столичны-Белеград"
 cn_stolicny_belehrad_adj: "Белеградск"
 cn_bialogrod_stoleczny: "Бялогруд-Столечны"
 cn_bialogrod_stoleczny_adj: "Бялогрудск"
 cn_stolni_biograd: "Столни-Биоград"
 cn_stolni_biograd_adj: "Биоградск"
 cn_tricciana: "Трицциана"
 cn_tricciana_adj: "Триццианск"
 cn_mogentiana: "Могенциана"
 cn_mogentiana_adj: "Могенцианск"
 cn_petikosteli: "Петикостели"
 cn_petikosteli_adj: "Петикостелийск"
 cn_iovia: "Иовия"
 cn_iovia_adj: "Иовийск"
 cn_kysak: "Кисак"
 cn_kysak_adj: "Кисакск"
 cn_kiseg: "Кисег"
 cn_kiseg_adj: "Кисегск"
 cn_kermendin: "Кермендин"
 cn_kermendin_adj: "Кермендинск"
 cn_monoster: "Моноштер"
 cn_monoster_adj: "Моноштерск"
 cn_siget: "Сигет"
 cn_siget_adj: "Сигетск"
 #Additional polabian cultural names
 cn_milcenia: "Мильчения"
 cn_milcenia_adj: "Мильченск"
 cn_drjezdzany: "Дрьежджаны"
 cn_drjezdzany_adj: "Дрьежджанск"
 cn_chosebuz: "Хыщебус"
 cn_chosebuz_adj: "Хыщебусск"
 cn_nizizia: "Нижичия"
 cn_nizizia_adj: "Нижичск"
 cn_lusatia: "Лужица"
 cn_lusatia_adj: "Лужицк"
 cn_ciervisti: "Червище"
 cn_ciervisti_adj: "Червищенск"
 cn_plisnia: "Плисня"
 cn_plisnia_adj: "Плиснянск"
 cn_zeiz: "Жич"
 cn_zeiz_adj: "Жичск"
 cn_voligost: "Волигост"
 cn_voligost_adj: "Волигостск"
 cn_veligrad: "Велиград"
 cn_veligrad_adj: "Велиградск"
 cn_brizania: "Брежания"
 cn_brizania_adj: "Брежанск"
 #Additional Slovak-Hungarian cultural names
 cn_klodzko: "Клодзко"
 cn_klodzko_adj: "Клодзкск"
 cn_trencsen: "Тренчен"
 cn_trencsen_adj: "Тренченск"
 cn_nyitra: "Ньитра"
 cn_nyitra_adj: "Ньитранск"
 cn_arva: "Арва"
 cn_arva_adj: "Арвск"
 cn_lipto: "Липто"
 cn_lipto_adj: "Липтенск"
 cn_liptovsky_hradok: "Липтовски-Градок"
 cn_liptovsky_hradok_adj: "Липтовск"
 cn_poprad_HUN: "Попрад"
 cn_poprad_HUN_adj: "Попрадск"
 cn_kesmark: "Кешмарк"
 cn_kesmark_adj: "Кешмаркск"
 cn_ui_maine: "О Майне"
 cn_ui_maine_adj: "О-Майнск"
 cn_vasterbotten: "Вестерботтен"
 cn_vasterbotten_adj: "Вестерботтенск"
 cn_kola: "Кола"
 cn_kola_adj: "Кольск"
 cn_kuola: "Куола"
 cn_kuola_adj: "Куольск"
 cn_ruija: "Руйя"
 cn_ruija_adj: "Руйск"
 cn_leporie: "Лепорие"
 cn_leporie_adj: "Лепорийск"
 #HRE
 cn_lubsko: "Любско"
 cn_lubsko_adj: "Любск"
 cn_zemr: "Жемр"
 #Slovenia
 cn_gorz: "Герц"
 cn_gorz_adj: "Герцск"
 #Sicily
 cn_balarm: "Баларм"
 cn_balarm_adj: "Балармск"
 cn_qasriyana: "Касрияна"
 cn_qasriyana_adj: "Касриянск"
 cn_enna: "Энна"
 cn_enna_adj: "Эннск"
 cn_sarqusa: "Саркуса"
 cn_sarqusa_adj: "Саркусск"
 cn_siqilliya: "Сикиллия"
 cn_siqilliya_adj: "Сикиллийск"
 cn_sezer: "Сезер"
 cn_sezer_adj: "Сезерск"
 cn_nis: "Ниш"
 cn_nis_adj: "Нишск"
 cn_liubice: "Любице"
 cn_liubice_adj: "Любицк"
 cn_curonia: "Курония"
 cn_curonia_adj: "Куронск"
 cn_kurland: "Курляндия"
 cn_kurland_adj: "Курляндск"
 #Semigallia, after much debate
 cn_zemgale: "Земгале"
 cn_ziemgala: "Жемгала"
 cn_semgallen: "Земгаллен"
 #Iberian names for Canary Islands
 cn_tenerife: "Тенерифе"
 cn_canaria: "Гран-Канария"
 cn_fuerteventura: "Фуэртевентура"
 cn_lanzarote: "Лансароте"
 #Guanche collective name for the Canaries (translated from the word people/state)
 cn_guanac: "Аль-Гуанач"
 cn_krain: "Крайн"
 cn_krain_adj: "Крайнск"
 cn_krainburg: "Крайнбург"
 cn_krainburg_adj: "Крайнбургск"
 cn_lower_lorraine: "Нижняя Лотарингия"
 cn_lower_lorraine_adj: "Нижнелотарингск"
 cn_upper_lorraine: "Верхняя Лотарингия"
 cn_upper_lorraine_adj: "Верхнелотарингск"
 cn_sirista: "Сириста"
 cn_candia: "Кандия"
 cn_candia_adj: "Кандийск"
 cn_la_canea: "Канеа"
 cn_kara_khitai: "Каракитаи"
 cn_kara_khitai_adj: "Каракитайск"
 #Crimea
 cn_kerkinitis: "Керкинитида"
 cn_kerkinitis_adj: "Керкинитидск"
 cn_kozlov: "Козлов"
 cn_kozlov_adj: "Козловск"
 cn_scythian_neapolis: "Неаполь Скифский"
 cn_scythian_neapolis_adj: "Скифск"
 cn_taphros: "Тафр"
 cn_taphros_adj: "Тафрск"
 #Azov
 cn_tmutarakan: "Таматарха"
 cn_tmutarakan_adj: "Таматархск"
 cn_labrys: "Лабрис"
 cn_labrys_adj: "Лабрисск"
 cn_azara: "Азара"
 cn_azara_adj: "Азарск"
 cn_pataroue: "Патарва"
 cn_pataroue_adj: "Патарвск"
 cn_paniardis: "Паниардис"
 cn_paniardis_adj: "Паниардисск"
 #Don Valley
 cn_tanais: "Танаис"
 cn_tanais_adj: "Танаисск"
 #Levedia
 cn_scythia: "Скифия"
 cn_scythia_adj: "Скифск"
 cn_southscythia: "Южная Скифия"
 cn_southscythia_adj: "Южноскифск"
 cn_hygreis: "Гигреис"
 cn_hygreis_adj: "Гигреисск"
 cn_oleshia: "Олешье"
 cn_oleshia_adj: "Олешск"
 #Yedisan
 cn_olbia: "Ольвия"
 cn_olbia_adj: "Ольвийск"
 cn_borysthenes: "Борисфен"
 cn_borysthenes_adj: "Борисфенск"
 #Bugeac
 cn_tyras: "Тира"
 cn_tyras_adj: "Тирск"
 cn_aepolium: "Эполий"
 cn_aepolium_adj: "Эполийск"
 #Alania
 cn_gorgippia: "Горгиппия"
 cn_gorgippia_adj: "Горгиппийск"
 cn_torikos: "Торик"
 cn_torikos_adj: "Торикск"
 #Dobrudja
 cn_scythia_minor: "Малая Скифия"
 cn_scythia_minor_adj: "Скифск"
 cn_south_jedisan: "Южный Едисан"
 cn_south_jedysan: "Южный Едисан"
 cn_south_edisan: "Южный Едисан"
 cn_south_borysthenes: "Южный Борисфен"
 cn_bo_ro_: "Бёрё"
 cn_cumania: "Кумания"
 cn_black_cumania: "Чёрная Кумания"
 #Tai
 cn_moeng_lu: "Мэн Люй"
 #Han
 cn_jinglong: "Цзинлун"
 cn_mengla: "Мынла"
 cn_mengling: "Мэнлин"
 cn_menglong: "Мэнлун"
 cn_mengpeng: "Мэнпэн"
 cn_mengyang: "Мэнъян"
 ###Korean
 #baronies
 cn_sanggyeong: "Санкён" #上京 (상경)
 cn_junggyeong: "Чункён" #中京 (중경)
 cn_donggyeong: "Тонкён" #東京 (동경)
 cn_namgyeong: "Намкён" #南京 (남경)
 cn_seogyeong: "Согён" #西京 (서경)
 cn_buyeoseong: "Пуёсон" #扶餘京 (부여경)
 cn_deongnijin: "Тонниджин" #德里鎮 (덕리진)
 cn_haju: "Хаджу" #瑕州 (하주)
 cn_hwaju: "Хваджу" #華州 (화주)
 cn_jeongju: "Чонджу" #定州 (정주)
 cn_anju: "Анджу" #安州 (안주)
 cn_iju: "Иджу" #伊州 (이주)
 cn_okju: "Окчу" #沃州 (옥주)
 #counties+
 cn_jeoju: "Чоджу" #宁州 (저주)
 cn_jeoju_adj: "$cn_jeoju$"
 cn_buyeo: "Пуё" #扶餘 (부여)
 cn_buyeo_adj: "$cn_buyeo$"
 cn_yodong: "Йодун" #遼東 (요동)
 cn_yodong_adj: "$cn_yodong$"
 cn_yongju: "Ёнджу" #龍州 (용주)
 cn_yongju_adj: "$cn_yongju$"
 cn_gyeongju: "Кёнджу" #庆州 (경주)
 cn_gyeongju_adj: "$cn_gyeongju$"
 cn_hyeonju: "Хёнджу" #顯州 (현주)
 cn_hyeonju_adj: "$cn_hyeonju$"
 cn_sinju: "Синджу" #神州 (신주)
 cn_sinju_adj: "$cn_sinju$"
 cn_buju: "Пуджу" #扶州 (부주)
 cn_buju_adj: "$cn_buju$"
 cn_solbin: "Сольбин" #率賓 (솔빈)
 cn_solbin_adj: "$cn_solbin$"
 cn_dalju: "Дальджу" #達州 (달주)
 cn_dalju_adj: "$cn_dalju$"
 cn_anwon: "Анвон" #安遠 (안원)
 cn_anwon_adj: "$cn_anwon$"
 cn_solbin_anwon: "Сольбин-Анвон" #率賓 (솔빈) - 安遠 (안원)
 cn_solbin_anwon_adj: "$cn_solbin_anwon$"
 cn_north_anwon: "Северный Анвон" #安遠 (안원)
 cn_north_anwon_adj: "$cn_north_anwon$"
 cn_anbyeon: "Анбён" #安邊 (안변)
 cn_anbyeon_adj: "$cn_anbyeon$"
 cn_north_anbyeon: "Северный Анбён" #安邊 (안변)
 cn_north_anbyeon_adj: "$cn_north_anbyeon$"
 cn_jeongni: "Чонни" #定理 (정리)
 cn_jeongni_adj: "$cn_jeongni$"
 cn_south_yongwon: "Южный Ёнвон" #龍原 (용원)
 cn_south_yongwon_adj: "$cn_south_yongwon$"
 cn_north_yongwon: "Северный Ёнвон" #龍原 (용원)
 cn_north_yongwon_adj: "$cn_north_yongwon$"
 cn_namhae: "Намхэ" #南海 (남해)
 cn_namhae_adj: "$cn_namhae$"
 cn_east_jangryeong: "Восточный Чанрён" #長嶺 (장령)
 cn_east_jangryeong_adj: "$cn_east_jangryeong$"
 cn_west_jangryeong: "Западный Чанрён" #長嶺 (장령)
 cn_west_jangryeong_adj: "$cn_west_jangryeong$"
 cn_east_amnok: "Восточный Амнок" #鴨綠 (압녹)
 cn_east_amnok_adj: "$cn_east_amnok$"
 cn_west_amnok: "Западный Амнок" #鴨綠 (압녹)
 cn_wast_amnok_adj: "$cn_west_amnok$"
 cn_east_hyeondeok: "Восточный Хёндок" #顯德 (현덕)
 cn_east_hyeondeok_adj: "$cn_east_hyeondeok$"
 cn_west_hyeondeok: "Западный Хёндок" #顯德 (현덕)
 cn_west_hyeondeok_adj: "$cn_west_hyeondeok$"
 cn_amnok_jangryeong: "Амнок-Чанрён" #鴨綠 (압녹)-長嶺 (장령)
 cn_amnok_jangryeong_adj: "$cn_amnok_jangryeong$"
 cn_yongcheon: "Ёнчхон" #龍泉 (용천)
 cn_yongcheon_adj: "$cn_yongcheon$"
 cn_balhae: "Пархэ" #渤海 (발해)
 cn_balhae_adj: "$cn_balhae$"
 cn_west_cheolli: "Западный Чхолли" #鐵利 (철리)
 cn_west_cheolli_adj: "$cn_west_cheolli$"
 cn_yeongju: "Ёнджу" #郢州 (영주)
 cn_yeongju_adj: "$c_BAL_yeongju$"
 cn_dongju: "Тонджу" #銅州 (동주)
 cn_dongju_adj: "$c_BAL_dongju$"
 cn_hoewon: "Хвевон" #懷遠 (회원)
 cn_hoewon_adj: "$cn_hoewon$"
 cn_west_hoewon: "Западный Хвевон" #懷遠 (회원)
 cn_west_hoewon_adj: "$cn_west_hoewon$"
 cn_central_hoewon: "Центральный Хвевон" #懷遠 (회원)
 cn_central_hoewon_adj: "$cn_central_hoewon$"
 cn_east_hoewon: "Восточный Хвевон" #懷遠 (회원)
 cn_east_hoewon_adj: "$cn_east_hoewon$"
 cn_south_hoewon: "Южный Хвевон" #懷遠 (회원)
 cn_south_hoewon_adj: "$cn_south_hoewon$"
 cn_dongpyeong: "Тонпхён" #東平 (동평)
 cn_dongpyeong_adj: "$cn_dongpyeong$"
 cn_cheolli: "Чхолли" #鐵利 (철리)
 cn_cheolli_adj: "$cn_cheolli$"
 cn_jeonghwa: "Чонхва" #鄭颉 (정화)
 cn_jeonghwa_adj: "$cn_jeonghwa$"
 cn_jeongju_2: "Чонджу" #鄭州 (정주)
 cn_jeongju_adj: "$cn_jeongju$"
 cn_jinju: "Чинджу" #陳州 (진주)
 cn_jinju_adj: "$cn_jinju$"
 cn_okjeo: "Окчо" #沃沮 (옥저)
 cn_okjeo_adj: "$cn_okjeo$"
 cn_pungju: "Пунджу" #豐州 (풍주)
 cn_pungju_adj: "$cn_pungju$"
 #Japan
 cn_east_hokkaido: "Восточное Хоккайдо"
 cn_east_hokkaido_adj: "Восточнохоккайдск"
 cn_west_hokkaido: "Западное Хоккайдо"
 cn_west_hokkaido_adj: "Западнохоккайдск"
 cn_matsumae: "Мацумаэ" #松前
 cn_kameda: "Камэда" #亀田
 cn_nishi: "Ниси" #爾志
 cn_kayabe: "Каябэ" #茅部
 cn_otaru: "Отару" #小樽
 cn_setana: "Сэтана"
 cn_abuta: "Абута" #虻田
 cn_yoichi: "Ёити" #余市
 cn_oshima: "Осима" #渡島
 cn_rumoi: "Румои" #留萌
 cn_sorachi: "Сорати" #空知
 cn_shiribeshi: "Сирибэси" #後志
 cn_ishikari: "Исикари" #石狩
 cn_asahikawa: "Асахикава" #旭川
 cn_yufutsu: "Юфуцу" #勇払
 cn_saru: "Сару" #沙流
 cn_shizunai: "Сидзунай" #静内
 cn_muroran: "Муроран" #室蘭
 cn_iburi: "Ибури" #胆振
 cn_kitami: "Китами" #北見
 cn_monbetsu: "Момбэцу" #紋別
 cn_soya: "Соя" #宗谷
 cn_kamikawa: "Камикава" #上川
 cn_teshio: "Тэсио" #天塩
 cn_tokachi: "Токати" #十勝
 cn_hiro_o: "Хироо" #広尾
 cn_obihiro: "Обихиро" #帯広
 cn_kushiro: "Кусиро" #釧路
 cn_abashiri: "Абасири" #網走
 cn_nemuro: "Нэмуро" #根室
 cn_shiretoko: "Сирэтоко" #知床
 cn_shisuka: "Сисука" #敷香
 cn_esutoru: "Эсутору" #恵須取
 cn_keton: "Кэтон" #気屯
 cn_hokobe: "Хокобэ" #鉾部
 cn_chishima: "Тисима" #千島
 cn_kunashiri: "Кунасири" #国後
 cn_etorofu: "Эторофу" #択捉
 cn_honto: "Хонто" #本斗
 cn_kushunnai: "Кусюннай" #久春内
 cn_tsuimu: "Цуйму" #対毛
 cn_otchishi: "Оттиси" #落石
 cn_kusunkotan: "Кусюнкотан" #久春古丹
 cn_okinawa: "Окинава" #沖縄
 cn_okinawa_adj: "Окинавск"
 cn_taga: "Тага" #多賀
 cn_taga_adj: "Тагск"
 cn_dewa: "Дэва" #出羽
 cn_dewa_adj: "Дэвск"
 cn_akita: "Акита" #秋田
 cn_akita_adj: "Акитск"
 cn_mutsu: "Муцу" #陸奥
 cn_mutsu_adj: "Муцуск"
 cn_ryukyu: "Рюкю" #琉球
 cn_ryukyu_adj: "Рюкюск"
 cn_east_oshima: "Восточная Осима" #渡島
 cn_east_oshima_adj: "Восточноосимск"
 cn_west_oshima: "Западная Осима" #渡島
 cn_west_oshima_adj: "Западноосимск"
 cn_ezo: "Эдзо" #蝦夷
 cn_ezo_adj: "Эдзоск"
 cn_kuye: "Куе" #库页
 cn_kuye_adj: "Куеск"
 cn_sahaliyan: "Сахалиян" #萨哈林
 cn_ygh_mif: "Иг-миф"
 cn_ygh_mif_adj: "Иг-мифск"
 cn_sahaliyan_adj: "Сахалиянск"
 cn_karafuto: "Карафуто" #樺太
 cn_karafuto_adj: "Карафутск"
 cn_yankemosir: "Янкэмошир"
 cn_yankemosir_adj: "Янкэмоширск"
 cn_boluo: "Боло" #波羅
 cn_guohuo: "Гохо" #果夥
 cn_nanghaer: "Нанхаэр" #嚢哈儿
 cn_yidui: "Идуй" #伊対
 cn_wulie: "Уле" #兀烈
 cn_shimajiri: "Симадзири" #島尻
 cn_shimajiri_adj: "Симадзирийск"
 cn_nakagami: "Накагами" #中頭
 cn_nakagami_adj: "Накагамийск"
 cn_kunigami: "Кунидзири" #国頭
 cn_kunigami_adj: "Кунидзирийск"
 cn_kunohe: "Кунохэ" #九戸
 cn_kurihara: "Курихара" #栗原
 cn_kita: "Кита" #北
 cn_sannohe: "Саннохэ" #三戸
 cn_ninohe: "Нинохэ" #二戸
 cn_hiyama: "Хияма" #檜山
 cn_yamamoto: "Ямамото" #山本
 cn_ogachi: "Огати" #雄勝
 cn_akumi: "Акуми" #飽海
 cn_haguro: "Хагуро" #羽黒山
 cn_motoyoshi: "Мотоёси" #本吉
 cn_michinoku: "Митиноку" #陸奥
 cn_michinoku_adj: "Митинокуск"
 cn_koma: "Кома" #高麗
 cn_shiragi: "Сираги" #新羅
 cn_kudara: "Кудара" #百済
 #Champa
 cn_champa_indrapura: "Индрапура"
 cn_champa_mahaparvata: "Махапарвата"
 cn_champa_bingi: "Бинги"
 cn_champa_kandarapura: "Кандарапура"
 cn_champa_rajatagopurani: "Раджатагопурани"
 #Khitan
 cn_dan_gur: "Дан-Гур" #東丹
 #Chinese
 cn_bohai: "Бохай" #渤海 (Bóhǎi)
 cn_jiaozhi: "Цзяочжи" #交趾 (Jiāozhǐ)
 cn_jiuzhen: "Цзючжэнь" #九真 (Jiǔzhēn)
 cn_rinan: "Жинань" #日南
 cn_longquan: "Лунцюань" #龍泉
 cn_longzhou: "Лунчжоу" #龍州
 cn_nanhai: "Наньхай" #南海 (Nánhǎi)
 cn_wozhou: "Вочжоу" #沃州
 cn_woju: "Воцзюй" #沃沮 (Wòjǔ)
 cn_qingzhou: "Цинчжоу" #庆州
 cn_xianzhou: "Сяньчжоу" #顯州 (Xiǎnzhōu)
 cn_shenzhou: "Шэньчжоу" #神州
 cn_xiazhou: "Сячжоу" #瑕州
 cn_zhengjie: "Чжэнцзе" #鄭颉
 cn_zhengjie_adj: "$cn_zhengjie$"
 cn_zhengzhou: "Чжэнчжоу" #鄭颉
 cn_zhengzhou_adj: "$cn_zhengzhou$"
 cn_annan: "Аньнань" #安南
 cn_jiaozhou: "Цзяочжоу" #交州
 cn_songping: "Сунпин" #宋平
 cn_longbian: "Лунбянь" #龙编
 cn_taiping: "Тайпин" #太平
 cn_wue: "Уэ" #武峨
 cn_changshang: "Чаншан" #长上
 cn_junzhou: "Цзюньчжоу" #郡州
 cn_junkou: "Цзюнькоу" #郡口
 cn_anle: "Аньлэ" #安乐
 cn_wuan: "Уань" #武安
 cn_sumao: "Сумао" #苏茂
 cn_guihua: "Гуйхуа" #归化
 cn_wenliang: "Вэньлян" #文谅
 cn_guangyuan: "Гуанъюань" #广源
 cn_huanzhou: "Хуаньчжоу" #驩州
 cn_jiude: "Цзюдэ" #九德
 cn_huaihuan: "Хуайхуань" #怀驩
 cn_tanglin: "Танлинь" #唐林
 cn_riluo: "Жило" #日落
 cn_changzhou: "Чанчжоу" #长州
 cn_wenyang: "Вэньян" #文阳
 cn_xupu: "Сюйпу" #胥浦
 cn_changshan: "Чаншань" #长山
 cn_dujin: "Дуцзинь" #都金
 cn_jianing: "Цзянин" #嘉宁
 cn_gantang: "Ганьтан" #甘棠
 #Jurchen
 cn_dazhen: "Дачжэнь" #大真
 #Viet
 cn_linh_nam: "Линьнам" #嶺南
 cn_nam_viet: "Намвьет" #南越
 cn_dong_duong: "Донгзыонг" #同陽 (Đồng Dương)
 cn_do_ban: "До Бан" #阇槃 (Đồ Bàn)
 #Korea
 cn_goryeo: "Корё"
 cn_silla_throne: "Трон Силлы"
 cn_shangjing: "Шанцзин"
 cn_dongjing: "Дунцзин"
 cn_zhongjing: "Чжунцзин"
 cn_xingqing: "Синцин"
 cn_wamo: "Вамо"
 cn_gemen: "Гэмэнь" #閤门
 cn_michuan: "Мичуань" #米川
 cn_juyan: "Цзюйянь" #居延
 cn_tongcheng: "Тунчэн" #同城
