# Geographical regions for Natural Disasters

global_flood_region = {
	regions = {
		### ASIA
		yellow_river_region yangtze_river_region pearl_river_region tigris_river_region irrawaddy_river_region mekong_river_region amur_river_region
		# AFRICA
		nile_river_region niger_river_region
		### EUROPE
		po_river_region rhine_river_region elbe_river_region rhone_river_region garonne_river_region seine_river_region loire_river_region vistula_river_region danube_river_region dniester_river_region dnieper_river_region daugava_river_region lovat_river_region volga_river_region don_river_region guadiana_river_region guadalquivir_river_region
		### INDIA
		ganges_river_region indus_river_region kaveri_river_region godavari_river_region mahanadi_river_region tapti_river_region
	}
}
### ASIA
yellow_river_region = { # Yellow River
	counties = {
		c_binzhou_china c_dizhou_china c_dezhou_wei_china c_bozhou_wei_china c_weizhou_china c_chanzhou_china c_weizhou_ji_china c_huaizhou_zhou_china c_mengzhou_china c_shaanzhou_china c_puzhou_china c_tongzhou_pingyi_china c_tongguan_china c_luoyang_china c_zhengzhou_china c_huazhou_liang_china c_puzhou_liang_china c_yunzhou_liang_china c_jizhou_liang_china c_qizhou_qi_china c_zibo_china c_danzhou_china c_cizhou_hezhong_china
		
	}
}
yangtze_river_region = { # Yangtze River
	counties = {
		c_nantong_china c_hailing_china c_yangzhou_china c_chuzhou_huai_china c_hezhou_huai_china c_luzhou_huai_china c_shuzhou_huai_china c_qichun_china c_huangzhou_china c_hanyang c_fuzhou_chu_china c_jingzhou_chu_china c_jingmen c_xiazhou_chu_china c_lizhou_chu_china c_langzhou_chu_china c_yuezhou_chu_china c_ezhou_china c_jiangzhou_wu_china c_chizhou_china c_taiping c_jiangning c_runzhou_china c_changzhou_china c_suzhou_wu_china
	}
}
pearl_river_region = { # Pearl River
	counties = {
		c_dongguan c_guangzhou_1 c_fengzhou_gui_china c_changwu_china c_guancheng_china c_hengzhou_gui_china c_nanning_china c_jinlongzhou_china c_qinzhou_gui_china c_yulinzhou_china c_xunzhou_gui_china c_tengzhou_gui_china c_duanzhou_china c_xinhui_china
	}
}
tigris_river_region = { # Tigris River
	counties = {
		c_baghdad c_iskaf c_wasit c_batiha c_rusafa c_akhadid c_ubulla c_abbadan c_basra c_tadmor
	}
}
irrawaddy_river_region = { # Irrawaddy River
	counties = {
		c_takon c_myedu c_hanlin c_myinmu c_pakokku c_salin c_minbu c_mindon c_myede c_kanaung c_pantanaw c_myaungmya c_bogale c_dala c_tharrawaddy c_sriksetra c_beikthano c_magwe c_pagan c_maingmaw c_madaya 
	}
}
mekong_river_region = { # Mekong River
	counties = {
		c_prey_rusey c_can_tho c_angkor_borei c_dviradapura c_prey_nokor c_sambhupura c_thala_borivat c_phnom_preah_theat c_tbong_khmum c_kiri_vong c_sadek c_sap c_shrestapura c_pakse c_khemarat
	}
}
amur_river_region = { # Amur River
	counties = {
		c_eman_angun c_eman_nurgan c_eman_kerin c_eman_beihean c_eman_molihewen c_eman_tudali c_eman_choripi c_eman_boli c_eman_murkonno c_eman_hoewon c_bal_dazhou c_eman_hulavanda c_eman_nimen
	}
}
### AFRICA
nile_river_region = { # Nile River
	counties = {
		c_kalabsha c_aswan c_qus c_ikhmin c_asyut c_ushmun c_bahnasa c_cairo c_giza c_sharkiya c_damietta c_al-gharbiya c_manupura c_al-buhaira
	}
}
niger_river_region = { # Niger River
	counties = {
		c_dodugu c_massina c_bindugu c_jenne c_kurmina c_kouga c_tirakka c_upper_gurma c_gao c_ansongo c_oudalan c_kukiya c_bura c_say c_dyamare c_zarma c_dendi c_ilo c_yauri c_nupe c_bussa c_ilorin c_igbomina c_kyadya c_opanda c_igala c_edo c_igbo c_ijaw
	}
}
### EUROPE
po_river_region = { # Po River
	counties = {
		c_ferrara c_bologna c_novellara c_parma c_piacenza c_pavia c_lombardia c_cremona c_mantua c_verona c_polesine c_veneto
	}
}
rhine_river_region = { # Rhine River
	counties = {
		c_zeeland c_breda c_altena c_den_bosch c_nijmegen c_cleves c_cologne c_koblenz c_sayn c_bergh c_dortmund c_zutphen c_arnhem c_holland
	}
}
elbe_river_region = { # Elbe River
	counties = {
		c_stade c_luneburg c_dannenberg c_stendal c_magdeburg c_brandenburg c_havelberg c_schwerin c_ratzeburg c_hamburg c_ditmarschen
	}
}
rhone_river_region = { # Rhone River
	counties = {
	c_lyon c_viennois c_valentinois c_venaissin c_marseille c_montpellier c_uses c_viviers 
	}
}
garonne_river_region = { # Garonne River
	counties = {
		c_toulouse c_armagnac c_marsan c_albret c_bordeaux c_agenais 
	}
}
seine_river_region = { # Seine River
	counties = {
		c_ile_de_france c_beaumont c_vexin c_rouen c_evreux c_dreux
	}
}
loire_river_region = { # Loire River
	counties = {
		c_nantes c_anjou c_saumur c_tourraine
	}
}
vistula_river_region = { # Vistula River
	counties = {
		c_malbork c_torun c_dobrzynska c_plocka c_zakroczymska c_czerska c_stezycka c_radomska c_gostyninska c_kujawy c_berent c_danzig
	}
}
danube_river_region = { # Danube River
	counties = {
		c_poszony c_gyor c_komarom c_esztergom c_visegrad c_hont c_szekesfehervar c_tolna c_bodrog c_baranya c_bacs c_vukovar c_szerem c_keve c_beograd c_branicevo c_krasso c_severin c_vidin c_calafat c_vratsa c_craiova c_nikopolis c_giurgiu c_turnovo c_dorostorum c_calarasi c_constanta c_braila c_galati c_tigheci c_chilia
	}
}
dniester_river_region = { # Dniester River
	counties = {
		c_odessa c_cetatea_alba c_lapusna c_orhei c_ladyzyn c_soroca c_ushytsia c_hotin c_terebovl c_halych c_lviv
	}
}
dnieper_river_region = { # Dnieper River
	counties = {
		c_kherson c_oleshye c_lower_dniepr c_khortytsia c_dnipro c_samar c_hradyzk c_cherkassy c_voin c_kiev c_pereyaslavl c_chornobyl c_chernigov c_babruysk c_roslavl c_orsha c_smolensk c_gnezdovo c_gomel c_vyazma 
	}
}
daugava_river_region = { # Daugava River
	counties = {
		c_vitebsk c_lukoml c_polotsk c_braslau c_jersika c_selpils c_kokenois c_zemigalians c_vidzeme
	}
}
lovat_river_region = { # Lovat River
	counties = {
		c_sebezh c_luki c_rusa c_novgorod c_tikhvin
	}
}
volga_river_region = { # Volga River
	counties = {
		c_valdai c_toropets c_mozhaysk c_tver c_yaroslavl c_suzdal c_vologda c_plyos c_manturovo c_nizhny_novgorod c_murom c_rakcha c_cykma c_lachyk-uba c_yoshkar-ola c_cheboksary c_kazan c_ashli c_bolghar c_karabolam c_samar_VB c_saratov c_jambalar c_sarysyn c_itil c_beksima c_astrakhan c_saqsin
	}
}
don_river_region = { # Don River
	counties = {
		c_voronezh c_karatayak c_oskol c_khopyor c_kazanskaya c_golden_hills c_sarkel c_tana c_azov
	}
}
guadiana_river_region = { # Guadiana River
	counties = {
		c_niebla c_badajoz c_medellin c_merida c_elvas c_moura c_faro
	}
}
guadalquivir_river_region = { # Guadalquivir River
	counties = {
		c_cadiz c_sevilla c_cabra c_andujar c_cordoba 
	}
}
### INDIA
ganges_river_region = { # Ganges River
	counties = {
		c_samatata c_bikrampur c_madhupur c_laksmanavati c_nabadwipa c_gauda c_saptagrama c_tamralipti c_candradvipa c_mudgagiri c_bangaon c_mithila c_magadha c_sasaram c_chunar c_prayaga c_asni c_kanyakubja c_manikpur c_varanasi c_jaunpur c_kusinagara c_pundravardhana c_suvarnagram
	}
}
indus_river_region = { # Indus River
	counties = {
		c_nandana c_bannu c_kafirkot c_karor c_multan c_rajanpur c_uch c_vijnot c_aror c_bhakkar c_siwistan c_mansura c_sonda c_debul c_ranikot c_karur c_dipalpur c_lahur
	}
}
kaveri_river_region = { # Kaveri River
	counties = {
		c_cholamandalam c_uraiyur c_kongu c_tagadur 
	}
}
godavari_river_region = { # Godavari River
	counties = {
		c_mosala c_barasuru c_mahur c_balkonda c_katukuru c_vengipura 
	}
}
mahanadi_river_region = { # Mahanadi River
	counties = {
		c_kataka c_khinjali_mandala c_suvarnapura c_kodalaka_mandala c_viraja 
	}
}
tapti_river_region = { # Tapti River
	counties = {
		c_burhanpur c_thalner c_mandapika c_navasarika 
	}
}

