l_english:
 #No real order to this, sorry
 k_tuscany:0 "Toscana"
 k_tuscany_adj:0 "Toscana"
 k_salerno:0 "Salerno"
 k_salerno_adj:0 "Salerno"
 k_cilician:0 "Cilicia"
 k_cilician_adj:0 "Cilician"
 k_antioch:0 "Antiocheia"
 k_antioch_adj:0 "Antiochian"
 k_oman:0 "Oman"
 k_oman_adj:0 "Omani"
 k_khwarezmia:0 "Khorezm"
 k_caucasus:0 "Alania"
 k_caucasis_adj:0 "Alani"
 k_khazaria:0 "Khazaria"
 k_khazaria_adj:0 "Khazarian"
 k_ellan_vanin:0 "the Isles"
 k_ellan_vanin_adj:0 "Islander"
 k_carinthia:0 "Carinthia"
 k_carinthia_adj:0 "Carinthian"
 k_shirvan:0 "Shirvan"
 k_shirvan_adj:0 "Shirvanian"
 k_kakheti:0 "Kakheti"
 k_kakheti_adj:0 "Kakhetian"
 d_kakheti:0 "Kakheti"
 d_kakheti_adj:0 "Kakhetian"
 d_coimbra:0 "Beira"
 d_ribatejo:0 "Ribatejo"
 d_beja:0 "Alentejo"
 c_setubal:0 "Setúbal"
 c_braga:0 "Braga"
 c_santiago:0 "Trastámara"
 c_lugo:0 "Lugo"
 c_benavente:0 "Zamora"
 c_benavente_adj:0 "Zamoran"
 c_zamora:0 "Toro"
 c_zamora_adj:0 "Toros"
 d_segovia:0 "Segovia"
 c_cuellar:0 "Segovia"
 c_cuellar_adj:0 "Segovian"
 d_urgell:0 "Urgell"
 d_urgell_adj:0 "Urgellian"
 d_catalunya_nova:0 "New Catalonia"
 d_catalunya_nova_adj:0 "Catalonian"
 c_ribagorza:0 "Ribagorza"
 d_teruel:0 "Teruel"
 b_segura:1 "Segura"
 c_almansa:1 "Albacete"
 d_la_mancha:1 "La Mancha"
 c_tell_atlas:1 "Tubunae"
 c_benni_yani:1 "Jijel"
 c_nafusa:1 "Nafusa"
 d_northfezzan:1 "Hamadat"
 c_ajadabiya:1 "Ajdabiya"
 c_manupura:1 "Manuf"
 c_pelusia:1 "Ashmum-Tanah"
 c_ikhmin:1 "Akhmim"
 c_tib:1 "Sus"
 d_ahvaz:0 "Ahvaz"
 c_tadmor:0 "Hilla"
 c_iskaf:0 "Nahrawan"
 c_makran:0 "Tis"
 d_walishtan:0 "Walishtan"
 d_kumis:0 "Qumis"
 c_utik:0 "Ganja"
 c_haband:0 "Dizak"
 c_gardman:0 "Gardman"
 d_georgia:0 "Lori"
 d_georgia_adj:0 "Lorian"
 c_dzoraget:0 "Dzoraget"
 d_suenik:0 "Suenik"
 d_suenik_adj:0 "Suenikian"
 c_persarmenia:0 "Rstunik"
 c_baghk:0 "Baghk"
 d_artsakh:0 "Khachen"
 c_apahunik:0 "Ahlat"
 c_turuberan:0 "Manzikert"
 c_taron:0 "Taron"
 d_taron:0 "Manzikert"
 c_kambechovani:0 "Kambechovani"
 d_hereti:0 "Hereti"
 c_javakheti:0 "Javakheti"
 c_samtskhe:0 "Samtskhe"
 c_imeretia:0 "Imeretia"
 c_jiqeti:0 "Jiket'i"
 d_zichia:0 "Circassia"
 c_artaani:0 "Artaani"
 c_sper:0 "Sper"
 c_karin:0 "Erzincan"
 c_satala:0 "Tephrike"
 d_imeretia:0 "Imeretia"
 d_kartli:0 "Iberia"
 d_dzopk:0 "Dzopk"
 d_melitene:0 "Melitene"
 c_philan:0 "Filan"
 c_don_portage:0 "Terek"
 c_manych:0 "Ugru"
 c_kuban:0 "Kuban"
 d_derbent:0 "Derbent"
 d_cherson:0 "Cherson"
 c_kerch:0 "Cherson"
 c_tana:0 "Taganrog"
 c_manbij:0 "Manbij"
 d_lebanon:0 "Tripoli"
 c_saone:0 "Saone"
 c_sis:0 "Sision"
 c_cilicia:0 "Tarsus"
 c_tall_hamid:0 "Adana"
 c_anamur:0 "Anamur"
 d_seleucia:0 "Seleucia"
 d_elbistan:0 "Lykandos"
 c_pamphylia:0 "Attaleia"
 c_laodikeia:0 "Laodikeia"
 c_archelais:0 "Archelaïs"
 c_neokaisareia:0 "Niksar"
 c_tzamandos:0 "Tzamandos"
 c_zela:0 "Amasia"
 c_helenopontus:0 "Amisos"
 c_gangra:0 "Gangra"
 c_vithynion:0 "Bithyníõn"
 c_dorylaion:0 "Dorylaion"
 c_smyrna:0 "Smyrna"
 c_kyzikos:0 "Kyzikos"
 d_coloneia:0 "Koloneias"
 c_beja:0 "Beja"
 c_moura:0 "Mertola"
 c_elvas:0 "Évora"
 c_tui:0 "Santiago"
 c_amaya:0 "Palencia"
 c_fraga:0 "Huesca"
 c_traianopolis:0 "Traianopolis"
 c_arcadia:0 "Arkadia"
 c_hum:0 "Hum"
 c_gacka:0 "Modruš"
 c_modrus:0 "Okic"
 d_realusora:0 "Usora"
 d_krk:0 "Krk"
 d_sandomierz:0 "Sandomierz"
 d_lubusz:0 "Lubusz"
 d_grodno:0 "Podlachia"
 d_trakai:0 "Trakai"
 c_angerburg:0 "Suvalkija"
 c_grodno:0 "Lida"
 c_bandava:0 "Bandava"
 c_toreida:0 "Toreida"
 c_west_dvina:0 "Rezekne"
 d_zemigalia:0 "Semigallia"
 d_lettigale:0 "Jersika"
 d_osel_wiek:0 "Ösel–Wiek"
 c_koporje:0 "Koporje"
 d_pskov:0 "Pskov"
 c_lepiel:0 "Lahoysk"
 c_gomel:0 "Gomel"
 c_rilsk:0 "Rilsk"
 c_mstislavl:0 "Mstislavl"
 c_vyazma:0 "Rzhev"
 d_novgorod-seversk:0 "Severia"
 d_toropec:0 "Toropets"
 c_pronsk:0 "Pronsk"
 c_tula:0 "Kolomna"
 c_gorodez:0 "Gorodets"
 c_rostov:0 "Rostov"
 c_lyubim:0 "Kostroma"
 c_uglich:0 "Uglich"
 d_tver:0 "Tver"
 d_moskva:0 "Moskva"
 d_rostov:0 "Rostov"
 d_opolye:0 "Suzdal"
 d_vologda:0 "Onsthia"
 c_richmond:0 "Richmond"
 c_rutland:0 "Rutland"
 d_bedford:0 "Middle Anglia"
 d_essex:0 "Essex"
 d_fivebouroughs:0 "Lincoln"
 d_aberdeen:0 "Aberdeen"
 d_sutherland:0 "Sutherland"
 d_hebrides:0 "Inner Hebrides"
 d_western_isles:0 "Hebrides"
 d_strathclyde:0 "Strathclyde"
 c_kildare:0 "Kildare"
 c_cork:0 "Cork"
 c_brega:0 "Brega"
 c_sunmore:0 "Sunnmœri"
 c_porhoet:0 "Porhoët"
 c_ventadour:0 "Ventadour"
 c_auvergne:0 "Carlat"
 c_clermont_sur_allier:0 "Auvergne"
 c_chateaudun:0 "Chateaudun"
 c_chalons:0 "Reims"
 c_reims:0 "Vertus"
 c_dreux:0 "Dreux"
 c_beaumont:0 "French Vexin"
 c_vexin:0 "Norman Vexin"
 c_artois:0 "Artois"
 d_armagnac:0 "Pyrenees"
 d_languedoc:0 "Septimania"
 d_dauphine:0 "Dauphine"
 d_gevaudan:0 "Gévaudan"
 d_limousin:0 "Lemosin"
 d_nevers:0 "Nevers"
 d_blois:0 "Blois"
 d_alencon:0 "Alençon"
 d_archreims:0 "Reims"
 d_artois:0 "Artois"
 c_marseille:0 "Marseille"
 c_graisivaudan:0 "Graisvaudan"
 c_chablais:0 "Chablais"
 c_montbeliard:0 "Montbéliard"
 c_vesoul:0 "Vesoul"
 c_valenciennes:0 "Valenciennes"
 c_bouillon:0 "Chiny"
 b_coudeberg:0 "Coudeberg"
 c_brussel:0 "Brussels"
 c_limburg:0 "Limburg"
 c_vianden:0 "Vianden"
 d_hainaut:0 "Hainaut"
 d_bouillon:0 "Bouillon"
 c_laroche:0 "La Roche"
 d_limburg:0 "Limburg"
 d_trier:0 "Trier"
 c_salm:0 "Salm"
 b_vielsalm:0 "Vielsalm"
 b_stablo:0 "Stablo"
 c_waldeck:0 "Ziegenhain"
 c_bentheim:0 "Bentheim"
 b_laar:0 "Laar"
 c_minden:0 "Hoya"
 c_schaumburg:0 "Schauenburg"
 c_hildesheim:0 "Everstein"
 b_eutin:0 "Eutin"
 c_kiel:0 "Kiel"
 c_ratzeburg:0 "Ratzeburg"
 b_lauenburg:0 "Lauenburg"
 c_schwerin:0 "Schwerin"
 b_crivitz:0 "Crivitz"
 b_sternberg:0 "Sternberg"
 c_stendal:0 "Altmark"
 c_brene:0 "Brehna"
 d_lauenburg:0 "Sachsen-Lauenburg"
 d_wagria:0 "Wagrien"
 d_anhalt:0 "Wittenberg"
 k_schwaben:0 "Swabia"
 k_east_francia:0 "Franconia"
 c_caceres:0 "Alcantara"
 c_linz:0 "Traungau"
 c_eschenlohe:0 "Andechs"
 b_innsbruck:0 "Tirol"
 c_innsbruck:0 "Tyrol"
 c_regensburg:0 "Abensberg"
 c_frontenhausen:0 "Ortenburg"
 c_eichstadt:0 "Hirschberg"
 c_parsberg:0 "Sulzbach"
 d_salzburg:0 "Salzburg"
 c_falkenstein:0 "Kraiburg"
 c_ansbach:0 "Truhendingen"
 b_uffenheim:0 "Hochlach"
 c_durne:0 "Wertheim"
 c_wiltberg:0 "Henneberg"
 b_eisenach:0 "Wartburg"
 c_schmalkalden:0 "Thuringia"
 c_orlamunde:0 "Weimar"
 b_orlamunde:0 "Weimar"
 c_lobdaburg:0 "Schwarzburg"
 c_marburg:0 "Gleiberg"
 b_wetzlar:0 "Gleiberg"
 c_frankfurt:0 "Hanau"
 b_diez:0 "Nassau"
 c_katzenelnbogen:0 "Katzenelbogen"
 c_speyer:0 "Palatinate"
 c_worms:0 "Leiningen"
 c_kaiserslautern:0 "Sponheim"
 b_kreusnach:0 "Sponheim"
 c_zweibrucken:0 "Zweibrücken"
 d_mainz:0 "Mainz"
 d_pfalz:0 "Pfalzgrafschaft bei Rhein"
 d_west_franconia:0 "Rheinfranken"
 d_east_franconia:0 "Ostfranken"
 d_nuremberg:0 "Nürnberg"
 c_burgau:0 "Schelklingen"
 c_ravensburg:0 "Waldurg"
 c_alpsee:0 "Montfort"
 c_grisons:0 "Chur"
 b_aargau:0 "Aargau"
 c_basel:0 "Basel"
 c_zurich:0 "Schwyz"
 b_kyburg:0 "Kyburg"
 c_nellenburg:0 "Nellenburg"
 c_grunningen:0 "Teck"
 b_stauffen:0 "Stauffen"
 b_esslingen:0 "Esslingen"
 c_vaihingen:0 "Hohenstaufen"
 c_ulm:0 "Helfenstein"
 c_nordlingen:0 "Öettingen"
 b_oettingen:0 "Öettingen"
 b_nagold:0 "Nagold"
 b_geroldseck:0 "Schwarzach"
 b_eberstein:0 "Eberstein"
 c_calw:0 "Calw"
 c_strassburg:0 "Nordgau"
 b_selestat:0 "Andlau"
 d_currezia:0 "Raetia"
 c_sankt_gallen:0 "Thurgau"
 d_baden:0 "Baden"
 d_teck:0 "Teck"
 b_freiburg:0 "Zähringen"
 b_lausanne:0 "Vaud"
 c_vaud:0 "Vaud"
 b_orbe:0 "Orbe"
 b_aubonne:0 "Aubonne"
 b_solothurn:0 "Solothurn"
 b_fribourg:0 "Fribourg"
 c_neufchateau:0 "Vaudemont"
 c_nancy:0 "Blamont"
 b_blamont:0 "Blamont"
 c_dagsburg:0 "Dagsburg"
 b_dagsburg:0 "Dagsburg"
 b_fenis:0 "Fénis"
 b_verres:0 "Verrès"
 c_canavese:0 "Susa"
 b_susapied:0 "Susa"
 b_racconigi:0 "Racconigi"
 c_cuneo:0 "Saluzzo"
 b_rapallo:0 "Rapallo"
 c_savona:0 "Savona"
 c_monaco:0 "Monaco"
 b_finale:0 "Finale Ligure"
 b_castellodellalucertola:0 "Castello della Lucertola"
 b_fortunago:0 "Fortunago"
 b_bobbio:0 "Bobbio"
 c_tortona:0 "Bobbio"
 c_sepiro:0 "Seprio"
 b_gallarate:0 "Castel Seprio"
 b_arona:0 "Arona"
 c_como:0 "Valassina"
 b_locarno:0 "Lecco"
 b_lecco:0 "Locarno"
 b_sondrio:0 "Sondrio"
 b_trezzo:0 "Trezzo"
 b_parabiago:0 "Parabiago"
 b_soncino:0 "Soncino"
 b_treviglio:0 "Treviglio"
 b_albino:0 "Albino"
 c_bergamo:0 "Bergamo"
 b_sirmione:0 "Sirmione"
 b_salo:0 "Salò"
 c_piacenza:0 "Piacenza"
 c_novellara:0 "Novellara"
 b_novellara:0 "Novellara"
 b_gonzaga:0 "Gonzaga"
 b_redondesco:0 "Redondesco"
 c_reggionellemilia:0 "Emilia"
 b_sarzana:0 "Sarzana"
 b_carrara:0 "Carrara"
 b_altopascio:0 "Altopascio"
 c_guidi:0 "Prato"
 b_casentino:0 "Castello dei Conti Guidi"
 b_brolio:0 "Castello di Brolio"
 c_volterra:0 "Volterra"
 c_piombino:0 "Santa Fiora"
 b_pisano:0 "Montecastelli Pisano"
 b_monteregio:0 "Castello di Monteregio"
 b_arcidosso:0 "Arcidosso"
 b_fiesole:0 "Fiesole"
 b_carrpad:0 "Castello Carrarese"
 c_bassano:0 "Vicenza"
 b_bassano:0 "Bassano del Grappa"
 b_schio:0 "Schio"
 b_martellago:0 "Martellago"
 b_concordia:0 "Concordia"
 b_este:0 "Este"
 c_polesine:0 "Este"
 c_rimini:0 "Rimini"
 b_lugoItaly:0 "Lugio"
 b_cervia:0 "Cervia"
 b_montefeltro:0 "Carpegna"
 c_montefeltro:0 "Montefeltro"
 b_sanmarino:0 "San Marino"
 b_caminate:0 "Rocca Delle Caminate"
 b_gradara:0 "Gradara"
 c_camerino:0 "Camerino"
 b_iesi:0 "Iesi"
 b_recanati:0 "Recanati"
 b_tolentino:0 "Tolentino"
 b_calascio:0 "Calascio"
 c_tivoli:0 "Tusculum"
 b_tusculum:0 "Tusculum"
 c_nerola:0 "Sabina"
 b_nerola:0 "Nerola"
 b_arce:0 "Arce"
 b_albano:0 "Albano Laziale"
 c_agrigento:0 "Butera"
 b_butera:0 "Butera"
 c_trapani:0 "Aderno"
 b_aderno:0 "Aderno"
 b_paternosicily:0 "Paterno"
 c_messina:0 "Paterno"
 b_geraci:0 "Geraci"
 c_geraci:0 "Geraci"
 c_reggio_calabria:0 "Gerace"
 b_gerace:0 "Gerace"
 c_rossano:0 "Catanzaro"
 b_severina:0 "Severina"
 c_cosenza:0 "Tarsia"
 c_marsico:0 "Marsicovetere"
 b_marsico:0 "Marsico"
 c_camarda:0 "Gravina"
 b_camarda:0 "Roseto"
 c_taranto:0 "Taranto"
 c_bari:0 "Conversano"
 c_apulia:0 "Melfi"
 c_andria:0 "Andria"
 c_foggia:0 "Monte Sant'Angelo"
 c_loritello:0 "Loritello"
 c_amalfi:0 "Amalfi"
 c_fondi:0 "Fondi"
 c_aquino:0 "Aquino"
 b_lecce:0 "Lecce"
 b_gallipoli_puglia:0 "Puglia"
 b_nardo:0 "Nardo"
 b_conversano:0 "Conversano"
 b_monopoli:0 "Monopoli"
 b_andria:0 "Andria"
 b_lucera:0 "Lucera"
 b_monte_sant_angelo:0 "Monte Sant'Angelo"
 b_sant_severo:0 "San Severo"
 b_vico:0 "Vico"
 b_manopello:0 "Manopello"
 c_lanciano:0 "Manopello"
 c_marsi:0 "Marsica"
 b_albe:0 "Albe"
 b_avezzano:0 "Avezzano"
 b_penne_aprutio:0 "Penne"
 b_aquino:0 "Aquino"
 b_pontecorvo:0 "Pontecorvo"
 b_aversa:0 "Aversa"
 b_nola:0 "Nola"
 c_capua:0 "Aversa"
 b_accera:0 "Accera"
 b_pozzuoli:0 "Pozzuoli"
 b_ischia:0 "Ischia"
 c_napoli:0 "Accera"
 b_sorrento:0 "Sorrento"
 b_nocera:0 "Nocera"
 b_eboli:0 "Eboli"
 b_capaccio:0 "Capaccio"
 c_molise:0 "Molise"
 b_molise:0 "Molise"
 b_campobasso:0 "Campobasso"
 c_alife:0 "Alife"
 b_avellino:0 "Avellino"
 b_buonalbergo:0 "Buonalbergo"
 b_gesualdo:0 "Gesualdo"
 b_montemarono:0 "Montemarono"
 d_savona:0 "Savona"
 d_piedmonte:0 "Susa"
 d_lombardia:0 "Milan"
 d_monferrato:0 "Montferrat"
 d_mantua:0 "Mantua"
 d_emilia:0 "Modenia and Reggio"
 d_parma:0 "Parma"
 d_lucca:0 "Lucca"
 d_romagna:0 "Ravenna"
 d_toscana:0 "Florence"
 d_siena:0 "Siena"
 d_tarent:0 "Taranto"
 d_bari:0 "Bari"
 d_atri:0 "Atri"
 d_gaeta:0 "Gaeta"
 d_napoli:0 "Naples"
 d_urbino:0 "Urbino"
 b_arun:0 "Arundel"
 c_thomar:0 "Tomar"
 c_trancoso:0 "Trancoso"
 c_leiria:0 "Leiria"
 c_acampse:0 "Rize"
 b_archabis:0 "Atina"
 b_hamamashen:0 "Hamamashen"
 b_tzanikha:0 "Argyropolis"
 b_tavira:0 "Tavira"
 b_salvaterra:0 "Salvaterra"
 b_alenquer:0 "Alenquer"
 b_sintra:0 "Sintra"
 b_tomar:0 "Tomar"
 b_cantanhede:0 "Cantanhede"
 b_guarda:0 "Guarda"
 c_alava:0 "Alava"
 c_logrono:0 "Logroño"
 c_rosello:0 "Rosello"
 c_empuries:0 "Empuries"
 b_guernica:0 "Guernica"
 b_santa_cruz_de_campezo:0 "Santa Cruz de Campezo"
 b_eibar:0 "Eibar"
 b_leyre:0 "Leyre"
 b_haro:0 "Haro"
 b_elna:0 "Elna"
 b_roses:0 "Castelló d'Empúries"
 b_torroellademontgri:0 "Torroella de Montgrí"
 b_loredo:0 "Cabrera"
 b_olot:0 "Besalu"
 b_celano:0 "Celano"
 b_llivia:0 "Llívia"
 c_pallars:0 "Pallars"
 b_pallars:0 "Pallars Jussa"
 c_sobrarbe:0 "Sobrarbe"
 b_benabarre:0 "Benabarre"
 b_boltanya:0 "Boltaña"
 b_saissac:0 "Saissac"
 b_chateaudetermes:0 "Château de Termes"
 b_minerve:0 "Minerva"
 b_cruzy:0 "Crusi"
 c_pomoravlje:0 "Pomoravlje"
 c_saintpol:0 "Saint-Pol"
 b_saintpol:0 "Saint-Pol"
 c_ponthieu:0 "Ponthieu"
 b_crotoy:0 "Crotoy"
 b_forges:0 "Forges"
 b_abbayedemortemer:0 "Abbaye de Mortemer"
 c_mortain:0 "Mortain"
 b_domfront:0 "Domfront"
 b_percy:0 "Perci"
 b_granville:0 "Rogue de Lihou"
 c_coustance:0 "Cherbourg"
 b_saintlo:0 "Saint-Lô"
 b_guines:0 "Guines"
 b_aire:0 "Thérouanne"
 b_bethune:0 "Bethune"
 b_arras:0 "Arras"
 c_gent:0 "Ghent"
 b_roeselare:0 "Sint-Baafs"
 b_beveren:0 "Bevern"
 b_aardenburg:0 "Aardenburg"
 b_torhout:0 "Torhout"
 b_etaples:0 "Étaples"
 d_channel_islands:0 "Channel Islands"
 c_jersey:0 "Channel Islands"
 b_st_peter_port:0 "St. Peter Port"
 b_gorey:0 "Gorey"
 c_gwyr:0 "Gwyr"
 b_loughor:0 "Loughor"
 c_inner_hebrides:0 "Bute"
 c_kintyre:0 "Kintyre"
 b_saddell:0 "Saddell"
 b_kinlochkilkerran:0 "Kinlochkilkerran"
 b_arran:0 "Kingarth"
 b_aileach_bod:0 "Aileach"
 c_ile:0 "Islay"
 b_islay:0 "Finlaggan"
 b_colonsay:0 "Colonsay"
 c_muile:0 "Mull"
 b_mull:0 "Duart"
 b_iona:0 "Iona"
 c_outer_hebrides:0 "Skye"
 b_skye:0 "Dunvegan"
 b_trotternish:0 "Trotternish"
 b_baghnahuamh:0 "Rum"
 c_leodhas:0 "Lewis"
 c_uibhist:0 "Uist"
 b_lewis:0 "Carloway"
 b_st_moluag:0 "St. Moluag"
 b_the_uists:0 "Bornais"
 b_cille_pheadair:0 "Cille Pheadair"
 c_mesembria:0 "Karvuna"
 c_thracemess:0 "Mesembria"
 c_burgas:0 "Sozopol"
 c_ainos:0 "Ainos"
 c_brysis:0 "Arkadiopolis"
 c_selymbria:0 "Selymbria"
 b_madytos:0 "Madytos"
 b_malgara:0 "Malgara"
 b_tzouroulos:0 "Tzouroulos"
 b_agathopolis:0 "Agathopolis"
 b_pomorie:0 "Anchialos"
 b_debelt:0 "Debelt"
 b_matochina:0 "Vukelu"
 b_hagiasophia:0 "Hagia Sophia"
 b_oropos:0 "Oropioi"
 c_theodosia:0 "Theodosia"
 c_korchev:0 "Bosporus"
 b_kimmerikon:0 "Kimmerikon"
 b_sukdak:0 "Sougdaia"
 b_alouston:0 "Alouston"
 b_mangup:0 "Phoros"
 b_yamboli:0 "Yamboli"
 b_yalta:0 "Gialita"
 b_batacrim:0 "Bata"
 b_kraslava:0 "Krāslava"
 b_drysa:0 "Druya"
 c_asmena:0 "Asmena"
 c_utena:0 "Utena"
 b_tauragnai:0 "Tauragnai"
 b_svencionys:0 "Švenčionys"
 b_lepiel:0 "Lepiel"
 b_dzisna:0 "Dzisna"
 c_zaslawye:0 "Izjaslavl'"
 b_beaumont_sur_leze:0 "Beaumont-de-Lomagne"
 b_fesensac:0 "Lectoure"
 b_lomagne:0 "Auvillar"
 b_pardiac:0 "Auch"
 b_capcir:0 "Capcir"
 b_castellnou:0 "Castelnou"
 b_asmena:0 "Ašmena"
 b_alsenai:0 "Alšėnai"
 b_iuje:0 "Yvija"
 c_deltuva:0 "Deltuva"
 b_vilkmerge:0 "Ukmergė"
 b_deltuva:0 "Deltuva"
 b_giedraiciai:0 "Giedraičiai"
 b_medininkai:0 "Medininkai"
 b_salcininkai:0 "Šalčininkai"
 b_astryna:0 "Astryna"
 b_druskieniki:0 "Druskininkai"
 b_valozhyn:0 "Vałožyn"
 b_mir:0 "Mir"
 b_budslau:0 "Budslau"
 b_bobruisk:0 "Bobruisk"
 c_ascalon:0 "Ascalon"
 c_ghazza:0 "Deir al-Balah"
 c_hebron:0 "Hebron"
 c_caesarea:0 "Caesarea"
 c_beersheb:0 "Nablus"
 c_tyrus:0 "Sidon"
 c_gibelet:0 "Byblos"
 b_gibeletcastle:0 "Château de Gibelet"
 c_tortosa:0 "Tartus"
 b_bethgibelin:0 "Beth Gibelin"
 b_darom:0 "Darom"
 b_ibelin:0 "Ibelin"
 b_qula:0 "Qula"
 b_lydda:0 "Lidde"
 b_caymont:0 "Caymont"
 b_bethsan:0 "Bethsan"
 b_jericho:0 "Jericho"
 b_towerdavid:0 "Tour de David"
 b_bethlehem:0 "Bethlehem"
 b_belfort:0 "Belfort"
 b_castellumregis:0 "Castellum Regis"
 b_beitkfeya:0 "Bhersaf"
 b_gatroun:0 "Botron"
 b_amioun:0 "Amioun"
 b_baniyassyria:0 "Baniyas"
 b_saone:0 "Saône"
 d_palestine:0 "Jerusalem"
 d_ascalon:0 "Jaffa and Ascalon"
 d_acre:0 "Acre"
 b_fondi:0 "Fondi"
 c_limisol:0 "Limisol"
 b_stavrovouni:0 "Stavrovouni"
 b_kantara:0 "Kantara"
 b_salamiscyprus:0 "Salamis"
 b_zikh:0 "Zikh"
 c_racha:0 "Racha"
 b_lentekhi:0 "Lenetekhi"
 b_ambrolauri:0 "Ghebi"
 b_martvili:0 "Martvili"
 b_gudakva:0 "Ilori"
 b_bukistsikhe:0 "Bukistsikhe"
 b_skhalta:0 "Skhalta"
 b_ozurgeti:0 "Ozurgeti"
 b_petra:0 "Arkabi"
 b_artvini:0 "Artvini"
 b_parekhi:0 "Parekhi"
 b_khakhuli:0 "Khakhuli"
 b_kola:0 "Kola"
 b_akhalkalaki:0 "Akhalkalaki"
 b_khertvisi:0 "Khertvisi"
 b_kldekari:0 "Kldekari"
 b_zarzma:0 "Zarzma"
 b_odzrakhe:0 "Odzrakhe"
 b_atskuri:0 "Atskuri"
 b_tori:0 "Tori"
 b_kvara:0 "Geguti"
 b_tsikhegoji:0 "Tsikhegoji"
 b_nektesi:0 "Shatili"
 c_tusheti:0 "Tusheti"
 b_keselo:0 "Keselo"
 b_sioni:0 "Sioni"
 b_davidgareja:0 "Davit Gareja"
 b_bodbe:0 "Bodbe Monastery"
 b_nukhpata:0 "Shaki"
 b_kaghankatuyk:0 "Kaghankatuyk"
 c_maskat:0 "Maskat"
 b_shabaran:0 "Šabaran"
 b_shikhlar:0 "Shikhlar"
 b_parnes:0 "Hat'erk"
 b_khachen:0 "Khachen"
 b_vararakn:0 "Vararakn"
 b_amaras:0 "Amaras"
 b_baghaberd:0 "Baghaberd"
 b_vanevank:0 "Vanevank"
 b_hrasekaberd:0 "Hrasekaberd"
 b_jermuk:0 "Jermuk"
 b_tatev:0 "Tatev"
 b_artashat:0 "Artashat"
 b_gardman:0 "Parisos"
 b_mahkanaberd:0 "Mahkanaberd"
 b_haghbat:0 "Haghpat"
 c_ani:0 "Ani"
 b_geghardavank:0 "Geghard"
 b_bjni:0 "Bjni"
 b_ashtarak:0 "Ashtarak"
 b_amberd:0 "Amberd"
 b_dlim:0 "Marmashen"
 b_erazgewors:0 "Yerazgavors"
 b_tekor:0 "Tekor"
 b_sevuki:0 "Kaghzvan"
 b_bitlis:0 "Baghesh"
 b_mardali:0 "Phasiane"
 b_martyropolis:0 "Citharizion"
 c_dzopk:0 "Dzopk"
 b_varto:0 "Surb Karapet"
 b_qulb:0 "Sason"
 b_derzene:0 "Derzene"
 b_bingol:0 "Bingöl"
 b_varzahan:0 "Varzahan"
 b_camacha:0 "Kamacha"
 b_tralleis:0 "Tralleis"
 b_magnesia:0 "Magnesia"
 b_erythrai:0 "Erythrai"
 d_vercelli_republic:0 "Vercelli Republic"
 d_vercelli_republic_adj:0 "Republican"
 d_vicenza_republic:0 "Republic of Vicenza"
 d_vicenza_republic_adj:0 "Republican"
 d_verona_republic:0 "Verona Republic"
 d_verona_republic_adj:0 "Republican"
 d_padova_republic:0 "Podova Republic"
 d_padova_republic_adj:0 "Republican"
 d_ferrara_republic:0 "Republic of Ferrara"
 d_ferrara_republic_adj:0 "Republican"
 d_mantua_republic:0 "Republic of Mantua"
 d_mantua_republic_adj:0 "Republican"
 d_brescia_republic:0 "Brescia Republic"
 d_brescia_republic_adj:0 "Republican"
 d_bergamo_republic:0 "Bergamo Republic"
 d_bergamo_republic_adj:0 "Republican"
 d_milano_republic:0 "Milano Republic"
 d_milano_republic_adj:0 "Republican"
 d_pavia_republic:0 "Pavia Republic"
 d_pavia_republic_adj:0 "Republican"
 d_modena_republic:0 "Modena Republic"
 d_modena_republic_adj:0 "Republican"
 d_reggio_republic:0 "Reggio Republic"
 d_reggio_republic_adj:0 "Republican"
 d_parma_republic:0 "Parma Republic"
 d_parma_republic_adj:0 "Republican"
 d_piacenza_republic:0 "Piacenza Republic"
 d_piacenza_republic_adj:0 "Republican"
 d_cremona_republic:0 "Cremona Republic"
 d_cremona_republic_adj:0 "Republican"
 d_asti_republic:0 "Asti Republic"
 d_asti_republic_adj:0 "Republican"
 d_firenze_republic:0 "Republic of Florence"
 d_firenze_republic_adj:0 "Florentine"
 d_lucca_republic:0 "Republic of Lucca"
 d_lucca_republic_adj:0 "Luccan"
 d_arezzo_republic:0 "Republic of Arezzo"
 d_arezzo_republic_adj:0 "Arezzo"
 d_siena_republic:0 "Republic of Siena"
 d_siena_republic_adj:0 "Sienese"
 k_iberia:0 "Kartli"
 k_iberia_adj:0 "Kartlian"
 k_tuscan_league:0 "Tuscan League"
 k_tuscan_league_adj:0 "Tuscan"
 k_lombard_league:0 "Lombard League"
 k_lombard_league_adj:0 "Lombardian"
 d_norman_apulia:0 "Apulia"
 d_norman_apulia_adj:0 "Apulian"
 d_venosa:0 "Venosa"
 d_venosa_adj:0 "Venosan"
 d_saluzzo:0 "Saluzzo"
 d_saluzzo_adj:0 "Saluzzan"
 k_mauretania:0 "Anbiya"
 k_mauretania_adj:0 "Anbiyan"
 d_najera:0 "Nájera"
 d_najera_adj:0 "Nájeran"
 b_joinville:0 "Brienne"
 c_hampton:0 "Winchester"
 k_east_anglia:0 "East Anglia"
 k_east_anglia_adj:0 "Anglian"
 k_mercia:0 "Mercia"
 k_mercia_adj:0 "Mercian"
 k_northumberland:0 "Northumbria"
 k_northumberland_adj:0 "Northumbrian"
 c_west_riding:0 "York"
 c_west_riding_adj:0 "York"
 k_wessex:0 "Wessex"
 k_wessex_adj:0 "Wessex"
 d_morgannwg:0 "Glamorgan"
 k_strathclyde:0 "Ystrad Clut"
 k_strathclyde_adj:0 "Ystrad Clut"
 
 d_curonian:0 "Curonians"
 d_curonian_adj:0 "Curonian"
 d_selonians:0 "Selonians"
 d_selonians_adj:0 "Selonian"
 d_talavians:0 "Talavians"
 d_talavians_adj:0 "Talavian"
 d_lettigalians:0 "Lettigalians"
 d_lettigalians_adj:0 "Lettigalian"
 d_zemigalians:0 "Zemigalians"
 d_zemigalians_adj:0 "Zemigalian"
 d_deltuvians:0 "Deltuvians"
 d_deltuvians_adj:0 "Deltuvian"
 d_yatviags:0 "Yatviags"
 d_yatviags_adj:0 "Yatvian"
 d_pruthenians:0 "Pruthenians"
 d_pruthenians_adj:0 "Pruthenian"
 d_goliadj:0 "Galindians"
 d_goliadj_adj:0 "Galindian"
 d_warmians:0 "Warmians"
 d_warmians_adj:0 "Warmian"
 d_pomesanians:0 "Pomesanians"
 d_pomesanians_adj:0 "Pomesanian"
 d_sasnians:0 "Sasnians"
 d_sasnians_adj:0 "Sasnian"
 d_pogesanians:0 "Pogesanians"
 d_pogesanians_adj:0 "Pogesanian"
 d_bartians:0 "Bartians"
 d_bartians_adj:0 "Bartian"
 d_nadruvians:0 "Nadruvians"
 d_nadruvians_adj:0 "Nadruvian"
 d_scalovians:0 "Scalovians"
 d_scalovians_adj:0 "Scalovian"
 d_sambians:0 "Sambians"
 d_sambians_adj:0 "Sambian"
 k_oborites:0 "Oborites"
 k_oborites_adj:0 "Oboritian"
 k_pommeranians:0 "Pomeranians"
 k_pommeranians_adj:0 "Pomerania"
 k_lutici:0 "Luticians"
 k_lutici_adj:0 "Luticians"
 k_sorbs:0 "Sorbians"
 k_sorbs_adj:0 "Sorbi"
 d_lutici:0 "Luticians"
 d_lutici_adj:0 "Luticians"
 d_hevelli:0 "Hevelli"
 d_hevelli_adj:0 "Hevellians"
 d_sprevani:0 "Sprevani"
 d_sprevani_adj:0 "Sprevanians"
 d_doxani:0 "Doxani"
 d_doxani_adj:0 "Doxanian"
 d_lunkini:0 "Lunkini"
 d_lunkini_adj:0 "Lunkinian"
 d_circipanes:0 "Circipanes"
 d_circipanes_adj:0 "Circipanes"
 d_kessians:0 "Kessians"
 d_kessians_adj:0 "Kessian"
 d_readrians:0 "Ratarians"
 d_readrians_adj:0 "Ratarian"
 d_tollensians:0 "Tollensians"
 d_tollensians_adj:0 "Tollensian"
 d_rani:0 "Rani"
 d_rani_adj:0 "Rani"
 d_veleti:0 "Veletians"
 d_veleti_adj:0 "Veletian"
 d_wolinians:0 "Wolinians"
 d_wolinians_adj:0 "Wolinian"
 d_oborites:0 "Oborites"
 d_oborites_adj:0 "Oboritian"
 d_wagrians:0 "Wagrians"
 d_wagrians_adj:0 "Wagrian"
 d_drevani:0 "Drevanians"
 d_drevani_adj:0 "Drevanian"
 d_travnjane:0 "Trawnjanians"
 d_travnjane_adj:0 "Trawnjanian"
 d_warnabi:0 "Warnabians"
 d_warnabi_adj:0 "Warnabian"
 d_pommeranians:0 "Pomeranians"
 d_pommeranians_adj:0 "Pomeranian"
 d_prissani:0 "Prissanians"
 d_prissani_adj:0 "Prissanian"
 d_slovinici:0 "Slovinians"
 d_slovinici_adj:0 "Slovinian"
 d_kashubians:0 "Kashubians"
 d_kashubians_adj:0 "Kashubian"
 d_sorbs:0 "Sorbians"
 d_sorbs_adj:0 "Sorbian"
 d_chutizi:0 "Chutizians"
 d_chutizi_adj:0 "Chutizian"
 d_leubuzzi:0 "Leubuzzians"
 d_leubuzzi_adj:0 "Leubuzzian"
 d_glomacze:0 "Glomacians"
 d_glomacze_adj:0 "Glomacian"
 d_lusatians:0 "Lusatians"
 d_lusatians_adj:0 "Lusatian"
 d_nizzi:0 "Nizzians"
 d_nizzi_adj:0 "Nizzian"
 d_milceni:0 "Milcenians"
 d_milceni_adj:0 "Milcenian"
 d_nudzici:0 "Nudzicians"
 d_nudzici_adj:0 "Nudzician"
 d_nisan:0 "Nisanians"
 d_nisan_adj:0 "Nisanian"
 d_coledizi:0 "Coledizians"
 d_coledizi_adj:0 "Coledizian"
 d_lendians:0 "Lendians"
 d_lendians_adj:0 "Lendian"
 d_bohemians:0 "Bohemians"
 d_bohemians_adj:0 "Bohemian"
 k_qangli:0 "Qangilar"
 k_qangli_adj:0 "Kankali"
 k_qangar:0 "Qangilar"
 k_qangar_adj:0 "Kankalis"
 k_caspian_steppe:0 "Uzes"
 k_caspian_steppe_adj:0 "Uz"
 k_qipchaq:0 "Qipchaqlar"
 k_qipchaq_adj:0 "Kipchak"
 k_cumania:0 "Kumanlar"
 k_cumania_adj:0 "Cuman"
 d_swabia:0 "Swabia"
 d_swabia_adj:0 "Swabian"
 d_bavaria:0 "Bavaria"
 d_bavaria_adj:0 "Bavarian"
 d_saxony:0 "Saxony"
 d_saxony_adj:0 "Saxon"
 d_franconia:0 "Franconia"
 d_franconia_adj:0 "Franconian"
 c_scalovia:0 "Nadruvia"
 c_memel:0 "Scalovia"
 d_estonia:0 "Estonians"
 d_estonia_adj:0 "Estonian"
 d_ugandians:0 "Ungannians"
 d_ugandians_adj:0 "Ungannian"
 d_oseelians:0 "Oselians"
 d_oseelians_adj:0 "Oselian"
 d_rotalians:0 "Rotalians"
 d_rotalians_adj:0 "Rotalian"
 d_vironians:0 "Vironians"
 d_vironians_adj:0 "Vironian"
 d_sakalians:0 "Saklians"
 d_sakalians_adj:0 "Sakalian"
 d_vanemas:0 "Vanemians"
 d_vanemas_adj:0 "Vanemian"
 k_ireland_titular:0 "Tara"
 k_ireland_titular_adj:0 "Tara"
 k_geats:0 "Götaland"
 k_geats_adj:0 "Geatish"
 d_bornholm:0 "Bornholm"
 d_bornholm_adj:0 "Bornholm"
 d_trondelag:0 "Tröndelag"
 d_trondelag_adj:0 "Trønder"
 d_trondelag:0 "Møre og Romsdal"
 d_trondelag_adj:0 "Møring"
 d_votes:0 "Votes"
 d_votes_adj:0 "Votian"
 d_ingrians:0 "Izhorians"
 d_ingrians_adj:0 "Izhorian"
 d_maris:0 "Vice Mari"
 d_maris_adj:0 "Mari"
 d_maris_vetluga:0 "Merä"
 d_maris_vetluga_adj:0 "Meryan"
 d_meryas:0 "Meryas"
 d_meryas_adj:0 "Meryan"
 d_livgians:0 "Olonets Karelians"
 d_livgians_adj:0 "Olonets"
 d_karelians:0 "Karelians"
 d_karelians_adj:0 "Karelian"
 d_horse_karelians:0 "Horse Karelians"
 d_horse_karelians_adj:0 "Karelian"
 d_mordvins_erza:0 "Erzya"
 d_mordvins_erza_adj:0 "Erzyan"
 d_mordvins:0 "Mokshas"
 d_mordvins_adj:0 "Mokshan"
 d_burtas:0 "Burtas"
 d_burtas_adj:0 "Burtas"
 d_muromians:0 "Muromians"
 d_muromians_adj:0 "Muromian"
 d_yaroslavl:0 "Yaroslavl"
 d_yaroslavl_adj:0 "Yaroslavl"
 d_vyatichi:0 "Vyatichi"
 d_vyatichi_adj:0 "Vyatichi"
 d_bjarmians:0 "Bjarmians"
 d_bjarmians_adj:0 "Bjarmian"
 d_toimians:0 "Toimians"
 d_toimians_adj:0 "Toimian"
 d_chudes:0 "Chudes"
 d_chudes_adj:0 "Chud"
 d_lyydians:0 "Ludes"
 d_lyydians_adj:0 "Ludian"
 d_drevlyans:0 "Drevlyans"
 d_drevlyans_adj:0 "Drevlyan"
 d_ulichs:0 "Ulichs"
 d_ulichs_adj:0 "Ulich"
 d_volhynians:0 "Volhynians"
 d_volhynians_adj:0 "Volhynian"
 d_buzhans:0 "Buzhans"
 d_buzhans_adj:0 "Buzhan"
 d_tivertsi:0 "Tivertsi"
 d_tivertsi_adj:0 "Tivertsi"
 d_meshcheras:0 "Meshcheras"
 d_meshcheras_adj:0 "Meshchera"
 d_kryvians:0 "Krivichs"
 d_kryvians_adj:0 "Krivich"
 d_severians:0 "Severians"
 d_severians_adj:0 "Severian"
 d_dregovichi:0 "Dregovichi"
 d_dregovichi_adj:0 "Dregovich"
 d_radimichi:0 "Radimichi"
 d_radimichi_adj:0 "Radimich"
 d_polyane:0 "Polani"
 d_polyane_adj:0 "Polans"
 d_kylfings:0 "Kylfings"
 d_kylfings_adj:0 "Kylfing"
 d_kvens:0 "Kvens"
 d_kvens_adj:0 "Kven"
 d_kvens_birkarls:0 "Birkarls"
 d_kvens_birkarls_adj:0 "Birkarl"
 d_satakunta:0 "Satakuntas"
 d_satakunta_adj:0 "Satakunta"
 d_tavasts:0 "Tavastians"
 d_tavasts_adj:0 "Tavastian"
 d_suomi_finns:0 "Finns"
 d_suomi_finns_adj:0 "Finnish"
 d_savonians:0 "Savonians"
 d_savonians_adj:0 "Savonian"
 d_sami:0 "Kola Sámi"
 d_sami_adj:0 "Lappish"
 c_onega:0 "Kola"
 c_kemi:0 "Kvenland"
 c_vasterbotten:0 "Norrland"
 c_biton:0 "Árjepluovve"
 c_ubmejeiednuo:0 "Storuman"
 d_tersami:0 "Ter Sámi"
 d_tersami_adj:0 "Lappish"
 d_skoltsami:0 "Skolts"
 d_skoltsami_adj:0 "Skoltish"
 d_brodniks:0 "Brodnici"
 d_brodniks_adj:0 "Brodniks"
 d_bolohoveni:0 "Bolokhoveni"
 d_bolohoveni_adj:0 "Bolokhoveni"
 d_yawdi_ertim:0 "Yawdi Ertim"
 d_yawdi_ertim_adj:0 "Pecheneg"
 d_kuerchi_chur:0 "Küerchi Chür"
 d_kuerchi_chur_adj:0 "Pecheneg"
 d_qabuqsin_yula:0 "Qabuqsin Yula"
 d_qabuqsin_yula_adj:0 "Pecheneg"
 d_suru_kulbej:0 "Suru Külbej"
 d_suru_kulbej_adj:0 "Pecheneg"
 d_qara_bay:0 "Qara Bay"
 d_qara_bay_adj:0 "Pecheneg"
 d_boru_tolmach:0 "Boru Tolmach"
 d_boru_tolmach_adj:0 "Pecheneg"
 d_yazi_qapan:0 "Yazi Qapan"
 d_yazi_qapan_adj:0 "Pecheneg"
 d_bula_chopan:0 "Bula Chopan"
 d_bula_chopan_adj:0 "Pecheneg"
 d_qipchaq:0 "Qipchaq"
 d_qipchaq_adj:0 "Cuman"
 d_ay_opa:0 "Ay-opa"
 d_ay_opa_adj:0 "Cuman"
 d_dorut:0 "Dörüt"
 d_dorut_adj:0 "Cuman"
 d_terteroba:0 "Terteroba"
 d_terteroba_adj:0 "Cuman"
 d_toqsoba:0 "Toqsoba"
 d_toqsoba_adj:0 "Cuman"
 d_yimek:0 "Yimek"
 d_yimek_adj:0 "Cuman"
 d_enchogli:0 "Ençogli"
 d_enchogli_adj:0 "Cuman"
 d_olberlig:0 "Ölberli"
 d_olberlig_adj:0 "Cuman"
 d_targil:0 "Targil"
 d_targil_adj:0 "Cuman"
 d_qongurogli:0 "Bekrüti"
 d_qongurogli_adj:0 "Cuman"
 d_oren:0 "Ören"
 d_oren_adj:0 "Cuman"
 d_qor:0 "Qor"
 d_qor_adj:0 "Cuman"
 d_burchali:0 "Burçali"
 d_burchali_adj:0 "Cuman"
 d_chortan:0 "Çortan"
 d_chortan_adj:0 "Cuman"
 d_ulasgoli:0 "Ulashogli"
 d_ulasgoli_adj:0 "Cuman"
 d_urusoba:0 "Urus-oba"
 d_urusoba_adj:0 "Cuman"
 d_bayawut:0 "Bayawut"
 d_bayawut_adj:0 "Cuman"
 d_chaghraq:0 "Çaghraq"
 d_chaghraq_adj:0 "Cuman"
 d_baruq:0 "Baruq"
 d_baruq_adj:0 "Cuman"
 d_badach:0 "Badaç"
 d_badach_adj:0 "Cuman"
 d_khavars:0 "Khavars"
 d_khavars_adj:0 "Khavar"
 k_duklja:0 "Duklja"
 k_duklja_adj:0 "Dukljan"
 d_pagania:0 "Narentines"
 d_pagania_adj:0 "Paganian"
 c_nicopolis:0 "Nicopolis"
 d_karasi:0 "Qarasi"
 d_karasi_adj:0 "Qarasi"
 d_rhodos:0 "Rhodos"
 d_rhodos_adj:0 "Rhodian"
 d_mentese:0 "Mentese"
 d_mentese_adj:0 "Mentese"
 k_hellas:0 "Morea"
 k_hellas_adj:0 "Morean"
 d_lower_lorraine:0 "Lower Lorraine"
 d_lower_lorraine_adj:0 "Lower Lorrainian"
 d_bavaria:0 "Bavaria"
 d_bavaria_adj:0 "Bavarian"
 d_franconia:0 "Franconia"
 d_franconia_adj:0 "Franconian"
 d_koln:0 "Cologne"
 d_koln_adj:0 "Colognian"
 d_niederbayern:0 "Lower Bavaria"
 d_niederbayern_adj:0 "Lower Bavarian"
 d_tubingen:0 "Tübingen"
 d_tubingen_adj:0 "Tübingen"
 k_lower_lorraine:0 "Lower Lorraine"
 k_lower_lorraine_adj:0 "Lower Lorrainian"
 k_upper_lorraine:0 "Upper Lorraine"
 k_upper_lorraine_adj:0 "Upper Lorrainian"
 d_lyon:0 "Lyon"
 d_lyon_adj:0 "Lyonnaise"
 d_oberbayern:0 "Upper Bavaria"
 d_oberbayern_adj:0 "Upper Bavarian"
 d_augsburg:0 "Burgau"
 d_augsburg_adj:0 "Burgau"
 c_galatia:0 "Ankyra"
 c_realgalatia:0 "Galatia"
 d_bremen:0 "Bremen"
 d_bremen_adj:0 "Bremian"
 d_saxon_ostmark:0 "Saxon Ostmark"
 d_saxon_ostmark_adj:0 "Ostmark"
 d_magdeburg:0 "Magdeburg"
 d_magdeburg_adj:0 "Magdeburg"
 d_sala:0 "Chellah"
 d_sala_adj:0 "Chellah"
 d_barghawata:0 "Tamasna"
 d_barghawata_adj:0 "Tamasna"
 d_lamta:0 "Lemta"
 d_lamta_adj:0 "Lemta"
 d_lamta_east:0 "Lemta"
 d_lamta_east_adj:0 "Lemta"
 d_gazzula:0 "Gazzula"
 d_gazzula_adj:0 "Gazzula"
 e_egypt:0 "Egypt"
 e_egypt_adj:0 "Egyptian"
 d_mazata:0 "Mazáta"
 d_mazata_adj:0 "Mazáta"
 d_musab:0 "Mozabites"
 d_musab_adj:0 "Mozabite"
 k_tiaret:0 "Tiáret"
 k_tiaret_adj:0 "Tiáret"
 d_hilal:0 "Banu Hilál"
 d_hilal_adj:0 "Banu Hilál"
 d_zughba:0 "Banu Zughba"
 d_zughba_adj:0 "Banu Zughba"
 d_lawata:0 "Laguatan"
 d_lawata_adj:0 "Laguatan"
 d_masila:0 "Masila"
 d_masila_adj:0 "Masila"
 d_dakhila:0 "Dakhla"
 d_dakhila_adj:0 "Dakhlan"
 d_kanz:0 "Banu Kanz"
 d_kanz_adj:0 "Banu Kanz"
 d_massufa:0 "Massufa"
 d_massufa_adj:0 "Massufa"
 k_semien:0 "Semien"
 k_semien_adj:0 "Semien"
 k_shewa:0 "Shewa"
 k_shewa_adj:0 "Shewa"
 d_badi:0 "Badi"
 d_badi_adj:0 "Badi"
 k_dahlaks:0 "Dahlak"
 k_dahlaks_adj:0 "Dahlak"
 k_alodia:0 "Alodia"
 k_alodia_adj:0 "Alodian"
 k_makuria:0 "Makuria"
 k_makuria_adj:0 "Makurian"
 k_nri:0 "Nri"
 k_nri_adj:0 "Nri"
 k_daju:0 "Daju"
 k_daju_adj:0 "Daju"
 k_songhay:0 "Gao"
 k_songhay_adj:0 "Gao"
 k_nubia:0 "Makuria"
 k_nubia_adj:0 "Makurian"
 d_zaydi:0 "Zaydi"
 d_zaydi_adj:0 "Zaydi"
 d_sharif_medina:0 "Medina"
 d_sharif_medina_adj:0 "Medina"
 d_sharif_mecca:0 "Mecca"
 d_sharif_mecca_adj:0 "Mecca"
 d_amiralarab:0 "Arabs"
 d_amiralarab_adj:0 "Arab"
 d_sadah:0 "Sa‘dah"
 d_sadah_adj:0 "Sa‘dah"
 k_armenia_minor:0 "Lesser Armenia"
 k_armenia_minor_adj:0 "Armenian"
 d_khawarij:0 "Kharijites"
 d_khawarij_adj:0 "Kharijite"
 k_kerman:0 "Kerman"
 k_kerman_adj:0 "Kerman"
 d_baloch:0 "Balochs"
 d_baloch_adj:0 "Baloch"
 d_kufichi:0 "Qufs"
 d_kufichi_adj:0 "Quf"
 d_ghor:0 "Ghor"
 d_ghor_adj:0 "Ghor"
 d_zunbil:0 "Rutbils"
 d_zunbil_adj:0 "Rutbil"
 d_shabankara:0 "Shabankara"
 d_shabankara_adj:0 "Shabankara"
 d_uzes:0 "Uzes"
 d_uzes_adj:0 "Uz"
 d_tekule:0 "Döger"
 d_tekule_adj:0 "Döger"
 d_oghuz:0 "Oghuz"
 d_oghuz_adj:0 "Oghuz"
 d_ghuzz:0 "Oghuz"
 d_ghuzz_adj:0 "Oghuz"
 d_guzgan:0 "Guzgan"
 d_guzgan_adj:0 "Guzgan"
 d_qarluq:0 "Karluks"
 d_qarluq_adj:0 "Karluk"
 d_yaghma:0 "Yagma"
 d_yaghma_adj:0 "Yagma"
 d_chigil:0 "Chigil"
 d_chigil_adj:0 "Chigil"
 d_basmils:0 "Basmyls"
 d_basmils_adj:0 "Basmyl"
 d_tukhsi:0 "Tukhsi"
 d_tukhsi_adj:0 "Tukhsi"
 c_rukhaj:0 "Arachosia"
 d_racha:0 "Racha"
 d_racha_adj:0 "Racha"
 d_tao:0 "Tayk"
 d_tao_adj:0 "Tayk"
 d_eretnid:0 "Eretna"
 d_eretnid_adj:0 "Eretnid"
 k_vaspurakan:0 "Vaspurakan"
 k_vaspurakan_adj:0 "Vaspurakan"
 d_vanand:0 "Vanand"
 d_vanand_adj:0 "Vanandian"
 d_meshketi:0 "Meskheti"
 d_meshketi_adj:0 "Meskhetian"
 k_imereti:0 "Imereti"
 k_imereti_adj:0 "Imeretian"
 k_abkhazia:0 "Abkhazia"
 k_abkhazia_adj:0 "Abkhazian"
 d_mingrelia:0 "Samegrelo"
 d_mingrelia_adj:0 "Samegrelian"
 d_tiflis:0 "Tbilisi"
 d_tiflis_adj:0 "Tbilisi"
 c_paphlagonia:0 "Amasra"
 c_paphlagonia_adj:0 "Amasra"
 c_pompeiopolis:0 "Paphlagonia"
 c_pompeiopolis_adj:0 "Paphlagonian"
 d_ahi:0 "Ahis"
 d_ahi_adj:0 "Ahi"
 d_germiyan:0 "Germiyan"
 d_germiyan_adj:0 "Germiyan"
 d_saruhan:0 "Saruhan"
 d_saruhan_adj:0 "Sarukhanid"
 d_aydin:0 "Aydin"
 d_aydin_adj:0 "Aydinid"
 d_hamid:0 "Hamid"
 d_hamid_adj:0 "Hamidid"
 d_candar:0 "Isfendiyar"
 d_candar_adj:0 "Isfendiyarid"
 d_karaman:0 "Karaman"
 d_karaman_adj:0 "Karamanid"
 d_tekke:0 "Teke"
 d_tekke_adj:0 "Teke"
 d_paulicians:0 "Paulicians"
 d_paulicians_adj:0 "Paulician"
 d_osmanli:0 "Ottomans"
 d_osmanli_adj:0 "Ottoman"
 d_tmutarakan:0 "Tmutarakan"
 d_tmutarakan_adj:0 "Gazaria"
 k_uzes:0 "Uzes"
 k_uzes_adj:0 "Uz"
 c_osnabruck:0 "Ravensberg"
 k_ruthenia:0 "Kiev"
 k_ruthenia_adj:0 "Kievan"
 e_russia:0 "Rus’"
 e_russia_adj:0 "Russian"
 d_kimek:0 "Kimek"
 d_kimek_adj:0 "Kimek"
 d_khirgiz:0 "Kirghiz"
 d_khirgiz_adj:0 "Kirghiz"
 d_uighurs:0 "Uyghurs"
 d_uighurs_adj:0 "Uyghur"
 d_qirghiz:0 "Qirghiz"
 d_qirghiz_adj:0 "Qirghiz"
 d_trigarta:0 "Trigarta"
 d_trigarta_adj:0 "Trigartan"
 k_tsongkha:0 "Qingtang"
 k_tsongkha_adj:0 "Qingtang"
 k_liao:0 "Liao"
 k_liao_adj:0 "Khitan"
 d_khereid:0 "Khereid"
 d_khereid_adj:0 "Keraites"
 d_tatars:0 "Tatar"
 d_tatars_adj:0 "Tatar"
 d_khamag:0 "Khamag"
 d_khamag_adj:0 "Khamag"
 d_mergid:0 "Mergid"
 d_mergid_adj:0 "Mergid"
 d_bayad:0 "Bayad"
 d_bayad_adj:0 "Bayad"
 d_oirat:0 "Oirad"
 d_oirat_adj:0 "Oirad"
 d_tumed:0 "Tumed"
 d_tumed_adj:0 "Tumed"
 d_barga:0 "Barga"
 d_barga_adj:0 "Barga"
 d_tannus:0 "Tuva"
 d_tannus_adj:0 "Tuvans"
 d_naiman:0 "Naiman"
 d_naiman_adj:0 "Naimans"
 d_yenisei:0 "Yenisei Kyrgyz"
 d_yenisei_adj:0 "Kyrgyz"
 k_volga_bulgaria:0 "Idil Bulgarlar"
 e_none:0 ""
 k_pechenegs:0 "Beçeneklar"
 k_pechenegs_adj:0 "Beçenek"
 d_galloway:0 "Galloway"
 d_galloway_adj:0 "Gallowayan"
 k_teutonic_state:0 "Teutonic State"
 k_teutonic_state_adj:0 "Teutons"
 e_yuan:0 "Great Yuan"
 e_yuan_adj:0 "Mongolian"
 k_hammadid:0 "Hammadid"
 k_hammadid_adj:0 "Hammadidi"
 k_zenata:0 "Zenata"
 k_zenata_adj:0 "Zenata"
 c_turin:0 "Ivrea"
 b_alaghaila:0 "El Agheila"
 e_wendish_empire:0 "Wendish Empire"
 e_wendish_empire_adj:0 "Wends"
 e_baltic_empire:0 "Baltic Empire"
 e_baltic_empire_adj:0 "Baltic"
 b_ablanque:0 "Ablanque"
 b_reolid:0 "Reolid"
 b_tarazona:0 "Tudela"
 b_tudela:0 "Tarazona"
 b_idanha:0 "Idanha-a-Nova"
 b_medoc:0 "Lesparre-Médoc"
 b_murviedro:0 "Sagunto"
 b_le_puy:0 "La Chaise-Dieu"
 b_velay:0 "Le Puy"
 b_montlaur:0 "Ales"
 b_tours:0 "Touraine"
 b_tourraine:0 "Tours"
 b_aube:0 "Saint-Florentin"
 b_romigny:0 "Château-Porcien"
 b_rais:0 "Rezé"
 b_cornouailles:0 "Carhaix"
 b_stoke_on_trent:0 "Stoke-on-Trent"
 b_newark:0 "Newark-on-Trent"
 b_castletown:0 "Castletown"
 b_caernarfon:0 "Caernarfon"
 b_athlone:0 "Birr"
 b_birr:0 "Athlone"
    



 
 
 










 








