l_polish:
 world_europe_west_britannia: "Brytania"
 world_europe_west_germania: "Germania"
 world_europe_west_francia: "Państwo Frankijskie"
 world_europe_west_iberia: "Iberia"
 world_europe_west: "Europa Zachodnia"
 world_europe_north: "Europa Północna"
 world_europe_south_east: "Europa Południowo-Wschodnia"
 world_europe_south_italy: "Italia"
 world_europe_south: "Europa Południowa"
 world_europe_east: "Europa Wschodnia"
 world_asia_minor: "Azja Mniejsza"
 world_middle_east_jerusalem: "Syria"
 world_middle_east_arabia: "Arabia"
 world_middle_east_persia: "Persja"
 world_india_deccan: "Dekan (Indie)"
 world_india_bengal: "Bengal (Indie)"
 world_india_rajastan: "Radżastan"
 world_persian_empire: "Starożytna Persja"
 world_africa_north: "Afryka Północna"
 world_africa_west: "Afryka Zachodnia"
 world_africa_east: "Afryka Wschodnia"
 world_africa: "Afryka"
 world_africa_sahara: "Sahara"
 world_steppe_tarim: "Kotlina Kaszgarska"
 world_steppe_west: "Step zachodni"
 world_steppe_east: "Step wschodni"
 world_central_asia: "Azja Środkowa"
 world_steppe: "Step"
 world_europe: "Europa"
 world_middle_east: "Bliski Wschód"
 world_burma: "Birma"
 world_tibet: "Tybet"
 world_india: "Indie"
 world_himalaya: "Himalaje"
 world_innovation_elephants: "Indie lub Azja Południowo-Wschodnia"
 world_innovation_camels: "Bliski Wschód, Persja lub Afryka Północna"
 western: "Zachód"
 mena: "Północna Afryka i Bliski Wschód"
 custom_eastern_baltic: "Wschodni Bałtyk"
 custom_frisia: "Fryzja"
 custom_netherlands: "Niderlandy"
 custom_england: "Anglia"
 custom_wales: "Walia"
 custom_castilian: "Kastylia"
 custom_aragonese: "Aragonia"
 custom_catalan: "Katalonia"
 custom_andalusian: "Andaluzja"
 custom_portuguese: "Portugalia"
 custom_asturleonese: "Asturia"
 custom_swedish: "Szwecja"
 custom_danish: "Dania"
 custom_norwegian: "Norwegia"
 custom_scotland: "Szkocja"
 custom_burgundy: "Burgundia"
 world_persia: "Persja"
 world_khorasan: "Chorasan"
 world_daylam: "Dajlam"
 world_transoxiana: "Transoksania"
 world_makran: "Mekran"
 world_baluchistan: "Beludżystan"
 world_kabulistan: "Kabulistan"
 world_khiva: "Chiwa"
 world_mesopotamia: "Mezopotamia"
 world_jazira: "Dżazira"
 custom_roman_empire: "Centrum Rzymu"
 custom_roman_syria_palestina: "Syria-Palestyna"
 custom_roman_aegyptus: "Egipt"
 custom_roman_cyrenaica: "Cyrenajka"
 custom_roman_africa: "Rzymska Afryka"
 custom_roman_illyricum: "Iliria"
 custom_roman_hispania: "Hiszpania"
 custom_roman_mauretania: "Mauretania"
 custom_roman_mesopotamia: "Mezopotamia"
 custom_roman_caledonia: "Kaledonia"
 custom_roman_hibernia: "Hibernia"
 custom_roman_full_borders: "Cesarstwo Rzymskie"
 custom_eastern_roman_empire: "Cesarstwo Wschodniorzymskie"
 custom_outremer: "Outremer"
 custom_latvia: "Liwonia"
 custom_lotharingia: "Lotaryngia"
 custom_bavaria: "Bawaria"
 custom_germany: "Niemcy"
 custom_northern_italy: "Północne Włochy"
 custom_navarra: "Nawarra"
 custom_sicily: "Sycylia"
 custom_ganges_plain: "Nizina Gangeska"
 custom_bactria: "Baktria"
 custom_south_francia: "Południowe Państwo Frankijskie"
 custom_hungary: "Węgry"
 custom_carpathia: "Karpatia"
 custom_europe_western_germany: "Zachodnie Niemcy"
 custom_europe_eastern_germany: "Wschodnie Niemcy"
 custom_northern_england: "Północna Anglia"
 custom_southern_england: "Południowa Anglia"
 custom_slavia: "Sławia"
 custom_west_slavia: "Zachodnia Sławia"
 custom_south_slavia: "Południowa Sławia"
 custom_greater_armenia: "byłe imperium armeńskie"
 custom_viet_lands: "Ziemie wietnamskie"
 custom_ireland: "Irlandia"
 custom_sahara_proper: "Sahara"
 custom_sahel_proper: "Sahel"
 custom_sub_saharan_africa_immediate: "Afryka Subsaharyjska"
 custom_carolingian_francia: "Karolińska Francja"
 custom_carolingian_iberia: "Karolińska Iberia"
 custom_carolingian_germany: "Karolińskie Niemcy"
 custom_core_switzerland: "Stara Szwajcaria"
 custom_core_austria: "Austria"
 custom_stretch_austria: "Południowa Bawaria"
 custom_fennoscandia: "Fennoskandia"
 custom_polabia: "Łużyce"
 ghw_region_britannia: "Wyspy Brytyjskie"
 ghw_region_germany: "Niemcy"
 ghw_region_anatolia: "Anatolia"
 ghw_region_egypt_et_al: "Egipt"
 israel_region: "Izrael"
 troy_region: "Troja"
 #FP1
 dlc_fp1_region_core_north_sea: "Centralne ziemie Morza Północnego"
 dlc_fp1_region_core_mainland_scandinavia: "Kontynentalna Skandynawia"
 dlc_fp1_region_non_scandinavian_southern_baltic: "Południowe i wschodnie wybrzeże Bałtyku"
 dlc_fp1_achievement_far_from_home: "Wyspy na Oceanie Indyjskim"
 dlc_fp1_achievement_king_of_all_the_isles: "Wyspy na Atlantyku i Morzu Śródziemnym"
 dlc_fp1_achievement_vladimirs_second_choice: "Ruś"
 #FP2
 dlc_fp2_old_vasconia: "Stara Baskonia"
 dlc_fp2_old_vasconia_pushed: "Stara Baskonia"
 dlc_fp2_dlc_fp2_caucasian_iberia: "Iberia Kaukaska"
 #FP3
 dlc_fp3_eastern_persian_frontier_regions: "Wschodnia Rubież"
 dlc_fp3_greater_persian_frontier_regions: "Wielka Rubież Perska"
 #EP1
 dlc_ep1_achievement_rise_of_the_ghurids: "Historyczne Imperium Ghurydów"
 #Seazones
 sea_atlantic_ocean: "Ocean Atlantycki"
 sea_north_atlantic: "Północny Ocean Atlantycki"
 sea_baltic_sea: "Morze Bałtyckie"
 #sea_north_sea: "the North Sea" Entry in map_items_l_english
 #sea_english_channel: "the English Channel" Entry in map_items_l_english
 sea_irish_sea: "Morze Irlandzkie"
 sea_bay_of_biscay: "Zatoka Biskajska"
 sea_macaronesia: "Makaronezja"
 sea_mediterranean_sea: "Morze Śródziemne"
 sea_western_mediterranean_sea: "Zachodnie Morze Śródziemne"
 sea_ionian_sea: "Morze Jońskie"
 #sea_adriatic_sea: "the Adriatic Sea" Entry in map_items_l_english
 sea_aegean_sea: "Morze Egejskie"
 sea_black_sea: "Morze Czarne"
 sea_south_atlantic: "Południowy Ocean Atlantycki"
 sea_gulf_of_guinea: "Zatoka Gwinejska"
 sea_indian_ocean: "Ocean Indyjski"
 sea_bay_of_somalia: "Zatoka Somalijska"
 #sea_red_sea: "the Red Sea" Entry in map_items_l_english
 sea_gulf_of_aden: "Zatoka Adeńska"
 #sea_persian_gulf: "the Persian Gulf" Entry in map_items_l_english
 #sea_arabian_sea: "the Arabian Sea" Entry in map_items_l_english
 #sea_bay_of_bengal: "the Bay of Bengal" Entry in map_items_l_english
 sea_inland_steppe_seas: "Morza Aralsko-Kaspijskie"
 sea_caspian_sea: "Morze Kaspijskie"
 sea_aral_sea: "Morze Aralskie"
 #EP3
 custom_theodosian_ere: "Teodozjańskie Cesarstwo Wschodnie"
 #MPO
 custom_eastern_balkans: "Wschodnie Bałkany"
 ghw_region_northern_russia: "Północna Rosja"
 ghw_region_southern_russia: "Południowa Rosja"
 ghw_region_poland: "Polska"
 ghw_region_baltic: "Bałtyk"
 dlc_mpo_steppe_caucasus_expansion: "Kaukaz"
 dlc_mpo_steppe_persia_expansion: "Persja"
 dlc_mpo_steppe_siberia_further_expansion: "Północna Syberia"
 #TGP
 dlc_tgp_great_wall_shanhai: "Wielki Mur Shanhai"
 dlc_tgp_great_wall_liaodong: "Wielki Mur Liaodong"
 dlc_tgp_grand_canal_region: "Wielki Kanał"
 dlc_tgp_grand_canal_1_region: "Wielki Kanał Południowy"
 dlc_tgp_grand_canal_2_region: "Wielki Kanał Południowo-Środkowy"
 dlc_tgp_grand_canal_3_region: "Wielki Kanał Północno-Środkowy"
 dlc_tgp_grand_canal_4_region: "Wielki Kanał Północny"
 world_asia_sakhalin_hokkaido: "Sachalin-Hokkaido"
 world_asia_japan: "Japonia"
 world_asia_north_east: "Azja Północno-Wschodnia"
 world_asia_korea: "Korea"
 world_asia_southeast: "Azja Południowo-Wschodnia"
 world_asia_southeast_mainland: "Indochiny"
 world_asia_southeast_islands: "Morska Azja Południowo-Wschodnia"
 world_asia_philippines: "Lusung i Kabisay-An"
 world_asia_borneo: "Borneo"
 world_asia_sulawesi_maluku: "Celebes i Moluki"
 world_asia_indonesia: "Malayadvipa i Yavakadvipa"
 world_asia_china: "Chiny"
 world_asia: "Azja Wschodnia"
 world_asia_east: "Azja Wschodnia"
